ticker,day,close
NVDA,0,120.0000
NVDA,1,121.1269
NVDA,2,121.4400
NVDA,3,120.0595
NVDA,4,119.7572
NVDA,5,122.1710
NVDA,6,116.5623
NVDA,7,113.6440
NVDA,8,109.9342
NVDA,9,105.9636
NVDA,10,108.5950
NVDA,11,105.5644
NVDA,12,107.5586
NVDA,13,105.1829
NVDA,14,105.6469
NVDA,15,105.2535
NVDA,16,109.3007
NVDA,17,108.1966
NVDA,18,102.1602
NVDA,19,103.8041
NVDA,20,101.3954
NVDA,21,98.9763
NVDA,22,104.0211
NVDA,23,105.4957
NVDA,24,103.3115
NVDA,25,102.5321
NVDA,26,107.7540
NVDA,27,113.2951
NVDA,28,119.3805
NVDA,29,117.2138
NVDA,30,112.1543
NVDA,31,111.7496
NVDA,32,114.5783
NVDA,33,109.5713
NVDA,34,112.0374
NVDA,35,105.9581
NVDA,36,106.3106
NVDA,37,105.9914
NVDA,38,105.0410
NVDA,39,108.3719
NVDA,40,111.9027
NVDA,41,112.6925
NVDA,42,111.8611
NVDA,43,102.9178
NVDA,44,104.9606
NVDA,45,105.8068
NVDA,46,100.9391
NVDA,47,101.8630
NVDA,48,104.5699
NVDA,49,108.6838
NVDA,50,109.4893
NVDA,51,111.1795
NVDA,52,106.8575
NVDA,53,108.3711
NVDA,54,107.8657
NVDA,55,108.4464
NVDA,56,103.4411
NVDA,57,101.4408
NVDA,58,100.2676
NVDA,59,93.9512
NVDA,60,93.4293
NVDA,61,93.2411
NVDA,62,94.7700
NVDA,63,95.1038
NVDA,64,92.7192
NVDA,65,89.4790
NVDA,66,89.4127
NVDA,67,90.7822
NVDA,68,94.2231
NVDA,69,93.2216
NVDA,70,96.5545
NVDA,71,101.9844
NVDA,72,104.7196
NVDA,73,102.7538
NVDA,74,102.7908
NVDA,75,95.8217
NVDA,76,96.9548
NVDA,77,98.5638
NVDA,78,98.1702
NVDA,79,95.0866
NVDA,80,96.1925
NVDA,81,100.7755
NVDA,82,101.4868
NVDA,83,102.6424
NVDA,84,104.9725
NVDA,85,107.3232
NVDA,86,108.4391
NVDA,87,106.9877
NVDA,88,104.7748
NVDA,89,105.2955
NVDA,90,109.7764
NVDA,91,110.6160
NVDA,92,113.2172
NVDA,93,109.8275
NVDA,94,113.4948
NVDA,95,112.7928
NVDA,96,118.5085
NVDA,97,119.5128
NVDA,98,116.3038
NVDA,99,113.8994
NVDA,100,115.9780
NVDA,101,111.7897
NVDA,102,111.2809
NVDA,103,108.5519
NVDA,104,108.7108
NVDA,105,108.2602
NVDA,106,111.4499
NVDA,107,110.3499
NVDA,108,110.6176
NVDA,109,105.8607
NVDA,110,97.9135
NVDA,111,95.8932
NVDA,112,98.3756
NVDA,113,95.6061
NVDA,114,94.6590
NVDA,115,98.1307
NVDA,116,101.6733
NVDA,117,100.1926
NVDA,118,98.6268
NVDA,119,105.1352
NVDA,120,107.1805
NVDA,121,105.2547
NVDA,122,105.0156
NVDA,123,108.0767
NVDA,124,114.7742
NVDA,125,115.9298
NVDA,126,114.1646
NVDA,127,117.1832
NVDA,128,115.8638
NVDA,129,118.4348
NVDA,130,120.3853
NVDA,131,119.1393
NVDA,132,120.3836
NVDA,133,120.0621
NVDA,134,121.2450
NVDA,135,120.5847
NVDA,136,122.6616
NVDA,137,123.2575
NVDA,138,118.2366
NVDA,139,119.6307
NVDA,140,120.6762
NVDA,141,115.7324
NVDA,142,111.3652
NVDA,143,112.1950
NVDA,144,110.4322
NVDA,145,110.7403
NVDA,146,109.6047
NVDA,147,107.6606
NVDA,148,104.5719
NVDA,149,100.7262
NVDA,150,101.6630
NVDA,151,101.6207
NVDA,152,102.4852
NVDA,153,100.0322
NVDA,154,100.7282
NVDA,155,99.7068
NVDA,156,101.6493
NVDA,157,99.9600
NVDA,158,94.4964
NVDA,159,90.4958
NVDA,160,89.3619
NVDA,161,86.6952
NVDA,162,84.6597
NVDA,163,83.8128
NVDA,164,86.0593
NVDA,165,85.0758
NVDA,166,85.5490
NVDA,167,86.1737
NVDA,168,82.8683
NVDA,169,82.8611
NVDA,170,83.4042
NVDA,171,85.6751
NVDA,172,88.5993
NVDA,173,87.8889
NVDA,174,87.8654
NVDA,175,86.3730
NVDA,176,87.0654
NVDA,177,89.4071
NVDA,178,89.3995
NVDA,179,90.0965
NVDA,180,89.2339
NVDA,181,87.9868
NVDA,182,87.3045
NVDA,183,83.1605
NVDA,184,82.7952
NVDA,185,84.3011
NVDA,186,84.5829
NVDA,187,81.6107
NVDA,188,82.8164
NVDA,189,83.6588
NVDA,190,79.4491
NVDA,191,82.3388
NVDA,192,85.2548
NVDA,193,86.2133
NVDA,194,85.5723
NVDA,195,86.0454
NVDA,196,89.7944
NVDA,197,89.7633
NVDA,198,96.5112
NVDA,199,97.9706
NVDA,200,101.2116
NVDA,201,100.0108
NVDA,202,95.3656
NVDA,203,95.7067
NVDA,204,93.1424
NVDA,205,95.2626
NVDA,206,91.9868
NVDA,207,92.9113
NVDA,208,92.7133
NVDA,209,92.4585
NVDA,210,94.9292
NVDA,211,94.4187
NVDA,212,95.1433
NVDA,213,95.0880
NVDA,214,89.6582
NVDA,215,85.2354
NVDA,216,82.9328
NVDA,217,84.1043
NVDA,218,87.0243
NVDA,219,87.0674
NVDA,220,85.1350
NVDA,221,86.6289
NVDA,222,89.9105
NVDA,223,88.9029
NVDA,224,93.0038
NVDA,225,96.5275
NVDA,226,98.9720
NVDA,227,98.8325
NVDA,228,97.2750
NVDA,229,94.7725
NVDA,230,94.3925
NVDA,231,92.6181
NVDA,232,92.0441
NVDA,233,93.1195
NVDA,234,94.6776
NVDA,235,95.4953
NVDA,236,91.4791
NVDA,237,94.0974
NVDA,238,92.4068
NVDA,239,92.3126
NVDA,240,92.5474
NVDA,241,93.4188
NVDA,242,93.2362
NVDA,243,92.2272
NVDA,244,96.5091
NVDA,245,92.9504
NVDA,246,97.4500
NVDA,247,96.7083
NVDA,248,96.8546
NVDA,249,94.7924
NVDA,250,95.4584
NVDA,251,98.9690
NVDA,252,97.8639
NVDA,253,97.4614
NVDA,254,97.9159
NVDA,255,100.4860
NVDA,256,103.9733
NVDA,257,99.5148
NVDA,258,98.2652
NVDA,259,102.1087
NVDA,260,98.5023
NVDA,261,99.5086
NVDA,262,99.7256
NVDA,263,98.6774
NVDA,264,106.5168
NVDA,265,103.8552
NVDA,266,101.0612
NVDA,267,101.3805
NVDA,268,102.6936
NVDA,269,99.0008
NVDA,270,100.8151
NVDA,271,104.1223
NVDA,272,100.1274
NVDA,273,98.8150
NVDA,274,101.6162
NVDA,275,100.5243
NVDA,276,102.1770
NVDA,277,101.7459
NVDA,278,104.4791
NVDA,279,103.8243
NVDA,280,105.4985
NVDA,281,105.4061
NVDA,282,101.1551
NVDA,283,101.0162
NVDA,284,98.5307
NVDA,285,99.9894
NVDA,286,100.0831
NVDA,287,99.1909
NVDA,288,102.4227
NVDA,289,103.1843
NVDA,290,107.5020
NVDA,291,106.0675
NVDA,292,105.2976
NVDA,293,105.8559
NVDA,294,107.2802
NVDA,295,102.7695
NVDA,296,103.3598
NVDA,297,106.5092
NVDA,298,110.8410
NVDA,299,111.9927
NVDA,300,109.5603
NVDA,301,112.6889
NVDA,302,110.9317
NVDA,303,110.8096
NVDA,304,110.0628
NVDA,305,114.4940
NVDA,306,114.6236
NVDA,307,116.5641
NVDA,308,113.2254
NVDA,309,111.0819
NVDA,310,110.7141
NVDA,311,110.9378
NVDA,312,120.3418
NVDA,313,130.3742
NVDA,314,129.7335
NVDA,315,133.2844
NVDA,316,134.8048
NVDA,317,133.4748
NVDA,318,137.3435
NVDA,319,137.1965
NVDA,320,138.2126
NVDA,321,132.9942
NVDA,322,128.0778
NVDA,323,122.0841
NVDA,324,118.3422
NVDA,325,117.5495
NVDA,326,119.7944
NVDA,327,118.2735
NVDA,328,118.3995
NVDA,329,122.5823
NVDA,330,122.4766
NVDA,331,127.1988
NVDA,332,128.1383
NVDA,333,125.3330
NVDA,334,129.0708
NVDA,335,126.1302
NVDA,336,126.9207
NVDA,337,129.1429
NVDA,338,125.7556
NVDA,339,128.9718
NVDA,340,128.7198
NVDA,341,132.9200
NVDA,342,130.1595
NVDA,343,128.9598
NVDA,344,133.2406
NVDA,345,132.5292
NVDA,346,132.0751
NVDA,347,133.5853
NVDA,348,132.8281
NVDA,349,134.4760
NVDA,350,131.8243
NVDA,351,128.9266
NVDA,352,131.0598
NVDA,353,128.6148
NVDA,354,129.4538
NVDA,355,127.2623
NVDA,356,128.4105
NVDA,357,129.9471
NVDA,358,128.5354
NVDA,359,127.6769
NVDA,360,128.9912
NVDA,361,126.4897
NVDA,362,132.1848
NVDA,363,130.1941
NVDA,364,133.4410
NVDA,365,133.0172
NVDA,366,140.6559
NVDA,367,136.5295
NVDA,368,136.3079
NVDA,369,141.2686
NVDA,370,140.6145
NVDA,371,142.0494
NVDA,372,136.8354
NVDA,373,140.8145
NVDA,374,141.9476
NVDA,375,143.7807
NVDA,376,137.9396
NVDA,377,143.1066
NVDA,378,147.4899
NVDA,379,143.8173
NVDA,380,144.4779
NVDA,381,147.2447
NVDA,382,148.6556
NVDA,383,147.5213
NVDA,384,146.1285
NVDA,385,141.5814
NVDA,386,137.3088
NVDA,387,133.9585
NVDA,388,133.8929
NVDA,389,130.7328
NVDA,390,137.8806
NVDA,391,144.4385
NVDA,392,145.6322
NVDA,393,148.7630
NVDA,394,152.5795
NVDA,395,154.1003
NVDA,396,153.0309
NVDA,397,155.3487
NVDA,398,160.8640
NVDA,399,157.1456
NVDA,400,166.3416
NVDA,401,166.5789
NVDA,402,166.6148
NVDA,403,170.3548
NVDA,404,161.0123
NVDA,405,157.7927
NVDA,406,150.9201
NVDA,407,145.3493
NVDA,408,147.2837
NVDA,409,149.9787
NVDA,410,147.9184
NVDA,411,146.6140
NVDA,412,154.0989
NVDA,413,153.5050
NVDA,414,153.9631
NVDA,415,152.6266
NVDA,416,155.2959
NVDA,417,152.9417
NVDA,418,154.0717
NVDA,419,150.1527
NVDA,420,153.8136
NVDA,421,153.9468
NVDA,422,158.9137
NVDA,423,157.7009
NVDA,424,159.6822
NVDA,425,153.4203
NVDA,426,149.7562
NVDA,427,149.9074
NVDA,428,147.8587
NVDA,429,149.7081
NVDA,430,149.8234
NVDA,431,149.7036
NVDA,432,147.9866
NVDA,433,143.6378
NVDA,434,144.0305
NVDA,435,142.5323
NVDA,436,146.4256
NVDA,437,144.2971
NVDA,438,148.7830
NVDA,439,150.9590
NVDA,440,154.2713
NVDA,441,147.8455
NVDA,442,149.3788
NVDA,443,156.0318
NVDA,444,159.5386
NVDA,445,162.0527
NVDA,446,163.0346
NVDA,447,167.8006
NVDA,448,169.3140
NVDA,449,169.3711
NVDA,450,165.0786
NVDA,451,163.7407
NVDA,452,161.3904
NVDA,453,164.8143
NVDA,454,162.1991
NVDA,455,168.3880
NVDA,456,171.1946
NVDA,457,173.6319
NVDA,458,177.7783
NVDA,459,174.9007
NVDA,460,175.8759
NVDA,461,179.4181
NVDA,462,179.3244
NVDA,463,179.1204
NVDA,464,180.5033
NVDA,465,179.9959
NVDA,466,182.1131
NVDA,467,187.1355
NVDA,468,186.8019
NVDA,469,186.3672
NVDA,470,190.0971
NVDA,471,188.0249
NVDA,472,192.3493
NVDA,473,198.0318
NVDA,474,189.1391
NVDA,475,192.5241
NVDA,476,191.1452
NVDA,477,193.3681
NVDA,478,194.3372
NVDA,479,196.9844
NVDA,480,193.0540
NVDA,481,206.8578
NVDA,482,206.6859
NVDA,483,206.5049
NVDA,484,220.4029
NVDA,485,217.0711
NVDA,486,214.8815
NVDA,487,216.2708
NVDA,488,225.4356
NVDA,489,230.6368
NVDA,490,233.8346
NVDA,491,241.6316
NVDA,492,255.8956
NVDA,493,268.8578
NVDA,494,269.4933
NVDA,495,274.2426
NVDA,496,260.4923
NVDA,497,247.6524
NVDA,498,261.5987
NVDA,499,258.8695
NVDA,500,260.3854
NVDA,501,262.2383
NVDA,502,268.1648
NVDA,503,258.3790
NVDA,504,256.3515
AMD,0,50.0000
AMD,1,49.2926
AMD,2,50.5537
AMD,3,49.6898
AMD,4,48.7070
AMD,5,49.5750
AMD,6,47.3219
AMD,7,46.7975
AMD,8,45.9679
AMD,9,43.6473
AMD,10,42.9580
AMD,11,42.0979
AMD,12,42.5462
AMD,13,41.3864
AMD,14,42.3819
AMD,15,42.1988
AMD,16,43.7298
AMD,17,44.6853
AMD,18,42.5388
AMD,19,44.3099
AMD,20,43.1760
AMD,21,42.2171
AMD,22,43.0912
AMD,23,44.5127
AMD,24,42.7254
AMD,25,42.3494
AMD,26,42.7351
AMD,27,44.9514
AMD,28,47.6572
AMD,29,47.2238
AMD,30,46.9228
AMD,31,47.1392
AMD,32,48.9648
AMD,33,46.3837
AMD,34,47.4605
AMD,35,44.0808
AMD,36,43.4223
AMD,37,41.6771
AMD,38,40.0971
AMD,39,40.4202
AMD,40,40.6757
AMD,41,42.1391
AMD,42,42.2621
AMD,43,38.9686
AMD,44,39.0335
AMD,45,40.5825
AMD,46,38.3404
AMD,47,40.2907
AMD,48,41.8047
AMD,49,44.2914
AMD,50,46.0688
AMD,51,46.0854
AMD,52,44.9873
AMD,53,44.9979
AMD,54,43.7789
AMD,55,43.6027
AMD,56,41.8881
AMD,57,40.0818
AMD,58,39.2862
AMD,59,36.4595
AMD,60,36.7698
AMD,61,37.5669
AMD,62,37.9168
AMD,63,38.7583
AMD,64,38.6143
AMD,65,38.8088
AMD,66,38.7060
AMD,67,39.5055
AMD,68,41.6785
AMD,69,41.5041
AMD,70,40.4072
AMD,71,42.3078
AMD,72,43.2631
AMD,73,43.3129
AMD,74,43.1108
AMD,75,39.2282
AMD,76,39.6843
AMD,77,39.6994
AMD,78,41.1342
AMD,79,39.9665
AMD,80,37.3860
AMD,81,38.9563
AMD,82,39.6773
AMD,83,40.5691
AMD,84,41.4242
AMD,85,42.5143
AMD,86,43.1495
AMD,87,43.0851
AMD,88,41.5745
AMD,89,42.0900
AMD,90,43.4911
AMD,91,43.6141
AMD,92,44.6179
AMD,93,44.1252
AMD,94,44.9928
AMD,95,42.8310
AMD,96,42.5108
AMD,97,42.2971
AMD,98,40.5985
AMD,99,40.0067
AMD,100,40.4800
AMD,101,38.8479
AMD,102,38.1152
AMD,103,37.7304
AMD,104,38.2139
AMD,105,36.8508
AMD,106,37.8160
AMD,107,37.7832
AMD,108,38.0434
AMD,109,36.1598
AMD,110,33.6261
AMD,111,32.6509
AMD,112,33.5294
AMD,113,34.3422
AMD,114,33.6880
AMD,115,35.4023
AMD,116,34.3371
AMD,117,34.2353
AMD,118,34.2687
AMD,119,36.8867
AMD,120,38.0563
AMD,121,37.7542
AMD,122,37.3598
AMD,123,38.2829
AMD,124,39.0319
AMD,125,39.4912
AMD,126,38.4710
AMD,127,37.7002
AMD,128,38.1809
AMD,129,37.5284
AMD,130,38.3432
AMD,131,38.1090
AMD,132,38.4157
AMD,133,37.0436
AMD,134,37.5196
AMD,135,37.0380
AMD,136,37.5913
AMD,137,37.7159
AMD,138,36.4582
AMD,139,35.4775
AMD,140,35.2062
AMD,141,33.2690
AMD,142,31.8526
AMD,143,33.3339
AMD,144,32.5246
AMD,145,32.6136
AMD,146,33.3329
AMD,147,32.4426
AMD,148,31.5583
AMD,149,30.7113
AMD,150,31.5991
AMD,151,31.8687
AMD,152,32.0778
AMD,153,31.8692
AMD,154,31.8697
AMD,155,32.0266
AMD,156,31.8067
AMD,157,30.5834
AMD,158,29.3356
AMD,159,28.5546
AMD,160,28.5030
AMD,161,28.3828
AMD,162,28.5758
AMD,163,27.2826
AMD,164,27.1904
AMD,165,27.3716
AMD,166,27.1691
AMD,167,27.8791
AMD,168,27.6134
AMD,169,27.2240
AMD,170,27.0912
AMD,171,28.0776
AMD,172,30.6337
AMD,173,30.3081
AMD,174,30.3240
AMD,175,30.1757
AMD,176,29.3004
AMD,177,30.0686
AMD,178,30.1765
AMD,179,30.9011
AMD,180,30.7244
AMD,181,29.7637
AMD,182,28.8204
AMD,183,27.6755
AMD,184,27.5719
AMD,185,27.7268
AMD,186,27.3523
AMD,187,27.4288
AMD,188,27.3992
AMD,189,27.7633
AMD,190,26.3332
AMD,191,27.1263
AMD,192,27.6672
AMD,193,27.6304
AMD,194,27.6814
AMD,195,28.3835
AMD,196,29.2833
AMD,197,29.3846
AMD,198,32.1797
AMD,199,32.1016
AMD,200,32.9410
AMD,201,33.2754
AMD,202,31.0247
AMD,203,31.8491
AMD,204,31.3045
AMD,205,32.4341
AMD,206,30.6404
AMD,207,31.2635
AMD,208,31.1221
AMD,209,29.6533
AMD,210,30.1076
AMD,211,31.0949
AMD,212,31.3769
AMD,213,31.0335
AMD,214,30.0597
AMD,215,29.0912
AMD,216,29.0032
AMD,217,29.7723
AMD,218,30.0526
AMD,219,30.6420
AMD,220,30.0364
AMD,221,30.4079
AMD,222,30.8177
AMD,223,30.5939
AMD,224,32.0919
AMD,225,31.7989
AMD,226,31.7132
AMD,227,30.9209
AMD,228,30.2682
AMD,229,29.4622
AMD,230,29.8148
AMD,231,28.3643
AMD,232,28.1112
AMD,233,28.4299
AMD,234,28.6609
AMD,235,28.0407
AMD,236,27.2134
AMD,237,27.2788
AMD,238,26.2811
AMD,239,26.3181
AMD,240,26.6802
AMD,241,27.3846
AMD,242,26.9548
AMD,243,26.7244
AMD,244,28.8228
AMD,245,27.7433
AMD,246,29.6177
AMD,247,27.9164
AMD,248,27.0252
AMD,249,26.4659
AMD,250,27.3891
AMD,251,28.6226
AMD,252,28.4156
AMD,253,28.3154
AMD,254,28.3581
AMD,255,29.8382
AMD,256,30.8149
AMD,257,30.1793
AMD,258,30.3154
AMD,259,30.8637
AMD,260,29.4386
AMD,261,29.7928
AMD,262,29.4507
AMD,263,29.4089
AMD,264,31.1602
AMD,265,29.7528
AMD,266,28.1801
AMD,267,27.5575
AMD,268,27.6461
AMD,269,27.4884
AMD,270,27.0655
AMD,271,27.3036
AMD,272,26.9551
AMD,273,26.8707
AMD,274,26.3114
AMD,275,25.5133
AMD,276,26.9874
AMD,277,26.9600
AMD,278,27.7153
AMD,279,27.8418
AMD,280,27.6712
AMD,281,26.3699
AMD,282,25.1631
AMD,283,25.3490
AMD,284,24.6847
AMD,285,24.9586
AMD,286,24.9088
AMD,287,24.7697
AMD,288,25.2572
AMD,289,24.9099
AMD,290,26.2735
AMD,291,26.4570
AMD,292,26.4196
AMD,293,27.4531
AMD,294,27.7155
AMD,295,26.6685
AMD,296,26.9833
AMD,297,26.6918
AMD,298,28.5636
AMD,299,28.9118
AMD,300,28.0555
AMD,301,30.1940
AMD,302,29.5038
AMD,303,30.7336
AMD,304,31.4120
AMD,305,32.4852
AMD,306,32.7774
AMD,307,31.9156
AMD,308,31.3145
AMD,309,30.7021
AMD,310,30.4290
AMD,311,30.9142
AMD,312,32.8135
AMD,313,34.7978
AMD,314,33.7365
AMD,315,35.0348
AMD,316,34.0160
AMD,317,34.2347
AMD,318,33.1813
AMD,319,33.2662
AMD,320,32.6837
AMD,321,31.5824
AMD,322,30.3737
AMD,323,28.5171
AMD,324,27.9620
AMD,325,27.3783
AMD,326,28.1894
AMD,327,27.1239
AMD,328,27.6448
AMD,329,28.7254
AMD,330,28.6701
AMD,331,30.4149
AMD,332,31.6939
AMD,333,30.7026
AMD,334,31.2914
AMD,335,31.4394
AMD,336,31.8308
AMD,337,32.6851
AMD,338,31.8580
AMD,339,33.0104
AMD,340,31.4585
AMD,341,32.8839
AMD,342,31.5141
AMD,343,31.7695
AMD,344,33.3031
AMD,345,32.4746
AMD,346,34.7849
AMD,347,34.4949
AMD,348,34.5372
AMD,349,35.1264
AMD,350,36.0961
AMD,351,33.9826
AMD,352,34.3423
AMD,353,34.0911
AMD,354,34.4254
AMD,355,34.9783
AMD,356,36.0589
AMD,357,37.8304
AMD,358,38.8184
AMD,359,38.0612
AMD,360,36.5184
AMD,361,35.9889
AMD,362,38.1230
AMD,363,37.9120
AMD,364,38.3927
AMD,365,38.8684
AMD,366,40.9705
AMD,367,39.1904
AMD,368,40.1718
AMD,369,41.6403
AMD,370,40.1933
AMD,371,38.7382
AMD,372,37.8545
AMD,373,39.1924
AMD,374,39.0181
AMD,375,39.1607
AMD,376,38.6814
AMD,377,39.2532
AMD,378,39.2544
AMD,379,38.6653
AMD,380,38.1424
AMD,381,38.1478
AMD,382,38.7899
AMD,383,38.9059
AMD,384,38.8516
AMD,385,37.4884
AMD,386,36.4977
AMD,387,34.8744
AMD,388,34.2460
AMD,389,33.6079
AMD,390,34.5481
AMD,391,35.9743
AMD,392,35.6521
AMD,393,36.7136
AMD,394,37.2043
AMD,395,37.2448
AMD,396,36.9292
AMD,397,36.2840
AMD,398,37.6278
AMD,399,35.8977
AMD,400,38.0827
AMD,401,38.5471
AMD,402,38.5078
AMD,403,38.6844
AMD,404,36.1202
AMD,405,35.5223
AMD,406,34.6424
AMD,407,32.7330
AMD,408,32.8438
AMD,409,34.2145
AMD,410,33.7430
AMD,411,34.0649
AMD,412,35.8937
AMD,413,37.2009
AMD,414,35.6651
AMD,415,35.6450
AMD,416,36.2980
AMD,417,35.3236
AMD,418,34.3696
AMD,419,33.2713
AMD,420,32.6256
AMD,421,32.0813
AMD,422,32.4318
AMD,423,32.4546
AMD,424,32.8297
AMD,425,33.1129
AMD,426,33.5443
AMD,427,34.1207
AMD,428,34.7763
AMD,429,35.4645
AMD,430,34.5233
AMD,431,33.4401
AMD,432,32.4547
AMD,433,31.7974
AMD,434,31.0897
AMD,435,29.9628
AMD,436,29.3957
AMD,437,30.2917
AMD,438,31.1540
AMD,439,30.7167
AMD,440,30.7789
AMD,441,29.9335
AMD,442,31.7463
AMD,443,34.1683
AMD,444,35.7715
AMD,445,36.6514
AMD,446,36.9767
AMD,447,37.2145
AMD,448,39.0704
AMD,449,38.8100
AMD,450,37.7633
AMD,451,38.0699
AMD,452,38.3334
AMD,453,38.4896
AMD,454,37.9056
AMD,455,39.2238
AMD,456,39.6198
AMD,457,39.7530
AMD,458,41.2050
AMD,459,41.1358
AMD,460,41.6794
AMD,461,42.9309
AMD,462,43.0452
AMD,463,44.5106
AMD,464,45.2430
AMD,465,45.3048
AMD,466,46.2009
AMD,467,47.6312
AMD,468,46.3099
AMD,469,46.1041
AMD,470,48.7645
AMD,471,46.4659
AMD,472,47.9336
AMD,473,48.9949
AMD,474,47.5144
AMD,475,47.3125
AMD,476,48.1469
AMD,477,51.2680
AMD,478,51.6727
AMD,479,52.9638
AMD,480,51.9216
AMD,481,55.6295
AMD,482,56.8708
AMD,483,58.9408
AMD,484,62.4719
AMD,485,60.3757
AMD,486,58.2109
AMD,487,57.5220
AMD,488,60.4397
AMD,489,61.5492
AMD,490,64.9083
AMD,491,66.1808
AMD,492,71.1323
AMD,493,73.7257
AMD,494,74.0556
AMD,495,75.3833
AMD,496,69.9960
AMD,497,67.6829
AMD,498,72.6433
AMD,499,71.1427
AMD,500,70.7287
AMD,501,71.0423
AMD,502,72.4216
AMD,503,70.9192
AMD,504,71.2314
MSFT,0,220.0000
MSFT,1,222.1129
MSFT,2,224.2599
MSFT,3,224.5634
MSFT,4,221.7599
MSFT,5,224.2070
MSFT,6,220.7025
MSFT,7,219.3937
MSFT,8,215.9241
MSFT,9,213.5455
MSFT,10,215.5868
MSFT,11,214.0916
MSFT,12,211.7965
MSFT,13,208.4133
MSFT,14,208.1245
MSFT,15,206.2848
MSFT,16,208.2818
MSFT,17,205.7049
MSFT,18,199.5293
MSFT,19,201.0836
MSFT,20,195.9027
MSFT,21,190.2537
MSFT,22,192.6781
MSFT,23,194.5803
MSFT,24,195.2770
MSFT,25,194.1601
MSFT,26,198.9003
MSFT,27,204.7850
MSFT,28,205.3446
MSFT,29,206.9759
MSFT,30,205.4358
MSFT,31,207.8325
MSFT,32,211.5989
MSFT,33,208.8828
MSFT,34,212.0501
MSFT,35,203.5945
MSFT,36,202.0203
MSFT,37,203.0437
MSFT,38,204.1543
MSFT,39,206.8480
MSFT,40,209.6115
MSFT,41,211.2235
MSFT,42,210.2030
MSFT,43,209.5526
MSFT,44,212.9199
MSFT,45,213.5779
MSFT,46,210.1634
MSFT,47,211.8389
MSFT,48,213.9260
MSFT,49,217.0606
MSFT,50,215.5333
MSFT,51,219.6821
MSFT,52,214.8340
MSFT,53,214.6329
MSFT,54,215.1282
MSFT,55,220.0590
MSFT,56,214.1066
MSFT,57,213.9751
MSFT,58,214.8230
MSFT,59,207.1157
MSFT,60,207.0698
MSFT,61,202.1401
MSFT,62,203.9330
MSFT,63,209.0842
MSFT,64,209.2507
MSFT,65,211.7858
MSFT,66,216.2156
MSFT,67,213.1909
MSFT,68,216.4244
MSFT,69,216.4670
MSFT,70,218.7210
MSFT,71,227.7664
MSFT,72,230.7708
MSFT,73,226.1883
MSFT,74,225.8599
MSFT,75,217.1300
MSFT,76,217.7857
MSFT,77,221.3003
MSFT,78,221.7062
MSFT,79,221.5782
MSFT,80,216.0027
MSFT,81,217.2335
MSFT,82,215.6635
MSFT,83,213.4358
MSFT,84,215.6176
MSFT,85,214.5045
MSFT,86,216.5688
MSFT,87,214.5192
MSFT,88,211.1342
MSFT,89,212.0837
MSFT,90,214.8073
MSFT,91,216.4476
MSFT,92,216.7594
MSFT,93,211.4712
MSFT,94,214.7132
MSFT,95,210.8674
MSFT,96,208.4576
MSFT,97,210.5311
MSFT,98,214.0860
MSFT,99,213.5175
MSFT,100,218.7554
MSFT,101,216.6941
MSFT,102,209.3930
MSFT,103,209.6344
MSFT,104,211.6317
MSFT,105,212.8672
MSFT,106,217.2204
MSFT,107,215.1361
MSFT,108,212.2067
MSFT,109,205.7435
MSFT,110,197.1510
MSFT,111,195.3699
MSFT,112,198.3171
MSFT,113,198.2978
MSFT,114,196.4181
MSFT,115,196.0500
MSFT,116,196.3716
MSFT,117,191.3947
MSFT,118,191.2748
MSFT,119,198.5411
MSFT,120,199.7378
MSFT,121,195.4722
MSFT,122,198.5155
MSFT,123,197.6624
MSFT,124,200.3423
MSFT,125,199.7667
MSFT,126,201.4636
MSFT,127,198.3978
MSFT,128,200.9930
MSFT,129,199.5451
MSFT,130,197.3413
MSFT,131,194.8525
MSFT,132,192.3314
MSFT,133,186.1928
MSFT,134,190.4864
MSFT,135,190.5963
MSFT,136,193.5529
MSFT,137,194.5661
MSFT,138,191.4683
MSFT,139,193.1033
MSFT,140,193.1891
MSFT,141,188.6247
MSFT,142,183.1106
MSFT,143,183.6063
MSFT,144,183.6344
MSFT,145,183.6825
MSFT,146,184.8543
MSFT,147,185.7917
MSFT,148,181.2271
MSFT,149,176.6057
MSFT,150,174.3133
MSFT,151,173.9127
MSFT,152,174.8264
MSFT,153,175.4058
MSFT,154,178.8185
MSFT,155,177.1851
MSFT,156,180.9006
MSFT,157,177.0613
MSFT,158,171.5238
MSFT,159,168.2214
MSFT,160,166.1691
MSFT,161,161.1957
MSFT,162,157.9015
MSFT,163,155.2371
MSFT,164,155.7354
MSFT,165,155.0280
MSFT,166,155.1953
MSFT,167,156.2000
MSFT,168,154.3368
MSFT,169,155.1417
MSFT,170,157.7311
MSFT,171,163.1924
MSFT,172,167.2003
MSFT,173,168.5594
MSFT,174,164.4164
MSFT,175,164.0154
MSFT,176,162.4126
MSFT,177,165.0386
MSFT,178,169.4603
MSFT,179,170.9938
MSFT,180,170.3694
MSFT,181,171.7002
MSFT,182,171.3662
MSFT,183,168.1881
MSFT,184,167.5425
MSFT,185,170.0372
MSFT,186,170.0993
MSFT,187,166.8588
MSFT,188,164.4393
MSFT,189,167.2890
MSFT,190,164.8327
MSFT,191,169.1813
MSFT,192,173.5037
MSFT,193,177.9860
MSFT,194,182.4310
MSFT,195,181.4052
MSFT,196,179.8050
MSFT,197,177.4462
MSFT,198,185.3189
MSFT,199,186.1101
MSFT,200,184.0696
MSFT,201,184.4031
MSFT,202,182.9569
MSFT,203,188.3623
MSFT,204,188.8830
MSFT,205,189.6961
MSFT,206,186.3602
MSFT,207,185.3945
MSFT,208,185.4663
MSFT,209,183.0628
MSFT,210,183.4109
MSFT,211,183.5114
MSFT,212,183.7547
MSFT,213,182.8496
MSFT,214,182.4787
MSFT,215,184.2605
MSFT,216,182.7748
MSFT,217,180.6727
MSFT,218,180.4118
MSFT,219,179.3128
MSFT,220,178.0706
MSFT,221,177.1743
MSFT,222,179.1672
MSFT,223,177.7046
MSFT,224,177.2036
MSFT,225,176.0738
MSFT,226,178.9157
MSFT,227,178.0238
MSFT,228,175.0111
MSFT,229,178.3408
MSFT,230,179.2955
MSFT,231,176.2394
MSFT,232,174.9303
MSFT,233,175.7701
MSFT,234,177.9285
MSFT,235,176.5523
MSFT,236,175.3883
MSFT,237,177.7707
MSFT,238,174.9921
MSFT,239,174.3325
MSFT,240,171.0791
MSFT,241,173.6246
MSFT,242,171.8983
MSFT,243,173.5779
MSFT,244,175.2545
MSFT,245,171.2885
MSFT,246,174.9167
MSFT,247,169.0513
MSFT,248,171.2498
MSFT,249,168.6989
MSFT,250,171.0642
MSFT,251,177.6955
MSFT,252,179.1216
MSFT,253,180.4419
MSFT,254,178.9863
MSFT,255,183.5174
MSFT,256,191.3702
MSFT,257,191.6074
MSFT,258,188.5814
MSFT,259,195.4539
MSFT,260,193.0829
MSFT,261,195.4927
MSFT,262,194.1660
MSFT,263,195.5579
MSFT,264,197.5471
MSFT,265,197.6078
MSFT,266,193.3174
MSFT,267,192.7077
MSFT,268,194.5547
MSFT,269,197.7492
MSFT,270,197.2841
MSFT,271,199.7886
MSFT,272,196.6872
MSFT,273,189.8157
MSFT,274,189.0049
MSFT,275,187.3164
MSFT,276,191.5949
MSFT,277,193.8580
MSFT,278,197.2556
MSFT,279,194.6430
MSFT,280,195.4804
MSFT,281,194.7703
MSFT,282,191.6192
MSFT,283,191.7318
MSFT,284,185.8507
MSFT,285,182.1359
MSFT,286,184.4561
MSFT,287,181.2285
MSFT,288,182.3186
MSFT,289,181.9011
MSFT,290,181.8105
MSFT,291,183.4754
MSFT,292,186.2552
MSFT,293,187.0813
MSFT,294,188.0241
MSFT,295,188.5161
MSFT,296,188.7858
MSFT,297,192.0803
MSFT,298,197.4296
MSFT,299,199.6034
MSFT,300,197.6651
MSFT,301,197.7939
MSFT,302,192.2724
MSFT,303,193.3858
MSFT,304,194.1844
MSFT,305,200.3547
MSFT,306,199.6931
MSFT,307,196.7644
MSFT,308,192.1545
MSFT,309,188.4403
MSFT,310,189.1501
MSFT,311,191.7625
MSFT,312,197.4883
MSFT,313,199.2153
MSFT,314,199.1476
MSFT,315,200.5164
MSFT,316,198.1887
MSFT,317,194.5247
MSFT,318,193.3223
MSFT,319,196.9359
MSFT,320,194.6998
MSFT,321,192.6728
MSFT,322,190.1362
MSFT,323,187.2773
MSFT,324,182.5886
MSFT,325,179.2715
MSFT,326,177.6767
MSFT,327,171.7325
MSFT,328,173.8395
MSFT,329,176.4323
MSFT,330,174.9069
MSFT,331,179.0652
MSFT,332,178.9995
MSFT,333,175.0073
MSFT,334,175.4615
MSFT,335,175.3273
MSFT,336,173.1695
MSFT,337,173.1045
MSFT,338,171.0892
MSFT,339,174.2163
MSFT,340,172.6578
MSFT,341,175.2713
MSFT,342,174.5543
MSFT,343,169.5204
MSFT,344,170.6052
MSFT,345,171.8945
MSFT,346,173.8920
MSFT,347,172.8658
MSFT,348,170.4127
MSFT,349,167.2180
MSFT,350,168.9676
MSFT,351,167.8169
MSFT,352,168.5542
MSFT,353,168.4143
MSFT,354,168.7937
MSFT,355,167.9271
MSFT,356,168.0970
MSFT,357,170.4742
MSFT,358,169.1960
MSFT,359,171.8555
MSFT,360,172.0876
MSFT,361,168.0009
MSFT,362,172.3554
MSFT,363,169.8353
MSFT,364,170.3311
MSFT,365,167.4438
MSFT,366,171.9841
MSFT,367,167.4759
MSFT,368,166.9426
MSFT,369,170.0154
MSFT,370,168.9843
MSFT,371,168.5905
MSFT,372,167.6958
MSFT,373,169.6980
MSFT,374,171.5010
MSFT,375,175.7572
MSFT,376,171.0571
MSFT,377,173.2180
MSFT,378,174.1167
MSFT,379,170.4996
MSFT,380,172.4340
MSFT,381,173.9605
MSFT,382,176.9456
MSFT,383,177.7619
MSFT,384,179.8079
MSFT,385,177.8018
MSFT,386,176.0018
MSFT,387,174.5633
MSFT,388,174.0604
MSFT,389,171.3893
MSFT,390,169.2537
MSFT,391,170.9539
MSFT,392,170.9171
MSFT,393,173.3895
MSFT,394,175.4398
MSFT,395,175.6331
MSFT,396,174.9632
MSFT,397,178.9686
MSFT,398,179.3736
MSFT,399,177.1345
MSFT,400,177.5202
MSFT,401,177.8785
MSFT,402,178.2748
MSFT,403,178.4906
MSFT,404,176.9131
MSFT,405,175.0195
MSFT,406,173.8856
MSFT,407,168.9623
MSFT,408,170.0968
MSFT,409,172.4465
MSFT,410,170.0357
MSFT,411,170.2769
MSFT,412,172.8729
MSFT,413,176.3718
MSFT,414,176.8489
MSFT,415,176.1251
MSFT,416,173.8566
MSFT,417,173.4895
MSFT,418,169.9435
MSFT,419,165.8564
MSFT,420,168.7698
MSFT,421,169.2272
MSFT,422,170.9430
MSFT,423,166.5042
MSFT,424,168.9869
MSFT,425,168.1039
MSFT,426,169.4451
MSFT,427,173.1995
MSFT,428,174.0349
MSFT,429,173.8886
MSFT,430,176.6898
MSFT,431,179.3268
MSFT,432,182.4950
MSFT,433,181.9935
MSFT,434,180.3745
MSFT,435,179.8863
MSFT,436,183.6014
MSFT,437,182.3392
MSFT,438,191.5832
MSFT,439,188.6899
MSFT,440,191.7740
MSFT,441,186.9033
MSFT,442,189.0911
MSFT,443,193.3654
MSFT,444,191.3023
MSFT,445,193.5884
MSFT,446,194.4319
MSFT,447,196.0619
MSFT,448,196.5301
MSFT,449,195.8559
MSFT,450,197.6153
MSFT,451,194.4395
MSFT,452,197.0531
MSFT,453,196.6854
MSFT,454,196.2933
MSFT,455,198.6311
MSFT,456,197.3150
MSFT,457,198.7855
MSFT,458,205.4823
MSFT,459,206.3757
MSFT,460,208.0451
MSFT,461,207.9887
MSFT,462,208.9556
MSFT,463,214.0899
MSFT,464,213.5679
MSFT,465,215.6729
MSFT,466,220.7509
MSFT,467,224.4171
MSFT,468,223.0013
MSFT,469,222.8824
MSFT,470,220.4945
MSFT,471,220.3493
MSFT,472,221.1534
MSFT,473,224.3111
MSFT,474,221.4915
MSFT,475,227.1775
MSFT,476,228.9267
MSFT,477,227.4847
MSFT,478,223.5590
MSFT,479,220.4707
MSFT,480,219.8359
MSFT,481,224.2147
MSFT,482,231.6211
MSFT,483,234.1570
MSFT,484,237.7525
MSFT,485,241.1231
MSFT,486,239.8483
MSFT,487,239.4478
MSFT,488,246.3426
MSFT,489,251.7355
MSFT,490,254.9426
MSFT,491,257.6323
MSFT,492,263.9973
MSFT,493,268.8004
MSFT,494,270.6095
MSFT,495,274.1926
MSFT,496,270.2189
MSFT,497,265.0519
MSFT,498,268.7781
MSFT,499,265.6933
MSFT,500,259.4502
MSFT,501,262.7692
MSFT,502,262.3205
MSFT,503,259.4936
MSFT,504,256.7603
AAPL,0,170.0000
AAPL,1,172.7330
AAPL,2,172.2936
AAPL,3,172.6928
AAPL,4,172.5419
AAPL,5,175.4630
AAPL,6,173.6129
AAPL,7,173.7834
AAPL,8,171.4533
AAPL,9,167.3172
AAPL,10,168.9244
AAPL,11,170.1268
AAPL,12,167.7226
AAPL,13,165.2645
AAPL,14,163.2980
AAPL,15,163.2548
AAPL,16,167.3876
AAPL,17,164.6695
AAPL,18,158.1314
AAPL,19,158.3065
AAPL,20,154.3669
AAPL,21,148.7984
AAPL,22,152.2808
AAPL,23,154.3302
AAPL,24,154.2383
AAPL,25,153.8111
AAPL,26,156.2335
AAPL,27,159.6738
AAPL,28,161.4962
AAPL,29,162.8480
AAPL,30,162.8598
AAPL,31,161.8745
AAPL,32,168.8253
AAPL,33,167.1272
AAPL,34,167.8432
AAPL,35,158.0189
AAPL,36,154.6222
AAPL,37,153.4475
AAPL,38,152.7096
AAPL,39,154.4000
AAPL,40,155.4370
AAPL,41,157.6641
AAPL,42,158.8626
AAPL,43,156.8728
AAPL,44,161.5897
AAPL,45,160.7423
AAPL,46,157.5040
AAPL,47,158.3721
AAPL,48,158.9463
AAPL,49,162.2887
AAPL,50,162.7777
AAPL,51,163.5551
AAPL,52,158.2535
AAPL,53,160.9519
AAPL,54,161.7089
AAPL,55,163.3895
AAPL,56,159.0446
AAPL,57,158.7474
AAPL,58,161.3803
AAPL,59,155.8555
AAPL,60,157.1004
AAPL,61,152.6947
AAPL,62,154.1005
AAPL,63,157.3977
AAPL,64,157.7497
AAPL,65,160.6310
AAPL,66,164.0291
AAPL,67,163.1422
AAPL,68,163.4937
AAPL,69,161.1400
AAPL,70,165.3278
AAPL,71,170.4147
AAPL,72,172.4643
AAPL,73,169.4968
AAPL,74,169.2718
AAPL,75,162.2247
AAPL,76,165.8564
AAPL,77,169.8466
AAPL,78,171.1988
AAPL,79,171.8376
AAPL,80,169.8318
AAPL,81,171.6131
AAPL,82,169.3116
AAPL,83,169.5491
AAPL,84,172.8203
AAPL,85,176.0419
AAPL,86,178.6158
AAPL,87,177.4251
AAPL,88,176.1442
AAPL,89,177.7430
AAPL,90,177.9964
AAPL,91,179.0499
AAPL,92,182.5513
AAPL,93,177.7717
AAPL,94,178.1485
AAPL,95,175.1678
AAPL,96,173.9725
AAPL,97,175.2261
AAPL,98,179.3459
AAPL,99,179.3197
AAPL,100,184.3054
AAPL,101,181.8217
AAPL,102,175.4356
AAPL,103,173.7455
AAPL,104,177.9622
AAPL,105,181.0736
AAPL,106,183.0753
AAPL,107,181.9799
AAPL,108,180.7786
AAPL,109,174.3264
AAPL,110,169.5253
AAPL,111,164.9542
AAPL,112,170.7131
AAPL,113,169.0078
AAPL,114,167.2442
AAPL,115,170.0426
AAPL,116,170.2167
AAPL,117,171.2292
AAPL,118,172.1548
AAPL,119,177.9571
AAPL,120,177.4590
AAPL,121,177.8914
AAPL,122,178.9320
AAPL,123,176.7002
AAPL,124,183.0631
AAPL,125,183.1285
AAPL,126,183.9580
AAPL,127,183.2290
AAPL,128,184.0611
AAPL,129,186.8439
AAPL,130,184.8848
AAPL,131,180.9555
AAPL,132,177.4724
AAPL,133,175.8432
AAPL,134,176.1849
AAPL,135,175.4561
AAPL,136,179.8623
AAPL,137,182.7779
AAPL,138,182.3253
AAPL,139,183.3118
AAPL,140,180.1201
AAPL,141,178.7464
AAPL,142,175.4350
AAPL,143,176.9735
AAPL,144,173.6535
AAPL,145,173.7200
AAPL,146,171.7753
AAPL,147,172.7712
AAPL,148,171.2372
AAPL,149,170.6768
AAPL,150,170.0497
AAPL,151,169.1561
AAPL,152,168.9904
AAPL,153,171.7669
AAPL,154,171.8883
AAPL,155,171.3777
AAPL,156,175.6355
AAPL,157,169.2333
AAPL,158,165.1845
AAPL,159,160.3490
AAPL,160,159.9966
AAPL,161,158.8911
AAPL,162,159.7270
AAPL,163,155.9434
AAPL,164,155.6237
AAPL,165,154.5783
AAPL,166,154.2466
AAPL,167,155.9129
AAPL,168,152.1536
AAPL,169,153.2536
AAPL,170,153.7965
AAPL,171,156.1368
AAPL,172,160.8955
AAPL,173,161.2489
AAPL,174,157.4984
AAPL,175,158.0628
AAPL,176,158.4615
AAPL,177,160.1564
AAPL,178,161.4796
AAPL,179,165.0623
AAPL,180,165.8809
AAPL,181,167.1093
AAPL,182,166.4928
AAPL,183,162.5422
AAPL,184,160.5870
AAPL,185,164.1034
AAPL,186,162.5574
AAPL,187,158.3652
AAPL,188,156.0867
AAPL,189,158.8618
AAPL,190,154.1113
AAPL,191,157.7662
AAPL,192,162.5108
AAPL,193,164.9481
AAPL,194,166.4707
AAPL,195,163.4687
AAPL,196,163.5779
AAPL,197,158.4642
AAPL,198,163.9303
AAPL,199,164.4114
AAPL,200,165.7615
AAPL,201,164.4949
AAPL,202,164.5895
AAPL,203,166.4348
AAPL,204,165.6853
AAPL,205,166.1882
AAPL,206,161.0602
AAPL,207,161.1310
AAPL,208,162.6530
AAPL,209,163.2081
AAPL,210,167.3291
AAPL,211,164.2525
AAPL,212,166.6254
AAPL,213,169.9501
AAPL,214,171.0867
AAPL,215,171.7753
AAPL,216,171.1215
AAPL,217,169.1072
AAPL,218,169.4182
AAPL,219,172.3851
AAPL,220,169.1257
AAPL,221,167.3470
AAPL,222,168.1327
AAPL,223,166.5828
AAPL,224,168.7194
AAPL,225,166.8128
AAPL,226,171.0187
AAPL,227,170.3628
AAPL,228,167.9338
AAPL,229,171.4676
AAPL,230,171.2546
AAPL,231,170.4398
AAPL,232,174.7461
AAPL,233,175.4757
AAPL,234,175.7736
AAPL,235,174.2336
AAPL,236,170.3346
AAPL,237,171.9599
AAPL,238,168.5047
AAPL,239,166.4692
AAPL,240,163.7761
AAPL,241,167.7518
AAPL,242,164.3486
AAPL,243,164.9195
AAPL,244,169.3730
AAPL,245,167.7958
AAPL,246,170.8877
AAPL,247,165.0289
AAPL,248,164.5044
AAPL,249,166.8917
AAPL,250,171.8796
AAPL,251,173.5953
AAPL,252,172.8818
AAPL,253,170.7493
AAPL,254,170.0067
AAPL,255,171.6110
AAPL,256,176.9370
AAPL,257,174.1412
AAPL,258,170.7119
AAPL,259,176.1972
AAPL,260,176.1541
AAPL,261,178.8102
AAPL,262,175.7915
AAPL,263,175.9924
AAPL,264,177.9119
AAPL,265,178.2066
AAPL,266,176.0247
AAPL,267,177.6627
AAPL,268,179.5457
AAPL,269,182.3158
AAPL,270,185.4736
AAPL,271,188.1242
AAPL,272,186.2708
AAPL,273,182.4138
AAPL,274,181.5066
AAPL,275,180.5896
AAPL,276,185.9549
AAPL,277,188.8717
AAPL,278,191.7602
AAPL,279,186.8288
AAPL,280,188.4438
AAPL,281,185.4181
AAPL,282,181.0351
AAPL,283,180.1337
AAPL,284,175.3398
AAPL,285,169.9555
AAPL,286,169.1865
AAPL,287,168.3955
AAPL,288,171.7528
AAPL,289,173.0587
AAPL,290,173.9604
AAPL,291,177.2610
AAPL,292,178.4205
AAPL,293,180.3960
AAPL,294,182.6750
AAPL,295,181.0892
AAPL,296,182.3638
AAPL,297,184.0246
AAPL,298,186.0012
AAPL,299,184.6339
AAPL,300,185.6547
AAPL,301,190.5387
AAPL,302,188.9145
AAPL,303,188.0431
AAPL,304,185.7253
AAPL,305,190.7524
AAPL,306,191.2741
AAPL,307,194.1572
AAPL,308,191.7617
AAPL,309,186.4576
AAPL,310,188.0766
AAPL,311,191.7138
AAPL,312,196.4931
AAPL,313,202.2626
AAPL,314,197.5634
AAPL,315,196.4393
AAPL,316,198.1343
AAPL,317,195.6844
AAPL,318,195.6316
AAPL,319,196.8932
AAPL,320,200.5123
AAPL,321,202.2477
AAPL,322,195.1330
AAPL,323,195.2781
AAPL,324,192.3549
AAPL,325,187.0098
AAPL,326,186.4764
AAPL,327,181.8634
AAPL,328,180.3621
AAPL,329,186.1999
AAPL,330,190.4545
AAPL,331,193.5528
AAPL,332,194.9527
AAPL,333,192.6692
AAPL,334,191.1310
AAPL,335,191.1665
AAPL,336,186.9157
AAPL,337,187.9970
AAPL,338,184.7001
AAPL,339,187.3298
AAPL,340,185.4131
AAPL,341,187.4381
AAPL,342,182.2591
AAPL,343,182.0383
AAPL,344,182.4799
AAPL,345,181.1560
AAPL,346,182.3316
AAPL,347,180.7461
AAPL,348,177.2015
AAPL,349,174.3574
AAPL,350,176.9223
AAPL,351,179.3520
AAPL,352,183.1493
AAPL,353,186.6984
AAPL,354,188.5941
AAPL,355,187.0003
AAPL,356,189.6152
AAPL,357,191.1391
AAPL,358,189.0292
AAPL,359,189.7578
AAPL,360,189.6370
AAPL,361,186.8714
AAPL,362,189.3710
AAPL,363,182.7115
AAPL,364,187.8835
AAPL,365,185.0539
AAPL,366,188.1928
AAPL,367,184.8498
AAPL,368,185.3740
AAPL,369,191.4405
AAPL,370,186.6549
AAPL,371,183.9878
AAPL,372,187.5897
AAPL,373,189.2318
AAPL,374,191.2719
AAPL,375,192.1180
AAPL,376,190.0242
AAPL,377,194.4699
AAPL,378,196.1444
AAPL,379,194.7339
AAPL,380,194.2995
AAPL,381,195.1522
AAPL,382,198.2131
AAPL,383,202.0182
AAPL,384,207.4502
AAPL,385,209.6506
AAPL,386,209.3879
AAPL,387,204.3484
AAPL,388,201.9827
AAPL,389,197.3537
AAPL,390,196.7189
AAPL,391,198.0560
AAPL,392,198.9313
AAPL,393,200.6002
AAPL,394,203.0325
AAPL,395,202.7413
AAPL,396,201.8680
AAPL,397,202.9789
AAPL,398,207.1408
AAPL,399,204.5695
AAPL,400,199.8646
AAPL,401,202.5544
AAPL,402,197.3828
AAPL,403,197.5575
AAPL,404,195.2317
AAPL,405,192.9847
AAPL,406,192.0733
AAPL,407,186.6054
AAPL,408,191.0798
AAPL,409,192.4959
AAPL,410,191.6700
AAPL,411,188.8849
AAPL,412,190.8249
AAPL,413,194.0716
AAPL,414,191.8215
AAPL,415,188.1356
AAPL,416,191.6426
AAPL,417,193.0769
AAPL,418,191.7131
AAPL,419,190.1621
AAPL,420,194.0191
AAPL,421,190.1003
AAPL,422,191.9697
AAPL,423,191.1199
AAPL,424,191.5677
AAPL,425,191.3084
AAPL,426,191.4521
AAPL,427,195.2617
AAPL,428,198.8302
AAPL,429,200.4161
AAPL,430,201.5446
AAPL,431,203.0469
AAPL,432,203.7611
AAPL,433,202.4402
AAPL,434,200.7254
AAPL,435,201.3549
AAPL,436,204.8353
AAPL,437,203.6433
AAPL,438,212.7940
AAPL,439,211.8357
AAPL,440,216.9960
AAPL,441,214.7861
AAPL,442,221.0096
AAPL,443,225.2372
AAPL,444,226.0027
AAPL,445,229.3206
AAPL,446,224.9094
AAPL,447,229.0745
AAPL,448,235.3032
AAPL,449,237.4739
AAPL,450,233.5499
AAPL,451,231.5065
AAPL,452,228.5201
AAPL,453,229.2144
AAPL,454,229.5599
AAPL,455,230.3282
AAPL,456,229.7953
AAPL,457,228.3616
AAPL,458,231.7958
AAPL,459,229.8213
AAPL,460,231.2245
AAPL,461,234.5423
AAPL,462,232.0674
AAPL,463,238.3038
AAPL,464,234.8733
AAPL,465,235.1193
AAPL,466,235.8422
AAPL,467,240.1106
AAPL,468,239.0540
AAPL,469,240.1546
AAPL,470,244.6058
AAPL,471,248.2749
AAPL,472,249.5289
AAPL,473,252.1652
AAPL,474,250.9973
AAPL,475,253.8203
AAPL,476,255.0335
AAPL,477,255.0377
AAPL,478,251.4531
AAPL,479,253.7796
AAPL,480,253.3673
AAPL,481,265.2857
AAPL,482,271.2822
AAPL,483,270.7077
AAPL,484,277.5409
AAPL,485,279.8997
AAPL,486,277.3918
AAPL,487,270.9139
AAPL,488,282.0413
AAPL,489,290.8169
AAPL,490,302.8089
AAPL,491,305.9372
AAPL,492,312.9503
AAPL,493,315.5317
AAPL,494,315.7947
AAPL,495,316.5734
AAPL,496,300.7782
AAPL,497,295.6563
AAPL,498,301.1053
AAPL,499,293.6973
AAPL,500,293.2250
AAPL,501,297.6250
AAPL,502,295.2638
AAPL,503,289.6934
AAPL,504,290.4350
TSLA,0,240.0000
TSLA,1,228.5601
TSLA,2,233.1310
TSLA,3,234.1691
TSLA,4,236.5067
TSLA,5,231.0618
TSLA,6,228.2090
TSLA,7,223.0278
TSLA,8,221.2042
TSLA,9,211.9097
TSLA,10,209.8539
TSLA,11,211.8660
TSLA,12,213.8433
TSLA,13,215.4614
TSLA,14,210.7051
TSLA,15,207.0092
TSLA,16,215.2952
TSLA,17,218.1564
TSLA,18,203.2600
TSLA,19,205.5804
TSLA,20,201.8438
TSLA,21,207.7060
TSLA,22,215.9134
TSLA,23,220.1927
TSLA,24,219.6372
TSLA,25,227.0987
TSLA,26,232.5810
TSLA,27,242.5071
TSLA,28,242.4890
TSLA,29,227.0305
TSLA,30,220.1138
TSLA,31,219.8665
TSLA,32,225.6086
TSLA,33,220.0627
TSLA,34,222.7690
TSLA,35,205.7983
TSLA,36,198.6622
TSLA,37,193.3570
TSLA,38,196.8901
TSLA,39,201.8401
TSLA,40,203.3022
TSLA,41,206.4113
TSLA,42,196.0740
TSLA,43,184.2293
TSLA,44,182.4100
TSLA,45,182.3754
TSLA,46,174.5119
TSLA,47,174.2642
TSLA,48,180.5128
TSLA,49,174.8576
TSLA,50,185.8188
TSLA,51,184.5476
TSLA,52,182.4365
TSLA,53,178.5104
TSLA,54,170.1106
TSLA,55,179.7479
TSLA,56,172.7297
TSLA,57,181.1516
TSLA,58,178.2246
TSLA,59,173.7336
TSLA,60,169.2710
TSLA,61,163.5846
TSLA,62,168.9806
TSLA,63,170.4969
TSLA,64,175.2443
TSLA,65,176.4972
TSLA,66,178.3232
TSLA,67,183.9031
TSLA,68,187.6162
TSLA,69,183.8070
TSLA,70,180.0172
TSLA,71,189.0382
TSLA,72,194.4845
TSLA,73,188.5712
TSLA,74,189.3209
TSLA,75,175.3628
TSLA,76,174.4304
TSLA,77,184.0506
TSLA,78,184.8683
TSLA,79,183.1027
TSLA,80,180.7120
TSLA,81,185.4093
TSLA,82,191.3412
TSLA,83,190.8434
TSLA,84,194.0861
TSLA,85,194.3092
TSLA,86,185.7105
TSLA,87,189.1920
TSLA,88,180.3185
TSLA,89,180.9582
TSLA,90,184.0599
TSLA,91,185.7440
TSLA,92,197.2082
TSLA,93,199.4396
TSLA,94,205.6675
TSLA,95,196.9023
TSLA,96,197.9277
TSLA,97,198.9530
TSLA,98,195.1928
TSLA,99,186.3087
TSLA,100,188.9562
TSLA,101,180.7268
TSLA,102,167.6572
TSLA,103,168.3818
TSLA,104,176.4841
TSLA,105,171.7157
TSLA,106,175.4306
TSLA,107,171.3059
TSLA,108,180.3482
TSLA,109,173.0276
TSLA,110,160.1083
TSLA,111,157.5303
TSLA,112,163.7305
TSLA,113,167.3780
TSLA,114,163.4552
TSLA,115,169.5347
TSLA,116,161.7173
TSLA,117,162.5589
TSLA,118,162.0506
TSLA,119,170.1584
TSLA,120,168.5381
TSLA,121,165.6877
TSLA,122,176.9075
TSLA,123,171.7068
TSLA,124,179.5148
TSLA,125,177.2850
TSLA,126,174.9238
TSLA,127,170.6672
TSLA,128,161.8317
TSLA,129,160.9338
TSLA,130,158.9886
TSLA,131,152.8839
TSLA,132,152.4027
TSLA,133,144.9566
TSLA,134,146.6552
TSLA,135,145.6177
TSLA,136,149.1083
TSLA,137,143.0662
TSLA,138,138.7943
TSLA,139,148.0484
TSLA,140,147.9951
TSLA,141,140.3775
TSLA,142,133.8052
TSLA,143,139.9568
TSLA,144,141.8694
TSLA,145,141.2239
TSLA,146,144.2183
TSLA,147,149.7584
TSLA,148,142.4558
TSLA,149,141.9497
TSLA,150,143.7264
TSLA,151,144.0960
TSLA,152,147.4851
TSLA,153,143.4990
TSLA,154,142.2787
TSLA,155,140.4127
TSLA,156,143.6185
TSLA,157,142.1602
TSLA,158,130.7308
TSLA,159,124.8065
TSLA,160,125.6757
TSLA,161,123.0074
TSLA,162,121.7289
TSLA,163,115.7834
TSLA,164,116.9923
TSLA,165,116.8312
TSLA,166,114.2128
TSLA,167,116.6786
TSLA,168,117.9434
TSLA,169,117.8798
TSLA,170,120.7481
TSLA,171,119.8208
TSLA,172,123.8015
TSLA,173,125.3434
TSLA,174,125.0827
TSLA,175,124.8084
TSLA,176,122.7645
TSLA,177,125.5565
TSLA,178,128.3930
TSLA,179,130.1119
TSLA,180,126.5835
TSLA,181,127.6299
TSLA,182,127.7242
TSLA,183,130.3727
TSLA,184,127.6449
TSLA,185,134.2797
TSLA,186,129.6101
TSLA,187,126.8728
TSLA,188,126.0807
TSLA,189,119.9206
TSLA,190,117.3475
TSLA,191,122.4636
TSLA,192,135.1953
TSLA,193,141.9641
TSLA,194,144.7779
TSLA,195,146.1193
TSLA,196,151.8561
TSLA,197,150.8573
TSLA,198,156.9289
TSLA,199,156.4974
TSLA,200,151.5255
TSLA,201,147.7219
TSLA,202,139.9573
TSLA,203,142.6249
TSLA,204,141.2096
TSLA,205,145.7825
TSLA,206,137.7850
TSLA,207,131.1207
TSLA,208,136.2019
TSLA,209,135.8909
TSLA,210,138.9956
TSLA,211,146.8751
TSLA,212,144.5427
TSLA,213,137.7523
TSLA,214,135.9947
TSLA,215,139.1021
TSLA,216,139.2914
TSLA,217,144.6954
TSLA,218,149.6120
TSLA,219,147.8870
TSLA,220,145.0575
TSLA,221,151.4542
TSLA,222,155.2089
TSLA,223,153.6250
TSLA,224,163.0967
TSLA,225,163.1172
TSLA,226,166.6753
TSLA,227,165.5422
TSLA,228,170.9142
TSLA,229,166.3663
TSLA,230,159.6689
TSLA,231,153.4195
TSLA,232,155.6332
TSLA,233,154.4368
TSLA,234,154.9147
TSLA,235,151.8345
TSLA,236,147.9296
TSLA,237,152.2709
TSLA,238,151.8334
TSLA,239,145.2407
TSLA,240,140.2555
TSLA,241,142.9657
TSLA,242,144.9854
TSLA,243,140.0772
TSLA,244,143.0289
TSLA,245,143.4699
TSLA,246,148.7797
TSLA,247,145.5025
TSLA,248,153.0034
TSLA,249,150.6964
TSLA,250,153.7732
TSLA,251,158.0595
TSLA,252,154.8023
TSLA,253,150.8463
TSLA,254,155.8078
TSLA,255,156.6117
TSLA,256,161.2125
TSLA,257,157.9706
TSLA,258,156.8058
TSLA,259,157.5159
TSLA,260,160.4390
TSLA,261,163.5840
TSLA,262,167.8714
TSLA,263,176.1185
TSLA,264,183.0632
TSLA,265,184.5485
TSLA,266,182.2448
TSLA,267,175.0589
TSLA,268,181.6864
TSLA,269,188.4922
TSLA,270,183.5847
TSLA,271,189.2822
TSLA,272,182.1580
TSLA,273,176.9900
TSLA,274,185.3762
TSLA,275,180.0952
TSLA,276,202.5611
TSLA,277,202.7892
TSLA,278,203.6393
TSLA,279,199.5683
TSLA,280,205.2247
TSLA,281,204.1714
TSLA,282,200.8057
TSLA,283,192.5302
TSLA,284,188.9914
TSLA,285,188.3493
TSLA,286,203.9472
TSLA,287,198.2258
TSLA,288,199.1310
TSLA,289,199.4430
TSLA,290,210.8369
TSLA,291,217.1241
TSLA,292,224.0089
TSLA,293,230.9192
TSLA,294,228.6382
TSLA,295,231.6877
TSLA,296,231.4723
TSLA,297,232.8190
TSLA,298,245.3826
TSLA,299,251.6016
TSLA,300,260.2272
TSLA,301,269.4454
TSLA,302,272.5561
TSLA,303,285.1139
TSLA,304,273.8733
TSLA,305,290.1916
TSLA,306,289.4401
TSLA,307,279.9454
TSLA,308,294.0754
TSLA,309,287.0376
TSLA,310,285.7605
TSLA,311,288.7420
TSLA,312,299.7792
TSLA,313,307.3481
TSLA,314,298.9803
TSLA,315,307.8132
TSLA,316,321.2962
TSLA,317,304.0558
TSLA,318,302.1002
TSLA,319,312.4471
TSLA,320,310.0864
TSLA,321,304.5144
TSLA,322,285.6167
TSLA,323,278.4803
TSLA,324,268.0761
TSLA,325,246.4718
TSLA,326,237.8882
TSLA,327,228.8091
TSLA,328,221.5418
TSLA,329,229.1558
TSLA,330,229.0609
TSLA,331,235.9507
TSLA,332,241.4206
TSLA,333,243.5337
TSLA,334,247.9910
TSLA,335,251.4775
TSLA,336,244.3756
TSLA,337,262.8343
TSLA,338,255.9900
TSLA,339,264.1158
TSLA,340,257.9910
TSLA,341,272.6040
TSLA,342,269.9885
TSLA,343,278.3764
TSLA,344,279.9168
TSLA,345,280.4172
TSLA,346,298.2656
TSLA,347,300.1636
TSLA,348,296.3273
TSLA,349,305.6347
TSLA,350,313.2449
TSLA,351,318.5567
TSLA,352,333.5450
TSLA,353,326.5445
TSLA,354,329.1155
TSLA,355,332.2797
TSLA,356,330.7243
TSLA,357,345.2536
TSLA,358,343.7501
TSLA,359,339.0423
TSLA,360,336.4753
TSLA,361,321.4968
TSLA,362,335.1231
TSLA,363,332.7622
TSLA,364,341.5879
TSLA,365,328.9703
TSLA,366,349.2814
TSLA,367,338.8536
TSLA,368,340.2842
TSLA,369,362.4489
TSLA,370,360.9231
TSLA,371,357.6675
TSLA,372,347.0311
TSLA,373,379.1804
TSLA,374,383.8026
TSLA,375,380.8671
TSLA,376,364.4471
TSLA,377,380.9151
TSLA,378,377.6620
TSLA,379,381.5412
TSLA,380,374.4445
TSLA,381,382.7522
TSLA,382,379.2494
TSLA,383,363.4792
TSLA,384,373.4030
TSLA,385,362.1563
TSLA,386,373.8764
TSLA,387,333.8560
TSLA,388,332.4414
TSLA,389,311.2253
TSLA,390,321.0763
TSLA,391,324.0180
TSLA,392,330.5269
TSLA,393,329.6103
TSLA,394,310.6144
TSLA,395,331.1534
TSLA,396,327.3145
TSLA,397,331.1023
TSLA,398,325.3562
TSLA,399,314.0873
TSLA,400,328.7097
TSLA,401,326.8623
TSLA,402,342.2326
TSLA,403,357.0159
TSLA,404,345.3167
TSLA,405,359.4459
TSLA,406,343.5738
TSLA,407,338.5077
TSLA,408,340.7659
TSLA,409,328.7735
TSLA,410,327.7714
TSLA,411,314.4150
TSLA,412,327.3862
TSLA,413,333.2987
TSLA,414,323.0946
TSLA,415,329.2539
TSLA,416,319.4113
TSLA,417,313.1174
TSLA,418,301.9415
TSLA,419,288.2884
TSLA,420,301.4521
TSLA,421,281.9604
TSLA,422,284.3450
TSLA,423,276.0126
TSLA,424,271.6499
TSLA,425,259.2902
TSLA,426,259.5266
TSLA,427,269.5647
TSLA,428,273.4595
TSLA,429,274.7486
TSLA,430,274.7654
TSLA,431,267.2404
TSLA,432,281.7807
TSLA,433,278.2597
TSLA,434,277.2767
TSLA,435,269.5699
TSLA,436,280.3307
TSLA,437,273.8513
TSLA,438,287.6657
TSLA,439,289.9949
TSLA,440,289.7448
TSLA,441,283.8492
TSLA,442,286.1657
TSLA,443,309.6748
TSLA,444,320.4756
TSLA,445,328.7758
TSLA,446,328.2416
TSLA,447,316.0717
TSLA,448,323.1758
TSLA,449,333.8909
TSLA,450,314.5841
TSLA,451,314.3892
TSLA,452,319.4706
TSLA,453,330.4424
TSLA,454,327.5259
TSLA,455,351.6381
TSLA,456,343.7132
TSLA,457,337.1852
TSLA,458,337.8558
TSLA,459,331.5266
TSLA,460,320.5294
TSLA,461,324.2360
TSLA,462,316.1685
TSLA,463,326.2555
TSLA,464,341.8350
TSLA,465,328.3487
TSLA,466,328.5923
TSLA,467,334.8327
TSLA,468,333.1338
TSLA,469,356.7120
TSLA,470,337.5244
TSLA,471,343.6435
TSLA,472,331.0329
TSLA,473,331.6804
TSLA,474,318.7931
TSLA,475,320.7006
TSLA,476,313.9957
TSLA,477,319.5698
TSLA,478,327.9856
TSLA,479,337.5058
TSLA,480,343.8724
TSLA,481,358.8772
TSLA,482,367.5609
TSLA,483,364.7053
TSLA,484,375.5332
TSLA,485,378.7784
TSLA,486,353.7495
TSLA,487,360.0353
TSLA,488,381.1972
TSLA,489,403.5290
TSLA,490,418.1670
TSLA,491,435.3311
TSLA,492,463.2682
TSLA,493,486.4810
TSLA,494,485.0914
TSLA,495,488.4254
TSLA,496,480.7533
TSLA,497,454.1559
TSLA,498,474.7951
TSLA,499,456.9000
TSLA,500,456.2129
TSLA,501,424.5395
TSLA,502,440.2531
TSLA,503,440.4961
TSLA,504,465.3170
AMZN,0,130.0000
AMZN,1,127.7333
AMZN,2,126.7050
AMZN,3,127.4796
AMZN,4,127.9236
AMZN,5,128.4037
AMZN,6,127.8220
AMZN,7,127.2060
AMZN,8,126.2881
AMZN,9,126.0773
AMZN,10,124.0858
AMZN,11,124.3650
AMZN,12,125.4490
AMZN,13,124.2144
AMZN,14,122.3230
AMZN,15,119.3901
AMZN,16,124.6760
AMZN,17,123.0861
AMZN,18,117.9895
AMZN,19,119.3891
AMZN,20,119.0352
AMZN,21,114.3871
AMZN,22,116.1031
AMZN,23,117.5447
AMZN,24,114.0584
AMZN,25,109.6609
AMZN,26,110.1172
AMZN,27,112.0491
AMZN,28,112.5424
AMZN,29,112.5593
AMZN,30,112.7911
AMZN,31,115.6155
AMZN,32,114.9596
AMZN,33,110.6009
AMZN,34,112.1665
AMZN,35,108.1118
AMZN,36,106.1457
AMZN,37,103.8097
AMZN,38,104.3627
AMZN,39,104.4510
AMZN,40,105.8498
AMZN,41,106.7287
AMZN,42,105.5782
AMZN,43,103.8358
AMZN,44,103.9118
AMZN,45,104.9116
AMZN,46,102.2309
AMZN,47,101.4266
AMZN,48,103.0285
AMZN,49,102.6632
AMZN,50,100.9273
AMZN,51,102.6305
AMZN,52,100.6900
AMZN,53,97.3666
AMZN,54,97.8934
AMZN,55,97.8953
AMZN,56,92.7836
AMZN,57,93.3927
AMZN,58,92.9539
AMZN,59,89.4239
AMZN,60,89.3385
AMZN,61,89.6761
AMZN,62,91.7999
AMZN,63,92.0953
AMZN,64,93.1167
AMZN,65,95.6998
AMZN,66,97.3800
AMZN,67,98.9412
AMZN,68,100.7215
AMZN,69,102.2048
AMZN,70,102.6206
AMZN,71,106.8807
AMZN,72,109.1557
AMZN,73,107.2899
AMZN,74,108.7820
AMZN,75,104.0287
AMZN,76,108.2288
AMZN,77,111.2324
AMZN,78,111.9187
AMZN,79,112.8901
AMZN,80,109.1373
AMZN,81,108.4331
AMZN,82,107.6594
AMZN,83,106.7581
AMZN,84,107.0444
AMZN,85,105.1065
AMZN,86,104.9503
AMZN,87,103.6161
AMZN,88,102.5886
AMZN,89,105.4715
AMZN,90,104.2285
AMZN,91,104.2141
AMZN,92,106.6732
AMZN,93,106.1477
AMZN,94,107.5783
AMZN,95,107.8090
AMZN,96,108.8372
AMZN,97,112.0198
AMZN,98,111.9550
AMZN,99,112.4267
AMZN,100,115.9663
AMZN,101,112.7852
AMZN,102,105.6565
AMZN,103,106.0830
AMZN,104,106.1357
AMZN,105,106.7477
AMZN,106,108.3262
AMZN,107,110.0997
AMZN,108,111.4747
AMZN,109,104.6038
AMZN,110,100.9203
AMZN,111,100.8086
AMZN,112,104.1429
AMZN,113,103.8130
AMZN,114,104.1536
AMZN,115,103.0826
AMZN,116,102.9389
AMZN,117,101.8279
AMZN,118,102.5786
AMZN,119,106.1316
AMZN,120,103.9245
AMZN,121,103.2761
AMZN,122,104.7952
AMZN,123,101.6056
AMZN,124,105.1500
AMZN,125,103.3849
AMZN,126,104.1420
AMZN,127,105.4258
AMZN,128,106.3735
AMZN,129,107.9603
AMZN,130,106.8107
AMZN,131,104.1373
AMZN,132,104.8829
AMZN,133,101.9553
AMZN,134,104.9037
AMZN,135,104.7224
AMZN,136,108.3700
AMZN,137,110.2365
AMZN,138,107.4248
AMZN,139,106.8013
AMZN,140,107.0828
AMZN,141,105.6566
AMZN,142,106.6865
AMZN,143,107.6617
AMZN,144,104.7184
AMZN,145,102.4582
AMZN,146,101.4394
AMZN,147,105.4461
AMZN,148,107.8093
AMZN,149,106.3483
AMZN,150,105.7031
AMZN,151,102.5092
AMZN,152,104.5256
AMZN,153,104.1567
AMZN,154,104.8524
AMZN,155,105.2988
AMZN,156,107.4204
AMZN,157,107.9938
AMZN,158,105.2363
AMZN,159,104.3009
AMZN,160,99.2456
AMZN,161,95.7610
AMZN,162,93.2821
AMZN,163,94.1374
AMZN,164,93.5933
AMZN,165,95.6460
AMZN,166,94.9786
AMZN,167,95.7665
AMZN,168,95.3766
AMZN,169,94.5037
AMZN,170,94.8376
AMZN,171,95.2446
AMZN,172,95.3028
AMZN,173,95.3390
AMZN,174,94.4762
AMZN,175,95.4757
AMZN,176,94.2202
AMZN,177,95.7818
AMZN,178,98.7163
AMZN,179,99.4610
AMZN,180,97.4422
AMZN,181,99.5496
AMZN,182,99.9063
AMZN,183,99.0047
AMZN,184,98.0031
AMZN,185,102.5686
AMZN,186,102.2419
AMZN,187,100.1777
AMZN,188,101.1368
AMZN,189,100.6210
AMZN,190,99.6603
AMZN,191,102.7430
AMZN,192,104.8598
AMZN,193,107.3012
AMZN,194,110.7498
AMZN,195,110.2754
AMZN,196,109.4438
AMZN,197,108.5048
AMZN,198,114.3341
AMZN,199,116.0916
AMZN,200,116.5771
AMZN,201,113.1539
AMZN,202,110.1878
AMZN,203,115.2186
AMZN,204,115.6620
AMZN,205,115.3582
AMZN,206,110.9462
AMZN,207,110.7558
AMZN,208,111.4631
AMZN,209,111.1235
AMZN,210,113.9888
AMZN,211,115.4891
AMZN,212,113.1026
AMZN,213,113.7036
AMZN,214,112.9234
AMZN,215,113.2718
AMZN,216,114.2774
AMZN,217,114.7694
AMZN,218,113.3025
AMZN,219,112.4149
AMZN,220,110.9904
AMZN,221,111.0079
AMZN,222,110.7346
AMZN,223,108.7776
AMZN,224,110.1647
AMZN,225,109.3026
AMZN,226,110.8455
AMZN,227,110.5574
AMZN,228,107.4919
AMZN,229,109.1117
AMZN,230,109.0110
AMZN,231,106.1343
AMZN,232,105.8808
AMZN,233,105.5457
AMZN,234,107.8685
AMZN,235,106.1774
AMZN,236,104.2138
AMZN,237,105.9601
AMZN,238,105.9490
AMZN,239,105.9747
AMZN,240,101.5731
AMZN,241,103.6908
AMZN,242,102.9414
AMZN,243,103.6929
AMZN,244,106.2991
AMZN,245,106.3452
AMZN,246,109.3374
AMZN,247,106.5466
AMZN,248,107.2763
AMZN,249,109.1646
AMZN,250,115.2200
AMZN,251,117.2607
AMZN,252,118.9143
AMZN,253,118.9058
AMZN,254,118.7110
AMZN,255,120.6105
AMZN,256,124.3839
AMZN,257,119.7921
AMZN,258,120.0703
AMZN,259,122.2350
AMZN,260,122.6753
AMZN,261,125.2203
AMZN,262,126.6979
AMZN,263,128.0501
AMZN,264,131.8761
AMZN,265,131.4820
AMZN,266,126.4927
AMZN,267,125.5939
AMZN,268,125.9988
AMZN,269,127.4315
AMZN,270,129.3537
AMZN,271,131.9840
AMZN,272,133.1123
AMZN,273,128.5691
AMZN,274,130.5603
AMZN,275,130.3090
AMZN,276,135.7848
AMZN,277,135.4707
AMZN,278,136.9127
AMZN,279,136.5849
AMZN,280,136.0015
AMZN,281,132.1717
AMZN,282,128.9611
AMZN,283,127.2703
AMZN,284,125.8580
AMZN,285,123.4839
AMZN,286,125.6685
AMZN,287,124.4196
AMZN,288,125.8488
AMZN,289,123.3339
AMZN,290,126.1617
AMZN,291,129.6215
AMZN,292,133.0378
AMZN,293,132.3468
AMZN,294,133.2023
AMZN,295,133.0898
AMZN,296,132.2459
AMZN,297,134.5639
AMZN,298,139.8682
AMZN,299,145.2114
AMZN,300,145.9272
AMZN,301,150.4112
AMZN,302,146.8230
AMZN,303,149.4314
AMZN,304,152.4062
AMZN,305,158.7521
AMZN,306,154.9709
AMZN,307,155.6943
AMZN,308,157.3828
AMZN,309,152.2254
AMZN,310,152.7660
AMZN,311,157.9291
AMZN,312,166.9164
AMZN,313,174.4542
AMZN,314,174.4298
AMZN,315,177.4320
AMZN,316,174.5920
AMZN,317,169.0380
AMZN,318,169.7308
AMZN,319,175.0012
AMZN,320,172.9228
AMZN,321,165.4240
AMZN,322,161.0568
AMZN,323,159.8900
AMZN,324,159.9800
AMZN,325,153.5606
AMZN,326,158.7238
AMZN,327,153.1231
AMZN,328,151.3159
AMZN,329,154.0917
AMZN,330,153.5846
AMZN,331,155.1825
AMZN,332,155.7423
AMZN,333,151.5016
AMZN,334,154.2879
AMZN,335,158.3118
AMZN,336,154.1319
AMZN,337,156.0458
AMZN,338,153.7779
AMZN,339,159.1054
AMZN,340,160.7348
AMZN,341,163.8819
AMZN,342,163.5640
AMZN,343,162.4517
AMZN,344,165.8029
AMZN,345,165.4338
AMZN,346,163.4868
AMZN,347,166.3414
AMZN,348,165.6197
AMZN,349,164.9547
AMZN,350,164.0796
AMZN,351,163.0478
AMZN,352,166.6100
AMZN,353,168.9922
AMZN,354,167.7510
AMZN,355,162.5386
AMZN,356,162.3672
AMZN,357,164.3207
AMZN,358,164.4559
AMZN,359,167.7419
AMZN,360,168.0350
AMZN,361,163.6402
AMZN,362,166.4730
AMZN,363,164.9481
AMZN,364,168.2107
AMZN,365,170.4838
AMZN,366,174.3991
AMZN,367,169.3134
AMZN,368,165.2354
AMZN,369,171.7899
AMZN,370,170.7520
AMZN,371,166.8241
AMZN,372,165.3673
AMZN,373,166.7599
AMZN,374,168.0464
AMZN,375,167.2675
AMZN,376,167.7471
AMZN,377,170.6585
AMZN,378,175.4619
AMZN,379,174.2371
AMZN,380,175.3377
AMZN,381,177.1319
AMZN,382,172.5385
AMZN,383,171.5991
AMZN,384,173.9718
AMZN,385,170.6167
AMZN,386,170.8274
AMZN,387,163.7046
AMZN,388,162.1959
AMZN,389,157.8003
AMZN,390,158.9363
AMZN,391,159.2765
AMZN,392,159.6161
AMZN,393,162.6721
AMZN,394,161.0670
AMZN,395,156.9168
AMZN,396,156.7591
AMZN,397,160.5419
AMZN,398,166.1100
AMZN,399,166.4916
AMZN,400,167.6248
AMZN,401,165.0150
AMZN,402,164.4540
AMZN,403,161.0135
AMZN,404,155.5758
AMZN,405,150.6711
AMZN,406,148.7726
AMZN,407,146.2438
AMZN,408,150.5167
AMZN,409,151.7138
AMZN,410,147.9794
AMZN,411,149.2962
AMZN,412,148.4916
AMZN,413,152.7028
AMZN,414,152.9696
AMZN,415,145.9368
AMZN,416,146.8622
AMZN,417,148.0440
AMZN,418,146.6855
AMZN,419,146.2243
AMZN,420,148.6613
AMZN,421,149.8755
AMZN,422,150.5759
AMZN,423,151.2610
AMZN,424,150.6662
AMZN,425,149.1028
AMZN,426,147.4910
AMZN,427,149.7212
AMZN,428,151.1055
AMZN,429,145.3246
AMZN,430,149.1688
AMZN,431,147.8968
AMZN,432,152.5764
AMZN,433,148.9719
AMZN,434,146.8947
AMZN,435,145.0067
AMZN,436,148.4041
AMZN,437,148.2680
AMZN,438,152.0560
AMZN,439,153.3994
AMZN,440,156.9762
AMZN,441,154.8672
AMZN,442,157.4191
AMZN,443,163.9450
AMZN,444,161.1100
AMZN,445,167.5820
AMZN,446,165.4199
AMZN,447,166.3875
AMZN,448,173.4096
AMZN,449,172.4388
AMZN,450,168.2591
AMZN,451,169.8512
AMZN,452,172.6801
AMZN,453,179.8969
AMZN,454,175.6573
AMZN,455,176.1052
AMZN,456,176.8419
AMZN,457,178.6122
AMZN,458,180.1984
AMZN,459,173.4155
AMZN,460,172.1298
AMZN,461,169.9308
AMZN,462,163.6671
AMZN,463,164.5581
AMZN,464,171.2758
AMZN,465,172.7420
AMZN,466,175.0907
AMZN,467,176.1320
AMZN,468,176.3906
AMZN,469,178.3418
AMZN,470,180.9767
AMZN,471,175.9174
AMZN,472,175.4609
AMZN,473,178.9783
AMZN,474,181.3113
AMZN,475,187.8839
AMZN,476,188.9072
AMZN,477,188.4430
AMZN,478,183.5583
AMZN,479,187.4286
AMZN,480,190.2853
AMZN,481,197.3115
AMZN,482,202.0139
AMZN,483,207.1864
AMZN,484,207.8810
AMZN,485,211.6747
AMZN,486,210.1893
AMZN,487,206.6876
AMZN,488,213.6174
AMZN,489,223.1000
AMZN,490,228.4876
AMZN,491,237.4854
AMZN,492,251.2421
AMZN,493,261.8200
AMZN,494,269.4479
AMZN,495,271.6889
AMZN,496,256.5512
AMZN,497,253.4502
AMZN,498,265.6608
AMZN,499,267.2116
AMZN,500,263.6959
AMZN,501,266.2655
AMZN,502,261.3788
AMZN,503,249.3950
AMZN,504,249.8236
JPM,0,150.0000
JPM,1,150.1404
JPM,2,152.2018
JPM,3,156.6100
JPM,4,154.9878
JPM,5,154.6161
JPM,6,152.8079
JPM,7,153.5628
JPM,8,153.9764
JPM,9,151.9737
JPM,10,152.2654
JPM,11,155.0210
JPM,12,159.1181
JPM,13,157.8856
JPM,14,161.9803
JPM,15,158.5843
JPM,16,160.8382
JPM,17,160.2720
JPM,18,159.3348
JPM,19,160.4429
JPM,20,157.5906
JPM,21,153.5935
JPM,22,154.7690
JPM,23,154.2216
JPM,24,155.4409
JPM,25,154.3724
JPM,26,154.9830
JPM,27,159.0291
JPM,28,163.1756
JPM,29,163.0502
JPM,30,164.7137
JPM,31,163.6425
JPM,32,168.6281
JPM,33,161.8542
JPM,34,164.5787
JPM,35,160.4684
JPM,36,161.1850
JPM,37,159.1143
JPM,38,158.8567
JPM,39,156.3981
JPM,40,158.5536
JPM,41,157.7176
JPM,42,153.1432
JPM,43,148.3379
JPM,44,151.7950
JPM,45,149.0380
JPM,46,147.7250
JPM,47,145.7016
JPM,48,143.8998
JPM,49,144.1443
JPM,50,141.9616
JPM,51,144.1168
JPM,52,141.4840
JPM,53,144.2622
JPM,54,148.0011
JPM,55,150.0954
JPM,56,144.6607
JPM,57,145.4369
JPM,58,146.0319
JPM,59,141.5926
JPM,60,141.1518
JPM,61,140.8256
JPM,62,138.7327
JPM,63,139.6843
JPM,64,141.2400
JPM,65,141.9255
JPM,66,142.9442
JPM,67,145.1352
JPM,68,145.8840
JPM,69,143.4903
JPM,70,142.6414
JPM,71,151.3775
JPM,72,148.6893
JPM,73,148.1028
JPM,74,146.1027
JPM,75,142.3901
JPM,76,142.9179
JPM,77,146.9245
JPM,78,147.3207
JPM,79,148.0693
JPM,80,145.3217
JPM,81,145.6070
JPM,82,142.8131
JPM,83,144.3354
JPM,84,144.3501
JPM,85,142.5248
JPM,86,138.6974
JPM,87,139.7896
JPM,88,136.5074
JPM,89,136.3284
JPM,90,135.2624
JPM,91,133.1013
JPM,92,135.9224
JPM,93,137.6375
JPM,94,137.1952
JPM,95,135.9489
JPM,96,136.9323
JPM,97,133.2440
JPM,98,131.3960
JPM,99,129.6223
JPM,100,134.3441
JPM,101,131.8438
JPM,102,127.5619
JPM,103,126.4605
JPM,104,130.0545
JPM,105,128.8949
JPM,106,128.4903
JPM,107,128.9037
JPM,108,129.3413
JPM,109,128.0772
JPM,110,126.5184
JPM,111,126.2550
JPM,112,132.3655
JPM,113,131.8236
JPM,114,128.3639
JPM,115,128.9324
JPM,116,130.9594
JPM,117,131.3947
JPM,118,130.7204
JPM,119,133.7573
JPM,120,134.1871
JPM,121,137.7156
JPM,122,141.8767
JPM,123,141.5672
JPM,124,143.6343
JPM,125,142.7469
JPM,126,138.8752
JPM,127,138.0791
JPM,128,139.2139
JPM,129,139.9358
JPM,130,137.0788
JPM,131,133.9205
JPM,132,129.7810
JPM,133,126.0668
JPM,134,129.1114
JPM,135,127.8031
JPM,136,125.0882
JPM,137,125.4086
JPM,138,123.5123
JPM,139,123.7673
JPM,140,123.2734
JPM,141,121.1286
JPM,142,117.2764
JPM,143,117.0119
JPM,144,115.4227
JPM,145,114.4305
JPM,146,113.5665
JPM,147,112.5635
JPM,148,111.2309
JPM,149,106.9130
JPM,150,104.2414
JPM,151,104.5717
JPM,152,105.6596
JPM,153,106.6393
JPM,154,108.2421
JPM,155,108.7283
JPM,156,109.3362
JPM,157,110.5575
JPM,158,110.3455
JPM,159,110.0862
JPM,160,111.0988
JPM,161,109.1417
JPM,162,107.5418
JPM,163,106.8583
JPM,164,106.6107
JPM,165,104.7941
JPM,166,104.9180
JPM,167,104.6577
JPM,168,102.3555
JPM,169,102.5473
JPM,170,103.1146
JPM,171,104.8757
JPM,172,105.2149
JPM,173,104.8699
JPM,174,102.6473
JPM,175,102.7854
JPM,176,104.3586
JPM,177,105.4350
JPM,178,106.4264
JPM,179,110.9007
JPM,180,110.8443
JPM,181,115.3379
JPM,182,116.1016
JPM,183,116.3172
JPM,184,116.0481
JPM,185,115.9990
JPM,186,115.9296
JPM,187,113.5410
JPM,188,111.7852
JPM,189,112.2486
JPM,190,111.3233
JPM,191,113.7606
JPM,192,114.5729
JPM,193,116.9075
JPM,194,119.5856
JPM,195,118.6542
JPM,196,118.6755
JPM,197,119.9401
JPM,198,120.6975
JPM,199,118.6059
JPM,200,117.2929
JPM,201,117.2431
JPM,202,117.0894
JPM,203,115.9866
JPM,204,114.3211
JPM,205,114.1483
JPM,206,111.9213
JPM,207,112.8693
JPM,208,114.4151
JPM,209,115.5814
JPM,210,116.6196
JPM,211,116.8139
JPM,212,117.7175
JPM,213,115.0685
JPM,214,116.6230
JPM,215,116.4880
JPM,216,116.4170
JPM,217,113.5941
JPM,218,111.3309
JPM,219,113.6408
JPM,220,114.6839
JPM,221,117.3512
JPM,222,117.6243
JPM,223,118.1691
JPM,224,120.6517
JPM,225,122.7667
JPM,226,124.3503
JPM,227,125.7962
JPM,228,123.1213
JPM,229,122.1234
JPM,230,123.7766
JPM,231,119.7688
JPM,232,120.6423
JPM,233,123.1894
JPM,234,125.2368
JPM,235,124.7262
JPM,236,126.7614
JPM,237,129.6418
JPM,238,128.6380
JPM,239,126.9087
JPM,240,126.0206
JPM,241,127.8868
JPM,242,125.9738
JPM,243,125.2070
JPM,244,124.4649
JPM,245,122.4555
JPM,246,126.6245
JPM,247,125.3292
JPM,248,127.4606
JPM,249,126.9855
JPM,250,127.6358
JPM,251,125.7867
JPM,252,126.4919
JPM,253,126.1608
JPM,254,124.6856
JPM,255,124.9962
JPM,256,127.2736
JPM,257,124.1970
JPM,258,125.7127
JPM,259,128.4979
JPM,260,128.5519
JPM,261,129.3132
JPM,262,130.1779
JPM,263,131.1026
JPM,264,133.5976
JPM,265,134.6979
JPM,266,131.5561
JPM,267,133.0535
JPM,268,133.7504
JPM,269,131.4137
JPM,270,130.8311
JPM,271,130.3776
JPM,272,128.1553
JPM,273,128.5270
JPM,274,127.9556
JPM,275,126.4440
JPM,276,129.3496
JPM,277,131.6536
JPM,278,132.5838
JPM,279,134.8866
JPM,280,134.6269
JPM,281,133.8726
JPM,282,130.8410
JPM,283,128.6161
JPM,284,126.1466
JPM,285,123.5429
JPM,286,124.9241
JPM,287,123.8079
JPM,288,121.9484
JPM,289,119.6787
JPM,290,118.5705
JPM,291,120.4696
JPM,292,120.8140
JPM,293,122.0812
JPM,294,121.9327
JPM,295,122.3509
JPM,296,125.0842
JPM,297,126.8057
JPM,298,129.8214
JPM,299,130.7519
JPM,300,130.0061
JPM,301,128.4674
JPM,302,128.0964
JPM,303,129.9751
JPM,304,129.8367
JPM,305,132.9199
JPM,306,132.6578
JPM,307,131.2655
JPM,308,132.1202
JPM,309,129.4897
JPM,310,128.3006
JPM,311,129.6678
JPM,312,130.8363
JPM,313,132.1738
JPM,314,132.1510
JPM,315,134.8018
JPM,316,134.1017
JPM,317,134.4079
JPM,318,134.8453
JPM,319,135.7137
JPM,320,138.1129
JPM,321,136.8533
JPM,322,134.4315
JPM,323,133.4786
JPM,324,132.9947
JPM,325,132.4092
JPM,326,129.8988
JPM,327,128.5900
JPM,328,126.7102
JPM,329,126.6260
JPM,330,126.7346
JPM,331,126.3406
JPM,332,128.0240
JPM,333,127.4861
JPM,334,128.4502
JPM,335,129.0068
JPM,336,127.0906
JPM,337,126.6923
JPM,338,127.2668
JPM,339,127.4641
JPM,340,125.0023
JPM,341,124.8511
JPM,342,124.8779
JPM,343,125.3661
JPM,344,124.4620
JPM,345,122.6664
JPM,346,123.4769
JPM,347,125.2862
JPM,348,126.4695
JPM,349,123.8772
JPM,350,126.3858
JPM,351,126.1226
JPM,352,129.9661
JPM,353,132.1274
JPM,354,130.5003
JPM,355,128.6134
JPM,356,127.5698
JPM,357,127.8652
JPM,358,126.9049
JPM,359,126.0679
JPM,360,125.9383
JPM,361,126.4415
JPM,362,127.9376
JPM,363,126.7220
JPM,364,127.0097
JPM,365,128.0368
JPM,366,129.2830
JPM,367,126.1127
JPM,368,128.3239
JPM,369,127.6986
JPM,370,130.3285
JPM,371,130.4653
JPM,372,129.0688
JPM,373,130.7346
JPM,374,131.9871
JPM,375,133.0407
JPM,376,133.2894
JPM,377,133.9928
JPM,378,136.2967
JPM,379,132.3261
JPM,380,135.6224
JPM,381,130.7785
JPM,382,130.1962
JPM,383,131.6617
JPM,384,132.3333
JPM,385,130.6119
JPM,386,129.4141
JPM,387,126.8486
JPM,388,124.9179
JPM,389,124.5279
JPM,390,125.3696
JPM,391,123.9671
JPM,392,125.9407
JPM,393,127.4292
JPM,394,127.4653
JPM,395,126.9006
JPM,396,127.9313
JPM,397,127.0784
JPM,398,128.3277
JPM,399,126.1133
JPM,400,128.6562
JPM,401,132.1017
JPM,402,133.0668
JPM,403,130.9214
JPM,404,126.8960
JPM,405,125.8669
JPM,406,123.5461
JPM,407,122.9677
JPM,408,124.7029
JPM,409,125.2248
JPM,410,126.5207
JPM,411,128.2917
JPM,412,130.4863
JPM,413,133.5605
JPM,414,133.6516
JPM,415,132.0583
JPM,416,132.8266
JPM,417,132.7812
JPM,418,133.3586
JPM,419,131.6019
JPM,420,134.4358
JPM,421,135.5590
JPM,422,136.3319
JPM,423,134.8193
JPM,424,135.2881
JPM,425,135.5291
JPM,426,137.0783
JPM,427,136.9084
JPM,428,135.7218
JPM,429,134.6383
JPM,430,136.4162
JPM,431,133.0388
JPM,432,130.8345
JPM,433,130.3175
JPM,434,128.2305
JPM,435,128.6595
JPM,436,129.8512
JPM,437,128.3243
JPM,438,130.3377
JPM,439,131.0694
JPM,440,130.8964
JPM,441,128.1306
JPM,442,130.2313
JPM,443,130.5564
JPM,444,129.5571
JPM,445,132.6365
JPM,446,130.3429
JPM,447,130.0322
JPM,448,132.5394
JPM,449,131.5089
JPM,450,131.1394
JPM,451,128.1501
JPM,452,128.0265
JPM,453,126.2801
JPM,454,127.0331
JPM,455,126.7743
JPM,456,128.0701
JPM,457,129.7625
JPM,458,130.4600
JPM,459,127.9431
JPM,460,127.2965
JPM,461,128.3574
JPM,462,128.7295
JPM,463,131.0378
JPM,464,132.4475
JPM,465,134.5155
JPM,466,134.2902
JPM,467,135.7737
JPM,468,137.1543
JPM,469,138.8995
JPM,470,139.1480
JPM,471,136.0595
JPM,472,136.2345
JPM,473,136.1425
JPM,474,134.7597
JPM,475,137.1093
JPM,476,139.1522
JPM,477,141.3558
JPM,478,136.7781
JPM,479,138.3022
JPM,480,136.7520
JPM,481,138.1543
JPM,482,141.9889
JPM,483,144.7480
JPM,484,147.5936
JPM,485,149.5656
JPM,486,150.5542
JPM,487,150.0204
JPM,488,154.4600
JPM,489,154.4036
JPM,490,153.4914
JPM,491,155.7054
JPM,492,159.3515
JPM,493,164.7817
JPM,494,171.4458
JPM,495,168.6230
JPM,496,167.7267
JPM,497,162.8399
JPM,498,166.0853
JPM,499,164.7041
JPM,500,161.9025
JPM,501,160.0242
JPM,502,162.3589
JPM,503,161.5695
JPM,504,158.8826
XOM,0,105.0000
XOM,1,104.5623
XOM,2,105.0196
XOM,3,105.3488
XOM,4,105.3074
XOM,5,104.3339
XOM,6,103.0460
XOM,7,102.6886
XOM,8,102.4844
XOM,9,102.9459
XOM,10,102.2075
XOM,11,100.9702
XOM,12,106.3639
XOM,13,104.2753
XOM,14,103.7700
XOM,15,103.2694
XOM,16,102.0892
XOM,17,101.6394
XOM,18,98.9808
XOM,19,97.6788
XOM,20,95.9064
XOM,21,97.5230
XOM,22,95.9373
XOM,23,96.4586
XOM,24,97.3197
XOM,25,97.3320
XOM,26,99.5799
XOM,27,98.9279
XOM,28,100.8618
XOM,29,101.4875
XOM,30,102.1549
XOM,31,100.7063
XOM,32,101.3264
XOM,33,99.8830
XOM,34,99.9395
XOM,35,98.8163
XOM,36,101.3856
XOM,37,101.5040
XOM,38,101.9569
XOM,39,98.4048
XOM,40,98.4177
XOM,41,99.0679
XOM,42,95.9013
XOM,43,94.2911
XOM,44,94.9008
XOM,45,95.3090
XOM,46,93.3352
XOM,47,91.7806
XOM,48,91.4443
XOM,49,90.1831
XOM,50,89.2473
XOM,51,90.3779
XOM,52,91.6015
XOM,53,95.8712
XOM,54,96.8803
XOM,55,97.9659
XOM,56,97.2000
XOM,57,97.1078
XOM,58,96.9321
XOM,59,95.4877
XOM,60,93.6733
XOM,61,94.5020
XOM,62,90.9955
XOM,63,90.9969
XOM,64,92.2723
XOM,65,92.8829
XOM,66,92.9950
XOM,67,93.5011
XOM,68,92.9775
XOM,69,89.4736
XOM,70,88.1743
XOM,71,91.4262
XOM,72,91.9823
XOM,73,90.3031
XOM,74,88.3137
XOM,75,88.5133
XOM,76,87.0511
XOM,77,85.5514
XOM,78,86.3145
XOM,79,88.0506
XOM,80,89.1170
XOM,81,88.2839
XOM,82,88.2927
XOM,83,90.6154
XOM,84,91.6569
XOM,85,89.9577
XOM,86,89.2955
XOM,87,90.4102
XOM,88,89.2830
XOM,89,90.8958
XOM,90,91.0571
XOM,91,88.5364
XOM,92,91.0267
XOM,93,90.8327
XOM,94,90.5138
XOM,95,91.8097
XOM,96,91.3959
XOM,97,88.7318
XOM,98,85.8983
XOM,99,86.3063
XOM,100,90.2017
XOM,101,88.2880
XOM,102,88.7510
XOM,103,86.9696
XOM,104,87.2455
XOM,105,86.1983
XOM,106,87.1410
XOM,107,86.8873
XOM,108,86.3939
XOM,109,86.7548
XOM,110,88.4813
XOM,111,86.1200
XOM,112,87.4343
XOM,113,88.0925
XOM,114,88.3873
XOM,115,89.1532
XOM,116,88.0452
XOM,117,86.2243
XOM,118,89.1001
XOM,119,92.1064
XOM,120,92.1046
XOM,121,94.9847
XOM,122,96.5629
XOM,123,98.0636
XOM,124,99.3079
XOM,125,97.4399
XOM,126,96.5332
XOM,127,93.4339
XOM,128,94.1763
XOM,129,94.2067
XOM,130,92.6123
XOM,131,91.9576
XOM,132,91.3923
XOM,133,88.3759
XOM,134,87.2647
XOM,135,87.6536
XOM,136,89.4019
XOM,137,89.2712
XOM,138,90.4564
XOM,139,93.0971
XOM,140,90.6230
XOM,141,90.2451
XOM,142,89.3471
XOM,143,86.3823
XOM,144,88.4499
XOM,145,89.4350
XOM,146,89.6615
XOM,147,89.5759
XOM,148,89.1736
XOM,149,86.6197
XOM,150,85.4785
XOM,151,85.5344
XOM,152,85.5285
XOM,153,85.9261
XOM,154,84.4448
XOM,155,83.6495
XOM,156,84.8522
XOM,157,82.8119
XOM,158,81.4946
XOM,159,81.0485
XOM,160,77.5406
XOM,161,75.7866
XOM,162,74.4809
XOM,163,74.3998
XOM,164,74.0684
XOM,165,74.5189
XOM,166,73.6483
XOM,167,76.2259
XOM,168,77.6489
XOM,169,77.6373
XOM,170,78.7261
XOM,171,79.9432
XOM,172,79.0035
XOM,173,77.2769
XOM,174,76.7723
XOM,175,77.7499
XOM,176,76.8263
XOM,177,78.1259
XOM,178,81.3554
XOM,179,83.1055
XOM,180,83.8377
XOM,181,82.7776
XOM,182,82.4327
XOM,183,81.1569
XOM,184,81.7666
XOM,185,81.9704
XOM,186,82.5996
XOM,187,81.5018
XOM,188,80.8852
XOM,189,80.8471
XOM,190,76.7374
XOM,191,80.2446
XOM,192,80.3380
XOM,193,81.3849
XOM,194,82.1454
XOM,195,81.9886
XOM,196,81.1571
XOM,197,83.2373
XOM,198,83.5100
XOM,199,82.4117
XOM,200,80.6788
XOM,201,80.1921
XOM,202,77.2366
XOM,203,78.4088
XOM,204,78.9096
XOM,205,79.0593
XOM,206,79.8724
XOM,207,79.7236
XOM,208,79.2922
XOM,209,80.0664
XOM,210,79.7307
XOM,211,79.3405
XOM,212,80.3589
XOM,213,79.6668
XOM,214,82.0974
XOM,215,82.5969
XOM,216,84.3591
XOM,217,85.0081
XOM,218,85.5464
XOM,219,86.4703
XOM,220,88.1979
XOM,221,88.1450
XOM,222,88.8930
XOM,223,90.9111
XOM,224,90.7189
XOM,225,92.4596
XOM,226,89.0512
XOM,227,87.8481
XOM,228,85.4065
XOM,229,83.0171
XOM,230,81.8673
XOM,231,83.0356
XOM,232,82.0486
XOM,233,82.5028
XOM,234,81.7701
XOM,235,80.8899
XOM,236,83.5787
XOM,237,84.3877
XOM,238,85.8631
XOM,239,89.4779
XOM,240,86.1136
XOM,241,86.9218
XOM,242,87.4434
XOM,243,89.8418
XOM,244,89.0565
XOM,245,84.8362
XOM,246,86.5641
XOM,247,88.5205
XOM,248,88.9594
XOM,249,89.2146
XOM,250,88.5948
XOM,251,89.8515
XOM,252,87.2460
XOM,253,87.8819
XOM,254,86.8796
XOM,255,85.6335
XOM,256,87.0346
XOM,257,87.6336
XOM,258,86.9674
XOM,259,89.2756
XOM,260,90.2545
XOM,261,91.1505
XOM,262,94.0509
XOM,263,93.0514
XOM,264,94.7716
XOM,265,92.4716
XOM,266,90.5501
XOM,267,90.2723
XOM,268,90.4519
XOM,269,87.6120
XOM,270,88.2519
XOM,271,86.4899
XOM,272,85.4658
XOM,273,84.8947
XOM,274,86.4504
XOM,275,86.8360
XOM,276,88.8116
XOM,277,90.4930
XOM,278,90.8116
XOM,279,92.2459
XOM,280,88.5217
XOM,281,87.8152
XOM,282,86.5823
XOM,283,83.8195
XOM,284,84.4027
XOM,285,83.7262
XOM,286,84.7916
XOM,287,86.9686
XOM,288,87.6099
XOM,289,85.2627
XOM,290,85.9337
XOM,291,86.8976
XOM,292,87.8911
XOM,293,86.4662
XOM,294,84.4407
XOM,295,82.7858
XOM,296,84.7706
XOM,297,84.1553
XOM,298,86.0786
XOM,299,86.2513
XOM,300,89.4337
XOM,301,91.3723
XOM,302,90.7697
XOM,303,92.9773
XOM,304,92.0029
XOM,305,93.5263
XOM,306,91.9120
XOM,307,91.6713
XOM,308,91.6572
XOM,309,89.7445
XOM,310,88.3536
XOM,311,89.6997
XOM,312,89.6172
XOM,313,89.2962
XOM,314,89.9309
XOM,315,89.2943
XOM,316,89.1913
XOM,317,89.0311
XOM,318,88.6362
XOM,319,88.6729
XOM,320,89.5747
XOM,321,93.0666
XOM,322,92.7777
XOM,323,91.0044
XOM,324,92.4428
XOM,325,89.7866
XOM,326,87.8046
XOM,327,87.7427
XOM,328,88.3315
XOM,329,89.5320
XOM,330,86.9387
XOM,331,85.7054
XOM,332,87.2035
XOM,333,85.5717
XOM,334,88.7718
XOM,335,88.7925
XOM,336,89.0622
XOM,337,88.8591
XOM,338,88.6935
XOM,339,88.0917
XOM,340,86.3032
XOM,341,84.2258
XOM,342,83.7696
XOM,343,84.5464
XOM,344,84.9019
XOM,345,83.6867
XOM,346,86.6556
XOM,347,87.6182
XOM,348,88.5665
XOM,349,91.1077
XOM,350,90.6967
XOM,351,91.8599
XOM,352,92.3858
XOM,353,93.9710
XOM,354,92.5996
XOM,355,93.5228
XOM,356,93.8748
XOM,357,92.7711
XOM,358,90.3183
XOM,359,89.3575
XOM,360,89.1951
XOM,361,89.7586
XOM,362,89.9973
XOM,363,87.9509
XOM,364,87.3935
XOM,365,84.6123
XOM,366,85.9256
XOM,367,83.3812
XOM,368,83.7067
XOM,369,82.9811
XOM,370,84.4439
XOM,371,84.3591
XOM,372,84.3753
XOM,373,83.9375
XOM,374,84.5760
XOM,375,83.1143
XOM,376,81.7554
XOM,377,79.9241
XOM,378,80.7701
XOM,379,78.7496
XOM,380,81.3643
XOM,381,80.6922
XOM,382,81.6258
XOM,383,83.9485
XOM,384,84.9899
XOM,385,86.7552
XOM,386,87.5198
XOM,387,85.8682
XOM,388,86.6583
XOM,389,85.4369
XOM,390,87.3575
XOM,391,85.1684
XOM,392,85.6386
XOM,393,85.3487
XOM,394,84.9350
XOM,395,84.8396
XOM,396,83.4383
XOM,397,82.6485
XOM,398,79.7512
XOM,399,79.5347
XOM,400,78.9742
XOM,401,78.9846
XOM,402,77.4581
XOM,403,74.8194
XOM,404,72.6406
XOM,405,73.7364
XOM,406,72.8499
XOM,407,71.2973
XOM,408,70.1564
XOM,409,70.5262
XOM,410,70.8038
XOM,411,71.4181
XOM,412,70.9066
XOM,413,70.7199
XOM,414,70.1129
XOM,415,69.1008
XOM,416,69.5586
XOM,417,68.6051
XOM,418,67.2577
XOM,419,65.7851
XOM,420,64.8815
XOM,421,63.9121
XOM,422,64.1250
XOM,423,63.7694
XOM,424,63.6629
XOM,425,63.4347
XOM,426,63.3396
XOM,427,64.1086
XOM,428,64.0501
XOM,429,64.9724
XOM,430,64.4233
XOM,431,62.8486
XOM,432,61.9481
XOM,433,62.3048
XOM,434,60.7961
XOM,435,60.1591
XOM,436,60.1860
XOM,437,59.7780
XOM,438,61.6966
XOM,439,62.2591
XOM,440,60.6179
XOM,441,59.3977
XOM,442,60.2497
XOM,443,59.5693
XOM,444,58.7011
XOM,445,58.3142
XOM,446,59.2205
XOM,447,59.1067
XOM,448,59.9131
XOM,449,60.1435
XOM,450,60.5703
XOM,451,60.1073
XOM,452,59.0045
XOM,453,59.0667
XOM,454,59.1137
XOM,455,59.6839
XOM,456,61.2196
XOM,457,60.5515
XOM,458,58.6553
XOM,459,57.5951
XOM,460,57.1729
XOM,461,57.5809
XOM,462,56.5332
XOM,463,56.8952
XOM,464,55.9575
XOM,465,56.1762
XOM,466,56.8942
XOM,467,56.9220
XOM,468,56.4613
XOM,469,55.3030
XOM,470,53.4383
XOM,471,52.3773
XOM,472,52.5552
XOM,473,52.9265
XOM,474,51.9981
XOM,475,54.1611
XOM,476,54.8178
XOM,477,55.5436
XOM,478,54.9223
XOM,479,55.7150
XOM,480,55.7136
XOM,481,57.5737
XOM,482,57.7287
XOM,483,58.1689
XOM,484,59.6981
XOM,485,59.6215
XOM,486,61.9901
XOM,487,60.5005
XOM,488,62.3491
XOM,489,63.0105
XOM,490,64.2065
XOM,491,66.5878
XOM,492,67.8062
XOM,493,68.8972
XOM,494,68.5516
XOM,495,67.0470
XOM,496,65.7384
XOM,497,66.2088
XOM,498,67.0071
XOM,499,67.4021
XOM,500,65.4752
XOM,501,63.8720
XOM,502,64.0058
XOM,503,65.3925
XOM,504,63.7482
KO,0,50.0000
KO,1,50.1158
KO,2,50.1397
KO,3,50.1215
KO,4,50.0675
KO,5,49.9810
KO,6,50.2037
KO,7,50.4501
KO,8,50.1859
KO,9,49.6370
KO,10,49.8079
KO,11,49.5770
KO,12,50.0933
KO,13,49.0868
KO,14,49.5883
KO,15,50.1625
KO,16,49.6143
KO,17,49.6213
KO,18,49.3437
KO,19,49.3684
KO,20,48.0591
KO,21,49.0908
KO,22,49.0248
KO,23,49.0253
KO,24,48.6520
KO,25,48.7084
KO,26,49.2106
KO,27,49.8129
KO,28,49.7615
KO,29,50.6635
KO,30,50.8847
KO,31,50.8850
KO,32,51.3294
KO,33,50.7485
KO,34,51.1537
KO,35,51.2367
KO,36,50.6773
KO,37,50.5519
KO,38,51.5072
KO,39,50.7531
KO,40,51.4113
KO,41,51.0426
KO,42,51.4002
KO,43,51.2069
KO,44,52.2387
KO,45,51.8462
KO,46,51.9848
KO,47,51.8008
KO,48,51.8213
KO,49,52.2320
KO,50,51.7455
KO,51,51.1796
KO,52,50.7610
KO,53,50.9979
KO,54,51.1383
KO,55,50.9405
KO,56,50.3042
KO,57,50.7012
KO,58,51.2722
KO,59,51.3360
KO,60,50.5232
KO,61,49.8619
KO,62,50.0800
KO,63,49.7844
KO,64,50.0749
KO,65,49.7155
KO,66,49.3920
KO,67,49.0273
KO,68,49.1615
KO,69,48.0060
KO,70,47.8976
KO,71,48.2707
KO,72,47.7864
KO,73,47.9191
KO,74,47.2377
KO,75,46.6620
KO,76,46.7107
KO,77,46.7406
KO,78,47.3232
KO,79,47.6077
KO,80,47.2672
KO,81,47.6617
KO,82,47.6564
KO,83,48.6197
KO,84,48.7455
KO,85,48.6368
KO,86,48.5358
KO,87,48.1522
KO,88,47.9844
KO,89,47.7987
KO,90,48.3721
KO,91,48.4759
KO,92,49.2607
KO,93,48.6427
KO,94,48.5426
KO,95,48.5295
KO,96,48.9605
KO,97,48.1598
KO,98,48.0369
KO,99,48.0069
KO,100,48.0200
KO,101,48.8340
KO,102,48.4933
KO,103,47.7914
KO,104,48.5201
KO,105,48.8765
KO,106,49.2753
KO,107,49.8070
KO,108,49.5090
KO,109,49.2126
KO,110,49.0206
KO,111,48.7429
KO,112,48.8571
KO,113,48.2233
KO,114,47.8691
KO,115,48.1840
KO,116,48.4400
KO,117,48.8459
KO,118,48.2701
KO,119,48.7917
KO,120,48.6215
KO,121,48.7513
KO,122,49.4852
KO,123,49.5043
KO,124,50.1260
KO,125,50.1506
KO,126,50.9415
KO,127,50.1126
KO,128,50.7663
KO,129,51.4944
KO,130,50.8565
KO,131,50.9488
KO,132,51.1716
KO,133,50.6655
KO,134,50.6777
KO,135,52.0404
KO,136,52.2781
KO,137,51.6757
KO,138,51.8911
KO,139,52.6437
KO,140,52.9202
KO,141,52.6846
KO,142,51.7647
KO,143,51.8744
KO,144,52.3995
KO,145,51.7410
KO,146,51.4271
KO,147,50.8140
KO,148,50.0453
KO,149,49.9023
KO,150,49.4494
KO,151,49.4721
KO,152,48.5604
KO,153,48.2253
KO,154,47.7221
KO,155,47.6055
KO,156,47.6636
KO,157,47.7964
KO,158,47.1304
KO,159,47.2714
KO,160,46.8257
KO,161,46.9134
KO,162,46.1591
KO,163,45.2931
KO,164,44.9504
KO,165,44.0509
KO,166,43.6982
KO,167,43.6650
KO,168,43.7844
KO,169,43.2971
KO,170,43.2424
KO,171,43.5737
KO,172,43.0497
KO,173,42.1804
KO,174,42.3143
KO,175,42.7289
KO,176,42.4557
KO,177,42.8493
KO,178,42.9919
KO,179,43.0887
KO,180,43.2898
KO,181,43.2139
KO,182,44.1039
KO,183,43.5290
KO,184,43.9676
KO,185,44.0391
KO,186,44.9901
KO,187,45.2217
KO,188,45.3036
KO,189,45.6682
KO,190,44.7701
KO,191,45.5969
KO,192,45.5130
KO,193,46.3640
KO,194,45.5966
KO,195,46.6531
KO,196,47.2039
KO,197,47.9551
KO,198,48.1132
KO,199,48.2773
KO,200,47.9154
KO,201,46.8397
KO,202,45.9207
KO,203,45.5806
KO,204,45.8879
KO,205,46.3027
KO,206,46.4513
KO,207,47.3107
KO,208,47.7179
KO,209,48.3739
KO,210,48.4718
KO,211,48.8396
KO,212,49.2355
KO,213,48.9426
KO,214,49.7443
KO,215,49.4352
KO,216,49.6397
KO,217,49.1485
KO,218,48.7470
KO,219,48.7157
KO,220,48.6659
KO,221,48.8566
KO,222,48.4769
KO,223,48.3636
KO,224,47.7744
KO,225,48.1450
KO,226,48.3032
KO,227,48.3882
KO,228,48.8066
KO,229,49.2551
KO,230,49.6180
KO,231,49.8527
KO,232,50.6069
KO,233,50.4333
KO,234,50.1330
KO,235,49.3539
KO,236,48.7971
KO,237,48.9562
KO,238,49.5294
KO,239,49.1199
KO,240,48.2181
KO,241,48.2666
KO,242,47.8537
KO,243,48.0128
KO,244,47.6880
KO,245,46.5133
KO,246,47.1834
KO,247,46.5061
KO,248,46.6268
KO,249,46.0622
KO,250,45.6323
KO,251,45.5910
KO,252,45.0091
KO,253,44.5183
KO,254,44.4291
KO,255,44.2715
KO,256,45.4924
KO,257,45.1742
KO,258,45.5140
KO,259,45.9150
KO,260,45.6543
KO,261,45.4819
KO,262,45.4927
KO,263,45.6600
KO,264,45.5759
KO,265,45.9160
KO,266,45.4766
KO,267,45.3489
KO,268,45.7224
KO,269,45.6615
KO,270,46.2092
KO,271,46.5304
KO,272,46.3821
KO,273,46.1580
KO,274,45.8370
KO,275,45.9738
KO,276,45.8094
KO,277,45.3938
KO,278,44.7334
KO,279,44.1906
KO,280,43.7749
KO,281,43.8122
KO,282,43.6442
KO,283,43.1104
KO,284,42.2927
KO,285,42.0543
KO,286,42.8838
KO,287,43.7069
KO,288,44.5144
KO,289,44.5234
KO,290,43.5663
KO,291,43.7941
KO,292,43.7965
KO,293,43.5423
KO,294,43.1179
KO,295,43.4335
KO,296,43.3705
KO,297,43.7858
KO,298,44.2009
KO,299,44.3618
KO,300,44.2833
KO,301,44.6467
KO,302,44.6435
KO,303,44.5099
KO,304,44.3408
KO,305,44.5536
KO,306,43.7559
KO,307,43.4625
KO,308,42.5915
KO,309,42.5079
KO,310,42.7452
KO,311,43.0541
KO,312,42.5503
KO,313,42.5734
KO,314,42.5455
KO,315,42.2329
KO,316,42.8906
KO,317,42.7272
KO,318,42.5175
KO,319,42.4663
KO,320,42.8729
KO,321,43.3642
KO,322,42.6963
KO,323,42.3951
KO,324,42.0663
KO,325,41.3433
KO,326,40.7292
KO,327,40.6913
KO,328,40.8028
KO,329,41.4130
KO,330,41.0509
KO,331,40.8031
KO,332,41.0551
KO,333,40.7679
KO,334,41.4669
KO,335,42.0692
KO,336,41.8602
KO,337,41.8245
KO,338,41.9551
KO,339,42.0556
KO,340,40.8392
KO,341,40.5828
KO,342,40.7225
KO,343,40.4347
KO,344,40.6949
KO,345,41.1061
KO,346,41.2175
KO,347,40.7859
KO,348,40.8280
KO,349,40.6985
KO,350,40.9412
KO,351,41.4505
KO,352,42.3067
KO,353,42.1545
KO,354,42.1442
KO,355,41.3838
KO,356,41.8399
KO,357,42.3734
KO,358,41.8284
KO,359,41.8246
KO,360,42.0801
KO,361,42.2927
KO,362,41.6174
KO,363,41.3870
KO,364,40.5914
KO,365,39.8754
KO,366,39.4272
KO,367,39.1031
KO,368,39.4765
KO,369,39.1178
KO,370,39.0733
KO,371,39.5763
KO,372,39.7343
KO,373,40.4359
KO,374,40.5895
KO,375,40.4669
KO,376,40.0064
KO,377,39.6102
KO,378,40.4509
KO,379,40.3427
KO,380,40.7795
KO,381,40.8201
KO,382,40.7993
KO,383,41.1548
KO,384,41.2711
KO,385,40.2467
KO,386,39.9339
KO,387,40.3481
KO,388,40.4410
KO,389,41.2942
KO,390,41.4903
KO,391,41.2772
KO,392,41.6974
KO,393,42.2355
KO,394,42.4204
KO,395,42.0451
KO,396,41.6047
KO,397,41.6750
KO,398,41.5071
KO,399,41.4083
KO,400,41.5128
KO,401,41.4821
KO,402,41.1735
KO,403,40.5181
KO,404,40.2318
KO,405,39.6300
KO,406,40.3122
KO,407,39.8928
KO,408,39.5642
KO,409,40.4592
KO,410,39.8451
KO,411,40.5058
KO,412,40.7307
KO,413,40.8852
KO,414,40.6244
KO,415,40.5004
KO,416,40.3962
KO,417,40.2845
KO,418,39.6695
KO,419,39.3241
KO,420,39.7215
KO,421,39.7132
KO,422,39.4083
KO,423,39.9837
KO,424,40.3174
KO,425,40.7390
KO,426,40.7186
KO,427,40.9033
KO,428,40.9040
KO,429,40.2936
KO,430,40.1521
KO,431,40.4041
KO,432,40.0399
KO,433,40.1658
KO,434,39.3458
KO,435,39.0755
KO,436,39.3358
KO,437,39.5379
KO,438,40.5792
KO,439,40.2196
KO,440,40.2604
KO,441,40.3588
KO,442,40.2850
KO,443,40.4618
KO,444,40.3183
KO,445,40.7584
KO,446,40.8813
KO,447,40.7628
KO,448,40.9297
KO,449,41.4937
KO,450,41.7177
KO,451,41.0730
KO,452,41.3492
KO,453,40.8339
KO,454,41.3364
KO,455,40.6298
KO,456,40.9130
KO,457,41.2147
KO,458,41.1532
KO,459,41.0201
KO,460,41.0526
KO,461,41.0592
KO,462,41.0653
KO,463,41.5075
KO,464,41.1129
KO,465,41.4263
KO,466,41.4572
KO,467,42.2518
KO,468,41.9945
KO,469,41.7592
KO,470,41.8416
KO,471,41.0773
KO,472,41.2818
KO,473,41.3708
KO,474,40.8597
KO,475,41.2983
KO,476,41.5337
KO,477,41.6787
KO,478,41.8930
KO,479,42.1716
KO,480,41.7608
KO,481,42.0189
KO,482,42.1946
KO,483,42.1692
KO,484,42.3223
KO,485,42.5712
KO,486,42.6372
KO,487,42.2183
KO,488,42.8849
KO,489,42.7735
KO,490,42.7127
KO,491,43.3193
KO,492,43.5935
KO,493,44.1054
KO,494,43.8126
KO,495,43.2020
KO,496,43.3939
KO,497,43.0504
KO,498,43.1496
KO,499,42.0736
KO,500,41.8916
KO,501,41.7788
KO,502,41.7759
KO,503,42.3441
KO,504,42.3994
PG,0,145.0000
PG,1,144.3155
PG,2,143.7577
PG,3,143.1073
PG,4,143.1454
PG,5,144.7390
PG,6,144.6356
PG,7,144.2747
PG,8,143.7900
PG,9,142.6663
PG,10,142.9808
PG,11,141.7810
PG,12,141.6912
PG,13,139.6141
PG,14,139.4552
PG,15,140.1913
PG,16,141.3926
PG,17,142.8296
PG,18,141.6233
PG,19,141.9187
PG,20,139.6089
PG,21,139.3978
PG,22,139.0831
PG,23,141.4244
PG,24,140.5890
PG,25,140.2244
PG,26,143.0355
PG,27,143.9434
PG,28,143.0436
PG,29,142.0701
PG,30,142.8020
PG,31,143.6351
PG,32,146.1916
PG,33,145.5508
PG,34,145.9743
PG,35,147.0642
PG,36,146.8360
PG,37,146.9740
PG,38,150.6894
PG,39,148.9016
PG,40,148.6266
PG,41,148.9602
PG,42,150.1350
PG,43,149.4952
PG,44,150.7718
PG,45,151.4306
PG,46,152.1833
PG,47,152.1931
PG,48,151.0424
PG,49,154.0417
PG,50,154.1517
PG,51,154.2793
PG,52,153.4822
PG,53,151.9992
PG,54,152.3495
PG,55,152.5913
PG,56,148.2722
PG,57,149.5867
PG,58,147.8967
PG,59,146.3840
PG,60,146.0236
PG,61,143.7053
PG,62,145.0695
PG,63,147.2374
PG,64,145.7886
PG,65,145.9570
PG,66,145.5641
PG,67,143.8908
PG,68,143.5401
PG,69,141.6526
PG,70,143.0825
PG,71,145.5162
PG,72,143.1481
PG,73,143.2004
PG,74,142.3469
PG,75,140.2334
PG,76,139.1411
PG,77,138.4985
PG,78,141.1938
PG,79,141.3710
PG,80,143.1710
PG,81,143.7609
PG,82,141.8169
PG,83,144.7832
PG,84,145.4849
PG,85,144.8927
PG,86,145.7754
PG,87,146.4370
PG,88,148.7071
PG,89,148.4649
PG,90,152.5541
PG,91,152.1616
PG,92,154.3772
PG,93,153.1284
PG,94,152.6384
PG,95,152.5299
PG,96,154.2959
PG,97,152.3470
PG,98,150.9310
PG,99,149.2126
PG,100,148.8257
PG,101,150.0780
PG,102,150.6575
PG,103,149.5754
PG,104,151.1020
PG,105,151.5461
PG,106,152.9279
PG,107,151.0773
PG,108,148.0879
PG,109,144.6674
PG,110,144.6875
PG,111,144.9024
PG,112,146.1406
PG,113,145.6557
PG,114,145.3183
PG,115,146.0676
PG,116,145.4596
PG,117,145.5504
PG,118,146.3177
PG,119,146.5198
PG,120,143.0126
PG,121,142.8436
PG,122,143.4137
PG,123,140.9428
PG,124,141.1281
PG,125,139.7832
PG,126,140.7518
PG,127,136.4540
PG,128,136.2227
PG,129,136.9159
PG,130,136.6370
PG,131,134.7928
PG,132,134.5074
PG,133,132.6736
PG,134,134.2898
PG,135,134.0307
PG,136,135.4536
PG,137,135.3419
PG,138,135.1484
PG,139,135.4960
PG,140,136.0044
PG,141,136.4524
PG,142,134.4026
PG,143,134.2851
PG,144,134.9899
PG,145,134.0132
PG,146,134.5259
PG,147,132.9208
PG,148,133.5392
PG,149,134.1541
PG,150,133.1270
PG,151,134.1949
PG,152,133.9127
PG,153,134.1187
PG,154,131.4846
PG,155,132.3759
PG,156,132.9218
PG,157,134.3725
PG,158,131.1128
PG,159,129.9726
PG,160,130.3534
PG,161,130.9316
PG,162,129.8726
PG,163,127.9110
PG,164,127.9004
PG,165,126.7776
PG,166,124.9528
PG,167,124.4219
PG,168,124.4031
PG,169,122.4230
PG,170,123.4571
PG,171,123.1404
PG,172,124.2322
PG,173,122.7559
PG,174,123.3587
PG,175,123.2200
PG,176,123.1135
PG,177,123.8732
PG,178,124.6903
PG,179,124.6212
PG,180,124.1827
PG,181,123.7785
PG,182,125.2082
PG,183,124.3561
PG,184,124.6343
PG,185,124.7004
PG,186,126.2229
PG,187,125.4426
PG,188,122.9950
PG,189,124.3709
PG,190,124.7146
PG,191,124.6699
PG,192,123.8823
PG,193,125.3052
PG,194,125.1365
PG,195,127.1541
PG,196,128.4951
PG,197,128.4791
PG,198,130.4877
PG,199,129.8920
PG,200,129.0565
PG,201,127.1826
PG,202,125.6592
PG,203,125.4098
PG,204,128.3179
PG,205,128.2545
PG,206,128.2775
PG,207,128.5374
PG,208,128.3988
PG,209,130.2381
PG,210,131.9225
PG,211,131.7483
PG,212,132.8546
PG,213,130.2154
PG,214,130.5562
PG,215,129.3227
PG,216,130.2635
PG,217,130.8380
PG,218,129.8006
PG,219,129.8593
PG,220,129.6853
PG,221,132.4622
PG,222,131.3457
PG,223,131.8023
PG,224,131.3234
PG,225,132.0705
PG,226,132.2158
PG,227,133.6760
PG,228,133.3835
PG,229,135.1556
PG,230,136.0532
PG,231,136.9508
PG,232,137.2883
PG,233,136.7450
PG,234,136.5968
PG,235,136.3174
PG,236,138.4960
PG,237,140.1593
PG,238,141.0878
PG,239,139.2018
PG,240,137.1493
PG,241,137.1314
PG,242,134.9126
PG,243,132.9211
PG,244,133.4128
PG,245,132.9537
PG,246,135.4731
PG,247,134.3487
PG,248,134.0804
PG,249,132.8579
PG,250,134.8107
PG,251,135.5985
PG,252,136.3246
PG,253,136.0209
PG,254,135.3149
PG,255,134.6457
PG,256,135.8726
PG,257,134.1502
PG,258,133.7537
PG,259,134.8198
PG,260,134.3456
PG,261,134.6556
PG,262,137.9677
PG,263,138.1020
PG,264,138.5455
PG,265,139.2253
PG,266,136.8267
PG,267,138.0131
PG,268,137.5492
PG,269,136.7062
PG,270,138.2879
PG,271,138.8693
PG,272,137.2581
PG,273,136.4007
PG,274,136.9921
PG,275,137.0172
PG,276,136.7072
PG,277,136.1330
PG,278,134.9524
PG,279,134.0257
PG,280,132.7557
PG,281,132.8328
PG,282,132.6342
PG,283,130.5684
PG,284,127.8939
PG,285,128.1484
PG,286,130.2519
PG,287,131.4380
PG,288,133.2717
PG,289,135.2235
PG,290,133.5446
PG,291,133.8792
PG,292,135.3974
PG,293,136.2413
PG,294,137.2355
PG,295,137.3187
PG,296,138.1518
PG,297,139.0243
PG,298,139.8997
PG,299,142.4015
PG,300,141.7667
PG,301,142.2931
PG,302,141.4529
PG,303,141.3248
PG,304,139.3839
PG,305,142.1867
PG,306,141.0937
PG,307,141.1655
PG,308,138.3513
PG,309,137.6206
PG,310,138.3715
PG,311,139.3429
PG,312,137.8975
PG,313,138.8262
PG,314,140.0128
PG,315,140.1273
PG,316,140.5423
PG,317,139.4389
PG,318,138.8168
PG,319,138.5822
PG,320,139.2720
PG,321,139.3110
PG,322,138.8334
PG,323,136.9636
PG,324,136.4644
PG,325,137.0196
PG,326,134.1763
PG,327,133.5616
PG,328,134.8322
PG,329,135.8776
PG,330,136.3138
PG,331,134.8577
PG,332,135.1664
PG,333,133.8316
PG,334,134.7135
PG,335,136.6769
PG,336,136.3722
PG,337,136.1069
PG,338,135.7094
PG,339,136.3429
PG,340,133.7006
PG,341,134.0261
PG,342,134.3180
PG,343,134.4231
PG,344,134.6758
PG,345,135.3630
PG,346,133.9875
PG,347,132.0485
PG,348,131.3623
PG,349,131.3848
PG,350,130.3296
PG,351,130.8227
PG,352,132.9332
PG,353,134.4533
PG,354,134.3067
PG,355,134.2742
PG,356,134.7717
PG,357,132.9409
PG,358,133.2545
PG,359,133.2243
PG,360,133.0264
PG,361,131.4958
PG,362,131.8401
PG,363,129.7079
PG,364,129.5772
PG,365,128.2082
PG,366,129.3367
PG,367,127.9950
PG,368,127.9869
PG,369,128.1966
PG,370,129.0802
PG,371,129.8259
PG,372,130.0405
PG,373,132.1128
PG,374,131.8577
PG,375,129.5846
PG,376,129.3777
PG,377,129.1243
PG,378,129.0470
PG,379,128.5282
PG,380,129.9850
PG,381,130.2108
PG,382,131.1486
PG,383,131.6886
PG,384,132.2785
PG,385,129.7755
PG,386,128.2294
PG,387,127.9935
PG,388,127.5758
PG,389,129.5651
PG,390,130.6844
PG,391,129.6068
PG,392,129.8725
PG,393,129.8774
PG,394,131.3614
PG,395,131.7142
PG,396,129.2897
PG,397,132.2778
PG,398,132.6578
PG,399,130.7228
PG,400,131.7258
PG,401,131.8956
PG,402,130.6543
PG,403,128.6221
PG,404,128.7531
PG,405,127.1917
PG,406,128.1463
PG,407,127.5458
PG,408,126.3482
PG,409,129.0172
PG,410,128.1305
PG,411,130.2856
PG,412,130.2385
PG,413,128.9056
PG,414,128.6020
PG,415,128.8152
PG,416,129.5700
PG,417,129.0850
PG,418,129.7230
PG,419,126.3406
PG,420,126.3663
PG,421,127.3161
PG,422,127.7512
PG,423,128.1400
PG,424,130.0303
PG,425,133.0727
PG,426,133.8317
PG,427,132.8109
PG,428,131.4285
PG,429,130.6855
PG,430,131.1018
PG,431,133.5952
PG,432,132.8215
PG,433,133.6323
PG,434,131.8573
PG,435,132.6895
PG,436,132.9362
PG,437,132.3946
PG,438,136.0861
PG,439,135.4077
PG,440,134.9673
PG,441,136.6778
PG,442,136.0173
PG,443,136.1355
PG,444,137.4891
PG,445,139.3515
PG,446,139.3989
PG,447,139.4140
PG,448,139.2720
PG,449,141.3954
PG,450,143.1071
PG,451,142.3240
PG,452,141.3608
PG,453,141.4899
PG,454,141.6193
PG,455,141.9256
PG,456,143.5622
PG,457,143.5115
PG,458,142.8738
PG,459,141.4344
PG,460,143.0629
PG,461,143.1848
PG,462,143.5883
PG,463,143.9664
PG,464,143.7973
PG,465,143.9742
PG,466,143.0425
PG,467,146.0206
PG,468,147.2797
PG,469,148.3249
PG,470,149.6656
PG,471,148.2691
PG,472,148.9496
PG,473,148.8254
PG,474,145.8106
PG,475,146.5039
PG,476,146.2272
PG,477,147.5364
PG,478,147.5059
PG,479,149.0665
PG,480,148.0710
PG,481,149.0460
PG,482,148.0059
PG,483,149.4845
PG,484,149.6710
PG,485,149.9723
PG,486,149.6743
PG,487,148.4461
PG,488,148.4195
PG,489,146.5254
PG,490,145.8933
PG,491,146.8689
PG,492,147.2568
PG,493,148.2411
PG,494,147.0105
PG,495,146.7292
PG,496,150.4840
PG,497,148.0287
PG,498,148.3644
PG,499,147.1209
PG,500,148.3172
PG,501,148.5113
PG,502,146.6407
PG,503,148.0506
PG,504,147.7857
JNJ,0,160.0000
JNJ,1,161.2201
JNJ,2,163.1739
JNJ,3,164.2786
JNJ,4,165.4631
JNJ,5,164.5969
JNJ,6,162.4397
JNJ,7,161.9778
JNJ,8,158.9491
JNJ,9,156.4696
JNJ,10,159.1280
JNJ,11,158.0635
JNJ,12,155.7335
JNJ,13,153.8412
JNJ,14,155.7977
JNJ,15,156.0073
JNJ,16,158.8549
JNJ,17,159.4313
JNJ,18,157.8785
JNJ,19,161.9495
JNJ,20,157.9382
JNJ,21,157.7066
JNJ,22,157.8896
JNJ,23,161.2986
JNJ,24,161.2437
JNJ,25,158.2891
JNJ,26,161.8070
JNJ,27,164.8432
JNJ,28,164.9608
JNJ,29,164.4405
JNJ,30,163.7578
JNJ,31,163.9535
JNJ,32,163.2840
JNJ,33,163.0621
JNJ,34,163.5851
JNJ,35,163.3241
JNJ,36,161.3105
JNJ,37,161.6360
JNJ,38,163.8339
JNJ,39,161.7074
JNJ,40,162.2740
JNJ,41,163.9013
JNJ,42,162.9039
JNJ,43,163.2989
JNJ,44,167.3136
JNJ,45,163.2406
JNJ,46,163.9086
JNJ,47,163.6285
JNJ,48,163.3575
JNJ,49,162.8981
JNJ,50,162.6908
JNJ,51,161.0046
JNJ,52,160.5936
JNJ,53,160.3075
JNJ,54,161.9013
JNJ,55,164.0670
JNJ,56,162.6023
JNJ,57,165.4295
JNJ,58,163.9947
JNJ,59,161.3914
JNJ,60,159.9813
JNJ,61,159.2397
JNJ,62,157.9304
JNJ,63,161.5013
JNJ,64,161.5860
JNJ,65,161.7351
JNJ,66,160.3780
JNJ,67,160.1673
JNJ,68,159.2126
JNJ,69,157.1901
JNJ,70,160.3250
JNJ,71,162.0905
JNJ,72,160.5713
JNJ,73,157.5363
JNJ,74,158.2713
JNJ,75,157.2766
JNJ,76,155.7600
JNJ,77,155.9993
JNJ,78,158.1205
JNJ,79,159.1684
JNJ,80,159.2491
JNJ,81,159.2906
JNJ,82,158.6039
JNJ,83,160.5923
JNJ,84,162.1380
JNJ,85,161.0251
JNJ,86,162.8312
JNJ,87,164.0427
JNJ,88,162.1523
JNJ,89,160.3916
JNJ,90,161.3119
JNJ,91,159.9492
JNJ,92,162.7712
JNJ,93,162.0464
JNJ,94,164.5316
JNJ,95,164.2067
JNJ,96,165.4046
JNJ,97,163.1339
JNJ,98,162.1023
JNJ,99,160.8447
JNJ,100,163.9245
JNJ,101,166.0441
JNJ,102,166.0618
JNJ,103,165.3715
JNJ,104,166.3350
JNJ,105,169.4720
JNJ,106,172.9778
JNJ,107,169.3554
JNJ,108,168.3284
JNJ,109,164.8843
JNJ,110,162.2596
JNJ,111,158.9010
JNJ,112,160.9281
JNJ,113,163.3008
JNJ,114,160.7655
JNJ,115,161.8739
JNJ,116,160.8184
JNJ,117,160.7163
JNJ,118,162.9168
JNJ,119,165.3809
JNJ,120,161.9388
JNJ,121,161.9756
JNJ,122,161.9363
JNJ,123,160.6890
JNJ,124,162.9226
JNJ,125,163.3062
JNJ,126,164.0328
JNJ,127,160.9130
JNJ,128,164.7413
JNJ,129,162.7784
JNJ,130,163.0254
JNJ,131,161.9596
JNJ,132,162.3492
JNJ,133,161.0815
JNJ,134,162.8315
JNJ,135,164.1447
JNJ,136,162.9384
JNJ,137,158.7720
JNJ,138,158.3810
JNJ,139,159.5889
JNJ,140,158.5640
JNJ,141,157.4654
JNJ,142,155.6943
JNJ,143,154.0009
JNJ,144,153.1665
JNJ,145,151.0861
JNJ,146,149.8754
JNJ,147,147.8658
JNJ,148,148.9898
JNJ,149,150.0655
JNJ,150,148.1303
JNJ,151,145.7725
JNJ,152,146.8834
JNJ,153,147.7692
JNJ,154,146.5496
JNJ,155,147.3548
JNJ,156,149.0851
JNJ,157,148.9003
JNJ,158,146.6022
JNJ,159,146.1900
JNJ,160,145.3519
JNJ,161,142.8418
JNJ,162,139.9635
JNJ,163,138.7355
JNJ,164,138.7057
JNJ,165,139.6161
JNJ,166,139.1170
JNJ,167,139.7007
JNJ,168,141.7952
JNJ,169,141.4544
JNJ,170,140.6221
JNJ,171,142.1761
JNJ,172,142.6782
JNJ,173,141.3491
JNJ,174,141.1763
JNJ,175,139.0999
JNJ,176,139.4133
JNJ,177,139.1589
JNJ,178,138.9224
JNJ,179,138.3372
JNJ,180,139.2920
JNJ,181,138.3128
JNJ,182,137.0367
JNJ,183,136.3938
JNJ,184,136.1999
JNJ,185,135.4914
JNJ,186,137.3890
JNJ,187,135.0776
JNJ,188,135.2948
JNJ,189,136.9914
JNJ,190,135.3098
JNJ,191,137.0296
JNJ,192,133.1976
JNJ,193,135.2960
JNJ,194,132.2003
JNJ,195,134.8723
JNJ,196,136.4641
JNJ,197,136.6526
JNJ,198,137.2375
JNJ,199,134.7442
JNJ,200,133.1140
JNJ,201,130.5646
JNJ,202,131.1671
JNJ,203,130.6393
JNJ,204,131.3085
JNJ,205,129.2243
JNJ,206,128.5134
JNJ,207,129.5022
JNJ,208,131.2168
JNJ,209,134.3539
JNJ,210,135.8453
JNJ,211,137.5236
JNJ,212,137.9298
JNJ,213,137.0635
JNJ,214,138.3732
JNJ,215,139.5290
JNJ,216,139.0166
JNJ,217,138.5082
JNJ,218,135.1718
JNJ,219,137.2802
JNJ,220,138.2423
JNJ,221,138.1255
JNJ,222,137.0635
JNJ,223,136.9777
JNJ,224,134.2910
JNJ,225,135.4922
JNJ,226,135.5445
JNJ,227,133.8379
JNJ,228,133.5147
JNJ,229,135.6457
JNJ,230,137.2737
JNJ,231,138.7089
JNJ,232,140.0417
JNJ,233,141.5100
JNJ,234,143.7921
JNJ,235,144.0296
JNJ,236,143.4971
JNJ,237,145.3247
JNJ,238,144.8225
JNJ,239,144.6705
JNJ,240,141.7694
JNJ,241,140.9864
JNJ,242,141.1005
JNJ,243,141.1274
JNJ,244,142.1454
JNJ,245,140.0921
JNJ,246,140.4158
JNJ,247,139.7804
JNJ,248,140.1205
JNJ,249,139.5755
JNJ,250,141.2322
JNJ,251,144.7752
JNJ,252,145.0780
JNJ,253,146.1461
JNJ,254,146.2588
JNJ,255,144.9606
JNJ,256,148.0181
JNJ,257,147.2315
JNJ,258,150.0095
JNJ,259,152.3835
JNJ,260,150.8457
JNJ,261,152.0088
JNJ,262,153.1521
JNJ,263,152.4712
JNJ,264,151.5891
JNJ,265,152.9743
JNJ,266,149.1418
JNJ,267,149.1453
JNJ,268,150.8351
JNJ,269,148.8627
JNJ,270,151.1981
JNJ,271,153.2094
JNJ,272,152.7038
JNJ,273,149.2628
JNJ,274,147.2523
JNJ,275,146.5912
JNJ,276,146.1617
JNJ,277,146.2552
JNJ,278,145.5567
JNJ,279,145.3718
JNJ,280,142.8697
JNJ,281,142.3631
JNJ,282,144.3654
JNJ,283,143.6063
JNJ,284,142.6520
JNJ,285,142.3316
JNJ,286,141.7538
JNJ,287,142.9355
JNJ,288,146.1999
JNJ,289,148.4865
JNJ,290,148.6674
JNJ,291,147.5795
JNJ,292,149.2375
JNJ,293,149.9366
JNJ,294,150.3935
JNJ,295,151.8792
JNJ,296,151.4732
JNJ,297,150.4085
JNJ,298,150.6740
JNJ,299,150.3197
JNJ,300,147.6208
JNJ,301,149.1121
JNJ,302,147.3689
JNJ,303,147.3230
JNJ,304,148.4835
JNJ,305,148.8247
JNJ,306,148.3689
JNJ,307,148.1836
JNJ,308,148.3198
JNJ,309,147.2581
JNJ,310,148.2052
JNJ,311,148.0651
JNJ,312,144.8580
JNJ,313,145.0001
JNJ,314,146.6810
JNJ,315,146.5327
JNJ,316,146.3991
JNJ,317,145.5241
JNJ,318,146.6843
JNJ,319,147.9191
JNJ,320,148.2921
JNJ,321,149.7145
JNJ,322,146.9830
JNJ,323,144.0542
JNJ,324,142.2560
JNJ,325,140.6659
JNJ,326,140.6626
JNJ,327,138.6556
JNJ,328,139.6347
JNJ,329,142.4467
JNJ,330,141.3077
JNJ,331,138.4242
JNJ,332,138.5269
JNJ,333,138.4023
JNJ,334,139.0922
JNJ,335,139.9113
JNJ,336,137.7660
JNJ,337,137.5531
JNJ,338,138.2722
JNJ,339,137.5064
JNJ,340,134.7435
JNJ,341,137.5495
JNJ,342,136.6192
JNJ,343,135.4028
JNJ,344,136.9927
JNJ,345,135.9608
JNJ,346,135.3999
JNJ,347,135.2544
JNJ,348,133.7409
JNJ,349,134.0289
JNJ,350,131.4886
JNJ,351,132.1301
JNJ,352,138.1926
JNJ,353,140.6355
JNJ,354,140.6681
JNJ,355,142.0238
JNJ,356,140.7993
JNJ,357,141.6703
JNJ,358,141.2115
JNJ,359,141.4638
JNJ,360,140.2246
JNJ,361,142.3660
JNJ,362,142.0485
JNJ,363,139.3350
JNJ,364,139.2910
JNJ,365,137.4274
JNJ,366,137.9559
JNJ,367,135.7636
JNJ,368,136.0587
JNJ,369,136.0539
JNJ,370,134.7130
JNJ,371,134.2892
JNJ,372,135.8817
JNJ,373,136.3921
JNJ,374,138.8623
JNJ,375,138.2862
JNJ,376,137.3956
JNJ,377,136.7530
JNJ,378,137.6249
JNJ,379,133.3159
JNJ,380,135.6519
JNJ,381,135.2011
JNJ,382,135.7919
JNJ,383,137.6214
JNJ,384,136.7337
JNJ,385,138.6797
JNJ,386,135.4718
JNJ,387,136.4944
JNJ,388,136.4500
JNJ,389,139.4238
JNJ,390,138.8202
JNJ,391,139.4793
JNJ,392,137.6483
JNJ,393,137.4333
JNJ,394,137.6840
JNJ,395,138.5183
JNJ,396,138.4361
JNJ,397,139.8848
JNJ,398,139.5045
JNJ,399,136.7132
JNJ,400,136.6252
JNJ,401,137.0640
JNJ,402,138.2351
JNJ,403,134.4363
JNJ,404,134.9272
JNJ,405,133.1538
JNJ,406,132.2620
JNJ,407,130.6439
JNJ,408,129.0012
JNJ,409,131.7387
JNJ,410,131.4036
JNJ,411,133.7421
JNJ,412,133.6945
JNJ,413,135.1506
JNJ,414,134.2073
JNJ,415,135.3911
JNJ,416,133.6487
JNJ,417,132.4293
JNJ,418,132.4727
JNJ,419,130.5575
JNJ,420,128.9471
JNJ,421,129.7593
JNJ,422,128.5268
JNJ,423,130.4772
JNJ,424,130.1972
JNJ,425,130.4009
JNJ,426,130.5627
JNJ,427,130.0927
JNJ,428,128.9428
JNJ,429,130.2259
JNJ,430,129.5848
JNJ,431,131.1712
JNJ,432,130.3447
JNJ,433,132.5113
JNJ,434,129.0513
JNJ,435,130.1970
JNJ,436,131.7047
JNJ,437,132.5559
JNJ,438,136.1761
JNJ,439,133.7231
JNJ,440,132.9339
JNJ,441,133.8396
JNJ,442,135.2231
JNJ,443,135.4063
JNJ,444,138.2514
JNJ,445,139.9447
JNJ,446,139.1529
JNJ,447,141.6801
JNJ,448,142.2678
JNJ,449,141.6663
JNJ,450,140.0205
JNJ,451,139.9794
JNJ,452,139.5383
JNJ,453,137.7518
JNJ,454,136.1239
JNJ,455,136.5204
JNJ,456,137.1074
JNJ,457,137.4102
JNJ,458,138.1677
JNJ,459,136.5905
JNJ,460,138.1772
JNJ,461,137.4052
JNJ,462,138.2477
JNJ,463,138.8482
JNJ,464,140.2800
JNJ,465,139.6656
JNJ,466,139.5838
JNJ,467,142.2472
JNJ,468,143.5483
JNJ,469,144.2783
JNJ,470,145.1664
JNJ,471,144.2519
JNJ,472,144.3256
JNJ,473,143.9669
JNJ,474,144.4875
JNJ,475,144.7271
JNJ,476,146.3534
JNJ,477,147.2180
JNJ,478,146.3709
JNJ,479,144.7530
JNJ,480,144.4235
JNJ,481,147.0902
JNJ,482,145.6711
JNJ,483,145.0640
JNJ,484,144.3019
JNJ,485,145.4070
JNJ,486,144.0762
JNJ,487,143.0405
JNJ,488,143.0215
JNJ,489,142.0727
JNJ,490,143.7918
JNJ,491,146.1686
JNJ,492,146.7439
JNJ,493,148.7346
JNJ,494,148.3765
JNJ,495,147.8391
JNJ,496,145.6720
JNJ,497,146.5331
JNJ,498,148.9538
JNJ,499,147.2821
JNJ,500,147.3781
JNJ,501,144.8133
JNJ,502,144.0897
JNJ,503,144.6244
JNJ,504,145.4590
SPY,0,450.0000
SPY,1,451.7719
SPY,2,453.8326
SPY,3,457.3459
SPY,4,456.8600
SPY,5,459.7678
SPY,6,453.4494
SPY,7,451.5443
SPY,8,445.1103
SPY,9,438.5459
SPY,10,440.4058
SPY,11,437.6205
SPY,12,439.1497
SPY,13,436.1693
SPY,14,437.5401
SPY,15,436.0926
SPY,16,441.7690
SPY,17,441.1891
SPY,18,432.7342
SPY,19,438.5544
SPY,20,429.2123
SPY,21,425.0005
SPY,22,428.1577
SPY,23,433.0408
SPY,24,432.1182
SPY,25,430.1915
SPY,26,438.0267
SPY,27,447.5496
SPY,28,449.2687
SPY,29,449.8961
SPY,30,448.5698
SPY,31,451.1219
SPY,32,456.3314
SPY,33,449.6625
SPY,34,454.6836
SPY,35,445.5135
SPY,36,442.8497
SPY,37,442.9300
SPY,38,446.1559
SPY,39,448.0315
SPY,40,455.5250
SPY,41,458.5703
SPY,42,453.0659
SPY,43,447.1768
SPY,44,454.3483
SPY,45,451.1411
SPY,46,446.8141
SPY,47,445.4108
SPY,48,444.8118
SPY,49,446.6252
SPY,50,443.4793
SPY,51,445.8035
SPY,52,438.9226
SPY,53,440.1684
SPY,54,439.3523
SPY,55,443.8542
SPY,56,433.8986
SPY,57,435.5879
SPY,58,434.5965
SPY,59,425.3237
SPY,60,421.8988
SPY,61,417.0873
SPY,62,415.5559
SPY,63,422.1754
SPY,64,422.6361
SPY,65,422.9616
SPY,66,423.7446
SPY,67,424.2816
SPY,68,427.1403
SPY,69,422.0622
SPY,70,424.7205
SPY,71,436.4453
SPY,72,437.3765
SPY,73,429.3670
SPY,74,427.3161
SPY,75,414.0374
SPY,76,415.8417
SPY,77,419.9436
SPY,78,423.9631
SPY,79,420.8987
SPY,80,417.8750
SPY,81,420.2775
SPY,82,419.1223
SPY,83,422.4649
SPY,84,425.6321
SPY,85,425.5729
SPY,86,426.0732
SPY,87,426.0356
SPY,88,423.4396
SPY,89,425.1343
SPY,90,430.5155
SPY,91,429.7560
SPY,92,437.7485
SPY,93,433.6828
SPY,94,436.7297
SPY,95,433.2898
SPY,96,436.0955
SPY,97,431.9344
SPY,98,428.8585
SPY,99,426.5663
SPY,100,433.2226
SPY,101,429.4127
SPY,102,421.8861
SPY,103,418.1475
SPY,104,421.1833
SPY,105,422.1165
SPY,106,429.4056
SPY,107,428.0205
SPY,108,427.8897
SPY,109,419.8352
SPY,110,412.3482
SPY,111,406.0771
SPY,112,413.4808
SPY,113,413.7907
SPY,114,411.4777
SPY,115,416.6816
SPY,116,418.4165
SPY,117,416.0183
SPY,118,416.0670
SPY,119,427.6735
SPY,120,427.0424
SPY,121,427.6256
SPY,122,433.6027
SPY,123,430.8591
SPY,124,436.8786
SPY,125,433.6977
SPY,126,434.5975
SPY,127,429.1293
SPY,128,430.4093
SPY,129,430.4362
SPY,130,427.0067
SPY,131,421.2238
SPY,132,417.4502
SPY,133,410.4314
SPY,134,415.0755
SPY,135,414.7233
SPY,136,417.1031
SPY,137,416.8739
SPY,138,411.3733
SPY,139,415.2663
SPY,140,413.3301
SPY,141,405.9449
SPY,142,395.3310
SPY,143,395.9440
SPY,144,393.9415
SPY,145,392.0603
SPY,146,390.4112
SPY,147,388.7566
SPY,148,385.6998
SPY,149,379.3746
SPY,150,375.6811
SPY,151,371.9614
SPY,152,373.9685
SPY,153,374.7273
SPY,154,373.3218
SPY,155,371.1127
SPY,156,375.1371
SPY,157,372.1378
SPY,158,363.1899
SPY,159,358.7991
SPY,160,354.2932
SPY,161,348.7212
SPY,162,341.8532
SPY,163,336.1909
SPY,164,336.1516
SPY,165,335.3157
SPY,166,334.4191
SPY,167,336.7448
SPY,168,335.2211
SPY,169,331.8977
SPY,170,334.0931
SPY,171,337.1509
SPY,172,341.2737
SPY,173,338.4240
SPY,174,334.7713
SPY,175,336.2451
SPY,176,336.1017
SPY,177,339.5922
SPY,178,343.1732
SPY,179,347.8949
SPY,180,346.6966
SPY,181,347.1013
SPY,182,346.3205
SPY,183,340.5162
SPY,184,340.1034
SPY,185,341.8598
SPY,186,341.5719
SPY,187,337.5204
SPY,188,333.9911
SPY,189,336.0528
SPY,190,328.1958
SPY,191,336.1966
SPY,192,339.3244
SPY,193,345.7182
SPY,194,349.1058
SPY,195,351.1407
SPY,196,353.6848
SPY,197,353.3315
SPY,198,358.4167
SPY,199,358.1240
SPY,200,356.7337
SPY,201,354.8611
SPY,202,350.1671
SPY,203,351.8297
SPY,204,351.5771
SPY,205,350.1129
SPY,206,344.4374
SPY,207,344.8469
SPY,208,349.7258
SPY,209,351.9709
SPY,210,353.7413
SPY,211,355.5142
SPY,212,357.8846
SPY,213,355.1912
SPY,214,356.8822
SPY,215,358.8162
SPY,216,361.1059
SPY,217,360.0097
SPY,218,357.6417
SPY,219,361.3063
SPY,220,359.4741
SPY,221,359.0997
SPY,222,358.5071
SPY,223,358.0206
SPY,224,359.3003
SPY,225,359.7093
SPY,226,363.4044
SPY,227,362.8154
SPY,228,359.2064
SPY,229,360.7465
SPY,230,362.6078
SPY,231,360.5535
SPY,232,363.7444
SPY,233,366.2123
SPY,234,366.4610
SPY,235,365.1427
SPY,236,364.6194
SPY,237,370.1186
SPY,238,370.2555
SPY,239,370.1173
SPY,240,364.2097
SPY,241,368.0628
SPY,242,364.7061
SPY,243,367.0845
SPY,244,370.7731
SPY,245,364.1881
SPY,246,372.0579
SPY,247,365.5184
SPY,248,368.2547
SPY,249,368.6599
SPY,250,372.8433
SPY,251,377.8067
SPY,252,376.2972
SPY,253,376.1996
SPY,254,375.8608
SPY,255,377.3263
SPY,256,386.7562
SPY,257,381.8130
SPY,258,379.7779
SPY,259,387.5473
SPY,260,384.3230
SPY,261,386.7119
SPY,262,388.6969
SPY,263,389.0738
SPY,264,392.9306
SPY,265,393.8228
SPY,266,385.5094
SPY,267,386.8703
SPY,268,390.5489
SPY,269,390.1200
SPY,270,391.1478
SPY,271,394.6054
SPY,272,392.4047
SPY,273,384.7259
SPY,274,386.3911
SPY,275,384.5059
SPY,276,392.4508
SPY,277,395.5208
SPY,278,397.0044
SPY,279,394.8892
SPY,280,393.7640
SPY,281,389.4229
SPY,282,384.2812
SPY,283,381.1971
SPY,284,376.7938
SPY,285,374.2413
SPY,286,379.9161
SPY,287,379.0332
SPY,288,382.0920
SPY,289,379.7424
SPY,290,380.8191
SPY,291,382.6872
SPY,292,384.7296
SPY,293,386.1069
SPY,294,385.0567
SPY,295,383.7747
SPY,296,384.1073
SPY,297,386.7845
SPY,298,391.1878
SPY,299,394.0977
SPY,300,395.1669
SPY,301,398.4766
SPY,302,395.9248
SPY,303,396.6452
SPY,304,394.9590
SPY,305,403.1960
SPY,306,401.7055
SPY,307,399.8409
SPY,308,396.1669
SPY,309,390.9581
SPY,310,391.9429
SPY,311,396.8058
SPY,312,402.2081
SPY,313,407.0694
SPY,314,406.8506
SPY,315,406.2963
SPY,316,409.0116
SPY,317,405.0539
SPY,318,404.1489
SPY,319,407.8507
SPY,320,409.1961
SPY,321,407.5610
SPY,322,402.0058
SPY,323,397.4451
SPY,324,392.4858
SPY,325,385.9959
SPY,326,386.2446
SPY,327,380.7659
SPY,328,381.0243
SPY,329,384.7701
SPY,330,382.9893
SPY,331,384.7563
SPY,332,385.3516
SPY,333,380.5802
SPY,334,384.3064
SPY,335,386.2422
SPY,336,381.3344
SPY,337,381.3050
SPY,338,379.4617
SPY,339,382.6679
SPY,340,376.6021
SPY,341,380.4213
SPY,342,380.1858
SPY,343,377.5970
SPY,344,379.5822
SPY,345,379.1437
SPY,346,383.4808
SPY,347,381.4964
SPY,348,378.5403
SPY,349,376.7261
SPY,350,378.1253
SPY,351,379.4473
SPY,352,385.8096
SPY,353,389.3307
SPY,354,389.8829
SPY,355,387.5371
SPY,356,386.8837
SPY,357,389.0457
SPY,358,387.0212
SPY,359,390.3615
SPY,360,393.7729
SPY,361,389.3498
SPY,362,392.7678
SPY,363,385.8855
SPY,364,387.6453
SPY,365,381.6945
SPY,366,389.0162
SPY,367,383.6125
SPY,368,383.3826
SPY,369,386.1617
SPY,370,383.8218
SPY,371,382.6216
SPY,372,381.6197
SPY,373,387.4276
SPY,374,389.3696
SPY,375,389.3951
SPY,376,384.5378
SPY,377,387.2410
SPY,378,391.3221
SPY,379,387.1491
SPY,380,389.4153
SPY,381,391.4093
SPY,382,394.9391
SPY,383,398.6483
SPY,384,403.4035
SPY,385,401.5513
SPY,386,396.6458
SPY,387,391.0459
SPY,388,389.4222
SPY,389,388.3282
SPY,390,388.6162
SPY,391,389.7434
SPY,392,391.2444
SPY,393,396.1712
SPY,394,395.8959
SPY,395,396.5171
SPY,396,394.8936
SPY,397,400.4860
SPY,398,403.0216
SPY,399,397.9713
SPY,400,399.3994
SPY,401,400.6364
SPY,402,399.1920
SPY,403,394.8734
SPY,404,390.2747
SPY,405,386.7871
SPY,406,384.1538
SPY,407,377.5530
SPY,408,378.7364
SPY,409,381.6112
SPY,410,380.5519
SPY,411,381.0311
SPY,412,383.6658
SPY,413,390.4552
SPY,414,387.1734
SPY,415,384.0237
SPY,416,383.7591
SPY,417,382.9880
SPY,418,379.5016
SPY,419,373.2050
SPY,420,375.3864
SPY,421,374.3206
SPY,422,375.4498
SPY,423,374.1432
SPY,424,374.8746
SPY,425,372.9756
SPY,426,373.3383
SPY,427,376.3722
SPY,428,376.2327
SPY,429,375.0285
SPY,430,374.1203
SPY,431,374.5181
SPY,432,378.7874
SPY,433,379.4881
SPY,434,373.2270
SPY,435,373.3105
SPY,436,376.1084
SPY,437,375.7095
SPY,438,385.7253
SPY,439,381.5215
SPY,440,385.8449
SPY,441,381.0113
SPY,442,386.6645
SPY,443,393.5270
SPY,444,393.5312
SPY,445,400.4173
SPY,446,399.3652
SPY,447,401.0928
SPY,448,406.8184
SPY,449,407.8156
SPY,450,407.0033
SPY,451,405.3696
SPY,452,405.2926
SPY,453,404.5154
SPY,454,403.5634
SPY,455,407.4376
SPY,456,408.1902
SPY,457,411.0058
SPY,458,414.6877
SPY,459,409.0554
SPY,460,408.6900
SPY,461,410.8166
SPY,462,407.8937
SPY,463,413.5064
SPY,464,413.1178
SPY,465,415.4007
SPY,466,417.8366
SPY,467,424.6028
SPY,468,424.1040
SPY,469,420.2180
SPY,470,421.1423
SPY,471,416.4532
SPY,472,417.6024
SPY,473,419.4488
SPY,474,417.0278
SPY,475,420.3166
SPY,476,418.2395
SPY,477,424.6940
SPY,478,418.4984
SPY,479,418.1646
SPY,480,412.3538
SPY,481,422.5914
SPY,482,426.8172
SPY,483,429.6113
SPY,484,435.1030
SPY,485,438.5656
SPY,486,436.8633
SPY,487,434.2278
SPY,488,443.4611
SPY,489,450.4152
SPY,490,457.8340
SPY,491,467.7840
SPY,492,477.4171
SPY,493,486.7390
SPY,494,490.4173
SPY,495,490.8675
SPY,496,484.1416
SPY,497,477.0480
SPY,498,485.2669
SPY,499,478.6075
SPY,500,472.9659
SPY,501,472.2358
SPY,502,473.2710
SPY,503,470.1226
SPY,504,468.6898
AVGO,0,170.0000
AVGO,1,171.7875
AVGO,2,166.9495
AVGO,3,171.2112
AVGO,4,171.3280
AVGO,5,177.0034
AVGO,6,175.3173
AVGO,7,174.2211
AVGO,8,168.0976
AVGO,9,168.0155
AVGO,10,171.2734
AVGO,11,172.5017
AVGO,12,174.4984
AVGO,13,174.3812
AVGO,14,177.5158
AVGO,15,173.7666
AVGO,16,174.9894
AVGO,17,173.3482
AVGO,18,168.3046
AVGO,19,173.4289
AVGO,20,164.3126
AVGO,21,159.9237
AVGO,22,155.1696
AVGO,23,158.4502
AVGO,24,158.7375
AVGO,25,159.3231
AVGO,26,161.1373
AVGO,27,164.5832
AVGO,28,167.8823
AVGO,29,163.8339
AVGO,30,166.2246
AVGO,31,167.7026
AVGO,32,167.4336
AVGO,33,163.0025
AVGO,34,166.2834
AVGO,35,162.5521
AVGO,36,159.1430
AVGO,37,160.8192
AVGO,38,160.8368
AVGO,39,164.5629
AVGO,40,165.7083
AVGO,41,168.2374
AVGO,42,166.6204
AVGO,43,165.9094
AVGO,44,171.6328
AVGO,45,168.3252
AVGO,46,164.9016
AVGO,47,167.4499
AVGO,48,169.5515
AVGO,49,164.1605
AVGO,50,162.8157
AVGO,51,167.2610
AVGO,52,162.3880
AVGO,53,165.2990
AVGO,54,161.3621
AVGO,55,161.5916
AVGO,56,158.6096
AVGO,57,161.3297
AVGO,58,162.0036
AVGO,59,157.3306
AVGO,60,152.9435
AVGO,61,147.2311
AVGO,62,145.1028
AVGO,63,151.8316
AVGO,64,154.0783
AVGO,65,150.6905
AVGO,66,153.5213
AVGO,67,156.1229
AVGO,68,156.7008
AVGO,69,157.0425
AVGO,70,160.7925
AVGO,71,173.9801
AVGO,72,175.1427
AVGO,73,171.1657
AVGO,74,167.7792
AVGO,75,159.3238
AVGO,76,156.2763
AVGO,77,163.7706
AVGO,78,168.5617
AVGO,79,164.6947
AVGO,80,164.4822
AVGO,81,165.2400
AVGO,82,166.1592
AVGO,83,168.3660
AVGO,84,170.7645
AVGO,85,171.3088
AVGO,86,173.5990
AVGO,87,174.8567
AVGO,88,168.1803
AVGO,89,170.9586
AVGO,90,173.5582
AVGO,91,172.2539
AVGO,92,180.2598
AVGO,93,175.6257
AVGO,94,177.9240
AVGO,95,176.6367
AVGO,96,179.1201
AVGO,97,175.4009
AVGO,98,177.0620
AVGO,99,178.0567
AVGO,100,190.3801
AVGO,101,189.3851
AVGO,102,182.1769
AVGO,103,179.9455
AVGO,104,182.0249
AVGO,105,182.3487
AVGO,106,192.2640
AVGO,107,189.1465
AVGO,108,190.8258
AVGO,109,188.1841
AVGO,110,185.9064
AVGO,111,181.4618
AVGO,112,189.9564
AVGO,113,189.0482
AVGO,114,185.7936
AVGO,115,186.8311
AVGO,116,188.0812
AVGO,117,185.5192
AVGO,118,182.4598
AVGO,119,189.0252
AVGO,120,195.1107
AVGO,121,190.7225
AVGO,122,188.3454
AVGO,123,191.5190
AVGO,124,193.8574
AVGO,125,189.6608
AVGO,126,194.3298
AVGO,127,193.3479
AVGO,128,195.0636
AVGO,129,192.9917
AVGO,130,185.9130
AVGO,131,182.9628
AVGO,132,175.1038
AVGO,133,168.9313
AVGO,134,174.4031
AVGO,135,173.6452
AVGO,136,176.2071
AVGO,137,171.1991
AVGO,138,169.4352
AVGO,139,171.8409
AVGO,140,169.2735
AVGO,141,164.9914
AVGO,142,156.9178
AVGO,143,154.6979
AVGO,144,153.9869
AVGO,145,155.3696
AVGO,146,153.7020
AVGO,147,148.2980
AVGO,148,144.2424
AVGO,149,142.6522
AVGO,150,140.0329
AVGO,151,135.4659
AVGO,152,136.6257
AVGO,153,136.6373
AVGO,154,136.4895
AVGO,155,136.6339
AVGO,156,140.9720
AVGO,157,137.3827
AVGO,158,131.0292
AVGO,159,128.4145
AVGO,160,125.5510
AVGO,161,123.9491
AVGO,162,118.1511
AVGO,163,116.8134
AVGO,164,121.3026
AVGO,165,119.9678
AVGO,166,118.7314
AVGO,167,123.0168
AVGO,168,122.3958
AVGO,169,120.1897
AVGO,170,122.4612
AVGO,171,123.1589
AVGO,172,123.4562
AVGO,173,122.0062
AVGO,174,122.0595
AVGO,175,123.8221
AVGO,176,122.5077
AVGO,177,125.1720
AVGO,178,128.7598
AVGO,179,132.4089
AVGO,180,133.7119
AVGO,181,134.6014
AVGO,182,132.4453
AVGO,183,131.3246
AVGO,184,134.3244
AVGO,185,137.9574
AVGO,186,135.9273
AVGO,187,133.7637
AVGO,188,132.0938
AVGO,189,131.4555
AVGO,190,122.7906
AVGO,191,125.4004
AVGO,192,130.7229
AVGO,193,130.9875
AVGO,194,129.8959
AVGO,195,127.6570
AVGO,196,126.3306
AVGO,197,124.9330
AVGO,198,128.1176
AVGO,199,127.3769
AVGO,200,124.5336
AVGO,201,121.5277
AVGO,202,116.8490
AVGO,203,117.3434
AVGO,204,118.2261
AVGO,205,116.7056
AVGO,206,114.2269
AVGO,207,114.3756
AVGO,208,113.7320
AVGO,209,111.3178
AVGO,210,114.8406
AVGO,211,114.8098
AVGO,212,116.7388
AVGO,213,116.6928
AVGO,214,116.8465
AVGO,215,117.0633
AVGO,216,118.5161
AVGO,217,120.5862
AVGO,218,119.8540
AVGO,219,121.6051
AVGO,220,121.2582
AVGO,221,122.4309
AVGO,222,124.1568
AVGO,223,122.2999
AVGO,224,121.5788
AVGO,225,122.1533
AVGO,226,120.7662
AVGO,227,117.9105
AVGO,228,114.2271
AVGO,229,115.8181
AVGO,230,117.1432
AVGO,231,117.3531
AVGO,232,116.6701
AVGO,233,119.4180
AVGO,234,121.5024
AVGO,235,118.7765
AVGO,236,120.5349
AVGO,237,126.3357
AVGO,238,127.8887
AVGO,239,128.4406
AVGO,240,126.0022
AVGO,241,130.3777
AVGO,242,127.1285
AVGO,243,125.4268
AVGO,244,126.3151
AVGO,245,124.0140
AVGO,246,129.8099
AVGO,247,127.1963
AVGO,248,132.1214
AVGO,249,133.3488
AVGO,250,138.2827
AVGO,251,137.7231
AVGO,252,137.7577
AVGO,253,138.3799
AVGO,254,135.6873
AVGO,255,137.8484
AVGO,256,145.6125
AVGO,257,141.3543
AVGO,258,138.9978
AVGO,259,145.2641
AVGO,260,140.0949
AVGO,261,140.7901
AVGO,262,139.3678
AVGO,263,141.5642
AVGO,264,146.8024
AVGO,265,145.3552
AVGO,266,142.3417
AVGO,267,144.5846
AVGO,268,146.5383
AVGO,269,148.2535
AVGO,270,150.0984
AVGO,271,155.4331
AVGO,272,156.3523
AVGO,273,150.7955
AVGO,274,151.7785
AVGO,275,151.8794
AVGO,276,154.8561
AVGO,277,159.7558
AVGO,278,162.6535
AVGO,279,160.9850
AVGO,280,162.6678
AVGO,281,159.7703
AVGO,282,154.4300
AVGO,283,158.9223
AVGO,284,154.5530
AVGO,285,155.4617
AVGO,286,160.3964
AVGO,287,164.2518
AVGO,288,168.1468
AVGO,289,163.9737
AVGO,290,161.4917
AVGO,291,162.5574
AVGO,292,168.0189
AVGO,293,170.9265
AVGO,294,171.9050
AVGO,295,174.0174
AVGO,296,172.9952
AVGO,297,171.8876
AVGO,298,171.5980
AVGO,299,173.8478
AVGO,300,172.2609
AVGO,301,174.0844
AVGO,302,170.4670
AVGO,303,172.4011
AVGO,304,171.8018
AVGO,305,173.8508
AVGO,306,174.6647
AVGO,307,173.0614
AVGO,308,171.4987
AVGO,309,168.9839
AVGO,310,171.9182
AVGO,311,178.4439
AVGO,312,185.8513
AVGO,313,181.7539
AVGO,314,181.1182
AVGO,315,179.2224
AVGO,316,180.7715
AVGO,317,177.8786
AVGO,318,173.6745
AVGO,319,179.4721
AVGO,320,182.2427
AVGO,321,180.8019
AVGO,322,179.0269
AVGO,323,175.3500
AVGO,324,168.1535
AVGO,325,161.6883
AVGO,326,161.3599
AVGO,327,160.4961
AVGO,328,157.3491
AVGO,329,160.8364
AVGO,330,165.7723
AVGO,331,164.8689
AVGO,332,161.2200
AVGO,333,158.2069
AVGO,334,161.2627
AVGO,335,161.4711
AVGO,336,161.0998
AVGO,337,165.5057
AVGO,338,164.9381
AVGO,339,168.2617
AVGO,340,160.5655
AVGO,341,167.9512
AVGO,342,168.5174
AVGO,343,165.1418
AVGO,344,167.4026
AVGO,345,168.6105
AVGO,346,170.3831
AVGO,347,172.2808
AVGO,348,170.6462
AVGO,349,172.0918
AVGO,350,173.1721
AVGO,351,174.8061
AVGO,352,175.5729
AVGO,353,172.1167
AVGO,354,171.7186
AVGO,355,172.0296
AVGO,356,172.7846
AVGO,357,177.8706
AVGO,358,170.9786
AVGO,359,170.9627
AVGO,360,175.1393
AVGO,361,166.6859
AVGO,362,175.1365
AVGO,363,174.3955
AVGO,364,175.3351
AVGO,365,171.9236
AVGO,366,177.6802
AVGO,367,171.6294
AVGO,368,170.0329
AVGO,369,173.8395
AVGO,370,169.2052
AVGO,371,163.1759
AVGO,372,163.4639
AVGO,373,168.3294
AVGO,374,166.3003
AVGO,375,164.3316
AVGO,376,166.2217
AVGO,377,168.1603
AVGO,378,167.8664
AVGO,379,166.3951
AVGO,380,169.9841
AVGO,381,172.3229
AVGO,382,176.0949
AVGO,383,179.9391
AVGO,384,179.5474
AVGO,385,174.2489
AVGO,386,168.8959
AVGO,387,162.5087
AVGO,388,159.4542
AVGO,389,162.9694
AVGO,390,164.6858
AVGO,391,168.6858
AVGO,392,174.1699
AVGO,393,179.8339
AVGO,394,177.8356
AVGO,395,176.5835
AVGO,396,175.8160
AVGO,397,182.3727
AVGO,398,183.0579
AVGO,399,175.5223
AVGO,400,178.9869
AVGO,401,182.8365
AVGO,402,180.4731
AVGO,403,173.7298
AVGO,404,168.8747
AVGO,405,171.2212
AVGO,406,170.4127
AVGO,407,164.4596
AVGO,408,164.3932
AVGO,409,167.2697
AVGO,410,165.6453
AVGO,411,163.9159
AVGO,412,164.2237
AVGO,413,167.7423
AVGO,414,163.7658
AVGO,415,160.3038
AVGO,416,156.2890
AVGO,417,155.5904
AVGO,418,153.5176
AVGO,419,149.2367
AVGO,420,156.0557
AVGO,421,158.3048
AVGO,422,162.9647
AVGO,423,164.0241
AVGO,424,169.0540
AVGO,425,170.0472
AVGO,426,169.9634
AVGO,427,170.6549
AVGO,428,166.9031
AVGO,429,166.0060
AVGO,430,167.5231
AVGO,431,169.8815
AVGO,432,175.1689
AVGO,433,180.8253
AVGO,434,180.0750
AVGO,435,181.4859
AVGO,436,182.0276
AVGO,437,181.6023
AVGO,438,189.0337
AVGO,439,184.1979
AVGO,440,185.4259
AVGO,441,180.8638
AVGO,442,187.3785
AVGO,443,192.3371
AVGO,444,191.7653
AVGO,445,200.7196
AVGO,446,195.1097
AVGO,447,196.7586
AVGO,448,199.2411
AVGO,449,197.6883
AVGO,450,198.3496
AVGO,451,202.2812
AVGO,452,204.0930
AVGO,453,205.3825
AVGO,454,200.4601
AVGO,455,205.9818
AVGO,456,205.2601
AVGO,457,200.1032
AVGO,458,197.5418
AVGO,459,199.6855
AVGO,460,196.2662
AVGO,461,199.4961
AVGO,462,199.7919
AVGO,463,208.5869
AVGO,464,212.2840
AVGO,465,211.3039
AVGO,466,211.4353
AVGO,467,215.4887
AVGO,468,213.6981
AVGO,469,209.3014
AVGO,470,204.5644
AVGO,471,200.4195
AVGO,472,197.1981
AVGO,473,196.7376
AVGO,474,190.9644
AVGO,475,194.5013
AVGO,476,196.9194
AVGO,477,201.4538
AVGO,478,192.9296
AVGO,479,192.6479
AVGO,480,183.6311
AVGO,481,190.5903
AVGO,482,192.5571
AVGO,483,195.8840
AVGO,484,204.0442
AVGO,485,203.1837
AVGO,486,201.2303
AVGO,487,202.1609
AVGO,488,211.3122
AVGO,489,220.5760
AVGO,490,227.5069
AVGO,491,232.3441
AVGO,492,241.2028
AVGO,493,246.8161
AVGO,494,247.7050
AVGO,495,250.5433
AVGO,496,249.1499
AVGO,497,245.0062
AVGO,498,255.6940
AVGO,499,253.9198
AVGO,500,242.8168
AVGO,501,233.8202
AVGO,502,233.8173
AVGO,503,226.6728
AVGO,504,228.6005
CRM,0,250.0000
CRM,1,254.0027
CRM,2,252.0466
CRM,3,257.9377
CRM,4,261.7570
CRM,5,266.1404
CRM,6,262.2635
CRM,7,260.4822
CRM,8,257.9522
CRM,9,254.8192
CRM,10,250.4332
CRM,11,244.2525
CRM,12,249.0099
CRM,13,241.9943
CRM,14,254.4741
CRM,15,259.0175
CRM,16,265.5377
CRM,17,263.9126
CRM,18,256.4105
CRM,19,264.7934
CRM,20,257.4267
CRM,21,253.9229
CRM,22,255.4745
CRM,23,252.6505
CRM,24,245.0116
CRM,25,238.4922
CRM,26,245.5821
CRM,27,248.7595
CRM,28,245.0489
CRM,29,239.6208
CRM,30,238.1473
CRM,31,238.9702
CRM,32,242.0730
CRM,33,238.1376
CRM,34,240.1423
CRM,35,231.0133
CRM,36,231.3880
CRM,37,239.2363
CRM,38,245.0848
CRM,39,249.5205
CRM,40,257.1159
CRM,41,266.4553
CRM,42,259.8460
CRM,43,253.5367
CRM,44,257.3857
CRM,45,251.0616
CRM,46,247.5264
CRM,47,247.9021
CRM,48,252.1970
CRM,49,257.7168
CRM,50,256.3996
CRM,51,257.3567
CRM,52,254.0066
CRM,53,255.7588
CRM,54,252.6043
CRM,55,258.7741
CRM,56,252.9769
CRM,57,258.9241
CRM,58,256.1666
CRM,59,246.2933
CRM,60,235.6507
CRM,61,227.7648
CRM,62,223.3632
CRM,63,226.5200
CRM,64,220.5829
CRM,65,220.1674
CRM,66,227.1826
CRM,67,227.5995
CRM,68,225.9163
CRM,69,223.5019
CRM,70,228.0977
CRM,71,231.3011
CRM,72,232.2141
CRM,73,231.0717
CRM,74,228.2580
CRM,75,218.1559
CRM,76,219.0182
CRM,77,224.8839
CRM,78,235.0773
CRM,79,232.5285
CRM,80,231.7745
CRM,81,237.0119
CRM,82,234.9589
CRM,83,236.0843
CRM,84,231.7221
CRM,85,233.2772
CRM,86,231.1128
CRM,87,232.4370
CRM,88,230.0152
CRM,89,231.2427
CRM,90,238.3288
CRM,91,234.9049
CRM,92,235.0692
CRM,93,232.0038
CRM,94,234.2926
CRM,95,235.5101
CRM,96,237.4306
CRM,97,230.2263
CRM,98,229.3403
CRM,99,231.5937
CRM,100,233.1941
CRM,101,226.8764
CRM,102,224.7181
CRM,103,223.8896
CRM,104,232.6459
CRM,105,231.8981
CRM,106,234.6916
CRM,107,234.4368
CRM,108,230.2841
CRM,109,220.0276
CRM,110,215.3918
CRM,111,208.6696
CRM,112,218.5776
CRM,113,222.8604
CRM,114,226.6186
CRM,115,233.6311
CRM,116,237.7933
CRM,117,234.8567
CRM,118,238.7204
CRM,119,245.2840
CRM,120,244.5989
CRM,121,243.4593
CRM,122,250.6740
CRM,123,250.1904
CRM,124,255.0005
CRM,125,252.3510
CRM,126,251.3153
CRM,127,246.4229
CRM,128,243.7306
CRM,129,244.0969
CRM,130,237.6221
CRM,131,230.7595
CRM,132,228.1087
CRM,133,225.2134
CRM,134,231.7674
CRM,135,234.5495
CRM,136,237.5528
CRM,137,238.2484
CRM,138,230.9815
CRM,139,234.0249
CRM,140,233.2114
CRM,141,224.0206
CRM,142,215.0420
CRM,143,215.1498
CRM,144,215.4974
CRM,145,214.7951
CRM,146,213.9366
CRM,147,209.7724
CRM,148,208.4327
CRM,149,202.1780
CRM,150,198.0125
CRM,151,191.1118
CRM,152,188.6089
CRM,153,187.4027
CRM,154,190.7103
CRM,155,188.6288
CRM,156,198.4019
CRM,157,192.9798
CRM,158,188.0623
CRM,159,185.2297
CRM,160,184.2699
CRM,161,181.1539
CRM,162,177.2349
CRM,163,171.7470
CRM,164,176.8105
CRM,165,178.0378
CRM,166,176.6748
CRM,167,182.4694
CRM,168,180.3619
CRM,169,182.1084
CRM,170,182.1895
CRM,171,186.0321
CRM,172,186.8527
CRM,173,184.1898
CRM,174,176.9192
CRM,175,176.9601
CRM,176,171.8593
CRM,177,170.6918
CRM,178,173.0808
CRM,179,181.3689
CRM,180,181.3732
CRM,181,184.3591
CRM,182,181.0082
CRM,183,181.3565
CRM,184,183.8905
CRM,185,182.3532
CRM,186,181.3064
CRM,187,177.4547
CRM,188,171.0872
CRM,189,171.4826
CRM,190,166.7475
CRM,191,175.3634
CRM,192,182.8413
CRM,193,186.3804
CRM,194,189.6762
CRM,195,190.7133
CRM,196,193.3997
CRM,197,191.3083
CRM,198,196.5563
CRM,199,195.8866
CRM,200,191.8472
CRM,201,182.2172
CRM,202,174.0209
CRM,203,175.4875
CRM,204,170.9072
CRM,205,170.6636
CRM,206,163.9018
CRM,207,165.9153
CRM,208,165.1294
CRM,209,165.6715
CRM,210,165.5302
CRM,211,165.9675
CRM,212,166.6639
CRM,213,162.9925
CRM,214,163.7062
CRM,215,161.9040
CRM,216,163.3041
CRM,217,161.3908
CRM,218,157.6056
CRM,219,157.8179
CRM,220,150.4098
CRM,221,152.1424
CRM,222,154.0520
CRM,223,157.6874
CRM,224,159.1821
CRM,225,157.2380
CRM,226,157.4215
CRM,227,158.8781
CRM,228,155.8083
CRM,229,158.2622
CRM,230,158.8523
CRM,231,160.3339
CRM,232,165.3871
CRM,233,174.8299
CRM,234,175.0777
CRM,235,175.1072
CRM,236,175.0195
CRM,237,185.3809
CRM,238,188.1810
CRM,239,191.9153
CRM,240,186.3874
CRM,241,186.7374
CRM,242,182.2938
CRM,243,186.3647
CRM,244,185.3594
CRM,245,179.1483
CRM,246,187.4576
CRM,247,183.1580
CRM,248,184.2543
CRM,249,187.7977
CRM,250,189.1119
CRM,251,193.2983
CRM,252,189.6703
CRM,253,190.7634
CRM,254,190.4153
CRM,255,191.6579
CRM,256,197.3234
CRM,257,197.4479
CRM,258,195.6029
CRM,259,202.0915
CRM,260,202.8783
CRM,261,205.4589
CRM,262,207.0570
CRM,263,204.5948
CRM,264,211.8011
CRM,265,210.2195
CRM,266,205.7474
CRM,267,207.2122
CRM,268,210.2433
CRM,269,204.9865
CRM,270,205.5968
CRM,271,207.7037
CRM,272,203.7496
CRM,273,197.0975
CRM,274,198.3766
CRM,275,199.0746
CRM,276,202.8322
CRM,277,201.0464
CRM,278,207.3046
CRM,279,204.1825
CRM,280,205.3537
CRM,281,199.1570
CRM,282,194.7623
CRM,283,195.7927
CRM,284,196.8908
CRM,285,193.1459
CRM,286,190.1180
CRM,287,188.9229
CRM,288,191.1766
CRM,289,190.3401
CRM,290,192.8830
CRM,291,194.5817
CRM,292,194.9573
CRM,293,193.0070
CRM,294,189.5202
CRM,295,192.2681
CRM,296,193.5755
CRM,297,193.4701
CRM,298,193.5209
CRM,299,195.7051
CRM,300,197.0497
CRM,301,200.8407
CRM,302,199.9609
CRM,303,202.3407
CRM,304,202.0523
CRM,305,208.1128
CRM,306,210.0306
CRM,307,205.9723
CRM,308,202.6909
CRM,309,195.2863
CRM,310,196.5655
CRM,311,203.1182
CRM,312,210.2450
CRM,313,212.4476
CRM,314,208.9297
CRM,315,209.7797
CRM,316,218.6763
CRM,317,212.1532
CRM,318,211.9430
CRM,319,215.3822
CRM,320,216.5935
CRM,321,214.2112
CRM,322,212.5472
CRM,323,207.7380
CRM,324,198.6417
CRM,325,193.6252
CRM,326,197.1867
CRM,327,193.3480
CRM,328,196.8006
CRM,329,200.9029
CRM,330,195.6352
CRM,331,194.6542
CRM,332,192.8869
CRM,333,192.8227
CRM,334,191.3173
CRM,335,189.9596
CRM,336,189.3687
CRM,337,187.7596
CRM,338,188.0245
CRM,339,190.1644
CRM,340,182.4893
CRM,341,184.3593
CRM,342,189.1169
CRM,343,182.4040
CRM,344,184.1815
CRM,345,181.5764
CRM,346,183.5511
CRM,347,182.7071
CRM,348,180.9948
CRM,349,180.2849
CRM,350,180.8907
CRM,351,184.0490
CRM,352,187.1414
CRM,353,185.8724
CRM,354,186.8438
CRM,355,183.9118
CRM,356,183.8617
CRM,357,187.6813
CRM,358,185.5849
CRM,359,186.8545
CRM,360,191.5570
CRM,361,189.5668
CRM,362,193.9300
CRM,363,187.5584
CRM,364,185.2997
CRM,365,185.2900
CRM,366,190.1360
CRM,367,184.5913
CRM,368,182.8591
CRM,369,186.3736
CRM,370,186.3150
CRM,371,180.8672
CRM,372,182.3637
CRM,373,193.8476
CRM,374,190.2321
CRM,375,189.2951
CRM,376,187.9046
CRM,377,188.3494
CRM,378,186.9812
CRM,379,181.4900
CRM,380,182.3746
CRM,381,186.5614
CRM,382,186.7782
CRM,383,191.2244
CRM,384,198.8978
CRM,385,193.0866
CRM,386,187.2868
CRM,387,180.8129
CRM,388,182.3260
CRM,389,182.9533
CRM,390,187.5035
CRM,391,188.2178
CRM,392,188.5246
CRM,393,191.4789
CRM,394,192.1872
CRM,395,192.1999
CRM,396,190.1907
CRM,397,195.8105
CRM,398,196.0662
CRM,399,190.9369
CRM,400,196.9025
CRM,401,199.7251
CRM,402,201.8012
CRM,403,198.9111
CRM,404,198.2345
CRM,405,193.7262
CRM,406,192.2846
CRM,407,185.7008
CRM,408,187.4494
CRM,409,192.2087
CRM,410,188.6261
CRM,411,188.4288
CRM,412,190.5871
CRM,413,199.7585
CRM,414,197.5783
CRM,415,195.6574
CRM,416,195.8251
CRM,417,193.6662
CRM,418,191.9569
CRM,419,191.3469
CRM,420,194.9388
CRM,421,193.3989
CRM,422,196.6229
CRM,423,195.0770
CRM,424,195.2114
CRM,425,193.4334
CRM,426,194.8696
CRM,427,196.3595
CRM,428,196.7796
CRM,429,193.4037
CRM,430,192.2795
CRM,431,187.6833
CRM,432,192.7259
CRM,433,193.4464
CRM,434,185.6803
CRM,435,191.6303
CRM,436,189.0487
CRM,437,189.1077
CRM,438,193.6485
CRM,439,183.6598
CRM,440,181.8671
CRM,441,177.7454
CRM,442,182.4917
CRM,443,189.2241
CRM,444,192.2304
CRM,445,198.4618
CRM,446,195.0473
CRM,447,190.7220
CRM,448,189.8733
CRM,449,190.2011
CRM,450,193.4521
CRM,451,193.0477
CRM,452,190.7058
CRM,453,187.0802
CRM,454,190.1144
CRM,455,192.1115
CRM,456,194.8242
CRM,457,193.7998
CRM,458,196.6616
CRM,459,189.9569
CRM,460,188.5839
CRM,461,186.7661
CRM,462,186.2842
CRM,463,190.9323
CRM,464,190.3227
CRM,465,192.6621
CRM,466,194.6656
CRM,467,195.2663
CRM,468,195.8598
CRM,469,197.1549
CRM,470,189.6335
CRM,471,190.1273
CRM,472,192.0551
CRM,473,192.3143
CRM,474,190.6531
CRM,475,191.2761
CRM,476,189.6896
CRM,477,195.7297
CRM,478,188.5666
CRM,479,187.7551
CRM,480,182.5337
CRM,481,191.5430
CRM,482,191.3477
CRM,483,189.7147
CRM,484,196.2805
CRM,485,194.7428
CRM,486,193.8651
CRM,487,192.9277
CRM,488,198.8798
CRM,489,206.2663
CRM,490,201.4201
CRM,491,206.2499
CRM,492,214.3383
CRM,493,220.7826
CRM,494,219.0990
CRM,495,215.4361
CRM,496,210.7785
CRM,497,204.4151
CRM,498,208.7981
CRM,499,205.2146
CRM,500,193.9477
CRM,501,191.6100
CRM,502,195.0431
CRM,503,195.5935
CRM,504,194.4993
ORCL,0,120.0000
ORCL,1,120.0583
ORCL,2,120.9998
ORCL,3,120.4478
ORCL,4,119.5737
ORCL,5,120.6057
ORCL,6,119.5009
ORCL,7,118.0582
ORCL,8,114.2880
ORCL,9,114.9323
ORCL,10,114.7832
ORCL,11,112.1240
ORCL,12,113.3296
ORCL,13,111.7873
ORCL,14,112.3790
ORCL,15,110.9832
ORCL,16,113.9994
ORCL,17,111.3879
ORCL,18,107.0853
ORCL,19,108.5833
ORCL,20,106.0833
ORCL,21,101.4296
ORCL,22,99.7264
ORCL,23,102.0656
ORCL,24,101.7015
ORCL,25,103.8048
ORCL,26,106.3164
ORCL,27,108.5862
ORCL,28,108.6500
ORCL,29,108.4913
ORCL,30,107.5756
ORCL,31,109.7702
ORCL,32,111.9000
ORCL,33,110.0438
ORCL,34,111.8258
ORCL,35,107.7304
ORCL,36,107.0587
ORCL,37,109.0459
ORCL,38,111.4789
ORCL,39,113.8544
ORCL,40,116.5511
ORCL,41,117.0132
ORCL,42,114.9155
ORCL,43,111.7915
ORCL,44,114.6764
ORCL,45,114.2608
ORCL,46,111.3967
ORCL,47,111.5362
ORCL,48,111.0074
ORCL,49,110.0093
ORCL,50,108.0504
ORCL,51,109.1590
ORCL,52,106.8227
ORCL,53,107.7686
ORCL,54,107.0187
ORCL,55,108.2257
ORCL,56,104.7375
ORCL,57,107.2331
ORCL,58,107.3427
ORCL,59,104.1747
ORCL,60,101.2821
ORCL,61,99.4187
ORCL,62,98.8093
ORCL,63,100.6774
ORCL,64,102.0019
ORCL,65,100.5268
ORCL,66,103.4456
ORCL,67,103.7308
ORCL,68,104.0934
ORCL,69,101.8929
ORCL,70,102.6978
ORCL,71,105.5833
ORCL,72,107.1861
ORCL,73,106.0847
ORCL,74,105.6833
ORCL,75,101.2871
ORCL,76,100.9449
ORCL,77,102.9167
ORCL,78,104.2389
ORCL,79,103.9132
ORCL,80,103.0230
ORCL,81,103.9728
ORCL,82,102.3553
ORCL,83,101.6273
ORCL,84,102.5657
ORCL,85,102.2466
ORCL,86,102.7704
ORCL,87,104.2050
ORCL,88,103.9657
ORCL,89,105.7761
ORCL,90,108.1804
ORCL,91,108.7905
ORCL,92,109.7276
ORCL,93,107.9385
ORCL,94,107.5494
ORCL,95,106.5454
ORCL,96,105.4054
ORCL,97,106.1302
ORCL,98,104.7564
ORCL,99,106.1323
ORCL,100,109.8881
ORCL,101,107.3808
ORCL,102,104.3561
ORCL,103,104.5910
ORCL,104,105.5928
ORCL,105,105.3883
ORCL,106,107.9936
ORCL,107,108.8209
ORCL,108,107.5339
ORCL,109,104.4333
ORCL,110,100.3422
ORCL,111,99.6565
ORCL,112,100.4496
ORCL,113,102.0653
ORCL,114,101.8312
ORCL,115,103.0637
ORCL,116,102.6620
ORCL,117,102.1542
ORCL,118,102.1348
ORCL,119,104.1706
ORCL,120,103.2200
ORCL,121,104.4078
ORCL,122,105.2408
ORCL,123,103.8105
ORCL,124,106.3982
ORCL,125,103.7475
ORCL,126,104.9548
ORCL,127,101.2795
ORCL,128,101.7310
ORCL,129,100.2314
ORCL,130,100.1950
ORCL,131,97.8034
ORCL,132,93.6660
ORCL,133,90.0965
ORCL,134,90.5258
ORCL,135,89.6855
ORCL,136,87.9990
ORCL,137,86.4924
ORCL,138,85.2686
ORCL,139,84.8522
ORCL,140,84.0236
ORCL,141,82.2145
ORCL,142,80.8875
ORCL,143,80.8130
ORCL,144,80.3749
ORCL,145,81.4541
ORCL,146,83.4870
ORCL,147,82.3830
ORCL,148,81.0555
ORCL,149,78.6095
ORCL,150,76.2860
ORCL,151,74.2336
ORCL,152,76.2787
ORCL,153,76.0645
ORCL,154,76.4425
ORCL,155,75.9777
ORCL,156,79.7396
ORCL,157,80.3233
ORCL,158,77.6915
ORCL,159,78.4561
ORCL,160,76.6593
ORCL,161,74.9428
ORCL,162,73.5045
ORCL,163,72.1312
ORCL,164,73.1160
ORCL,165,72.0447
ORCL,166,71.1004
ORCL,167,72.3974
ORCL,168,70.9897
ORCL,169,69.7052
ORCL,170,70.2069
ORCL,171,71.9058
ORCL,172,71.8930
ORCL,173,72.0702
ORCL,174,71.2742
ORCL,175,70.9970
ORCL,176,70.1163
ORCL,177,72.3673
ORCL,178,73.7897
ORCL,179,76.0073
ORCL,180,76.5674
ORCL,181,75.2560
ORCL,182,72.8905
ORCL,183,70.6972
ORCL,184,69.5797
ORCL,185,69.7704
ORCL,186,68.6045
ORCL,187,69.1784
ORCL,188,68.0040
ORCL,189,68.0720
ORCL,190,66.7784
ORCL,191,69.3450
ORCL,192,70.3908
ORCL,193,72.1028
ORCL,194,73.0473
ORCL,195,73.6106
ORCL,196,73.6578
ORCL,197,72.9876
ORCL,198,74.6863
ORCL,199,74.4513
ORCL,200,73.0506
ORCL,201,72.0341
ORCL,202,69.8222
ORCL,203,71.2740
ORCL,204,70.5793
ORCL,205,71.8354
ORCL,206,69.8009
ORCL,207,69.6353
ORCL,208,70.5273
ORCL,209,70.8451
ORCL,210,70.7798
ORCL,211,72.3529
ORCL,212,72.2940
ORCL,213,71.1666
ORCL,214,71.3793
ORCL,215,69.9960
ORCL,216,70.6947
ORCL,217,70.2595
ORCL,218,68.4124
ORCL,219,69.4710
ORCL,220,68.3948
ORCL,221,70.2898
ORCL,222,71.2306
ORCL,223,70.1677
ORCL,224,70.1238
ORCL,225,69.7807
ORCL,226,70.6655
ORCL,227,71.4141
ORCL,228,69.9481
ORCL,229,71.0112
ORCL,230,71.0469
ORCL,231,69.5303
ORCL,232,70.8429
ORCL,233,72.4004
ORCL,234,72.6096
ORCL,235,73.0998
ORCL,236,71.7553
ORCL,237,73.1271
ORCL,238,73.7155
ORCL,239,74.3745
ORCL,240,71.5213
ORCL,241,71.5480
ORCL,242,70.3940
ORCL,243,72.4662
ORCL,244,73.2034
ORCL,245,70.8557
ORCL,246,72.7597
ORCL,247,71.2447
ORCL,248,72.6333
ORCL,249,74.3664
ORCL,250,76.5881
ORCL,251,76.4347
ORCL,252,77.5543
ORCL,253,77.3311
ORCL,254,76.8320
ORCL,255,76.3079
ORCL,256,79.0559
ORCL,257,79.0563
ORCL,258,79.1454
ORCL,259,81.8112
ORCL,260,80.7364
ORCL,261,81.0589
ORCL,262,80.1521
ORCL,263,80.2105
ORCL,264,80.8729
ORCL,265,82.6922
ORCL,266,79.6855
ORCL,267,81.2513
ORCL,268,83.5680
ORCL,269,82.1362
ORCL,270,82.4926
ORCL,271,83.2405
ORCL,272,83.2944
ORCL,273,80.8512
ORCL,274,81.1960
ORCL,275,78.5465
ORCL,276,78.5793
ORCL,277,79.1847
ORCL,278,80.5278
ORCL,279,80.4814
ORCL,280,81.6688
ORCL,281,80.5624
ORCL,282,78.6368
ORCL,283,77.1979
ORCL,284,76.9005
ORCL,285,76.4045
ORCL,286,78.6207
ORCL,287,79.0609
ORCL,288,80.2959
ORCL,289,79.4992
ORCL,290,79.0915
ORCL,291,79.4042
ORCL,292,80.4738
ORCL,293,80.9909
ORCL,294,80.7383
ORCL,295,80.4301
ORCL,296,78.8917
ORCL,297,78.6626
ORCL,298,79.3902
ORCL,299,79.6914
ORCL,300,78.7320
ORCL,301,79.1708
ORCL,302,77.8831
ORCL,303,79.6037
ORCL,304,79.8974
ORCL,305,83.4891
ORCL,306,82.4196
ORCL,307,82.6650
ORCL,308,81.7259
ORCL,309,80.2361
ORCL,310,81.5717
ORCL,311,83.7413
ORCL,312,87.1711
ORCL,313,86.3509
ORCL,314,85.0263
ORCL,315,85.2022
ORCL,316,86.8420
ORCL,317,86.0298
ORCL,318,84.8829
ORCL,319,86.4133
ORCL,320,86.3156
ORCL,321,83.6397
ORCL,322,82.9125
ORCL,323,84.9698
ORCL,324,83.1674
ORCL,325,82.7161
ORCL,326,82.9505
ORCL,327,82.0655
ORCL,328,81.3483
ORCL,329,81.8980
ORCL,330,81.0027
ORCL,331,81.5297
ORCL,332,78.5614
ORCL,333,79.1196
ORCL,334,80.3588
ORCL,335,80.1909
ORCL,336,80.5844
ORCL,337,81.2026
ORCL,338,80.2922
ORCL,339,81.0707
ORCL,340,80.2036
ORCL,341,81.4441
ORCL,342,81.1787
ORCL,343,79.3593
ORCL,344,80.6884
ORCL,345,80.5396
ORCL,346,79.6080
ORCL,347,79.1810
ORCL,348,79.9682
ORCL,349,79.8142
ORCL,350,78.2248
ORCL,351,79.1452
ORCL,352,81.3631
ORCL,353,82.7221
ORCL,354,81.1556
ORCL,355,80.9113
ORCL,356,82.0863
ORCL,357,84.0525
ORCL,358,81.8018
ORCL,359,83.7212
ORCL,360,85.4389
ORCL,361,82.8090
ORCL,362,84.6280
ORCL,363,82.1941
ORCL,364,80.8817
ORCL,365,78.8039
ORCL,366,82.2740
ORCL,367,80.7248
ORCL,368,80.6669
ORCL,369,82.7136
ORCL,370,82.1831
ORCL,371,80.0098
ORCL,372,80.2945
ORCL,373,82.5512
ORCL,374,82.9646
ORCL,375,82.2311
ORCL,376,82.2355
ORCL,377,82.6628
ORCL,378,81.8203
ORCL,379,80.4467
ORCL,380,79.9729
ORCL,381,80.8732
ORCL,382,81.1161
ORCL,383,81.0793
ORCL,384,84.3652
ORCL,385,83.6342
ORCL,386,82.5995
ORCL,387,79.3961
ORCL,388,79.9189
ORCL,389,80.0547
ORCL,390,80.1740
ORCL,391,80.2823
ORCL,392,80.2967
ORCL,393,80.2857
ORCL,394,77.6227
ORCL,395,77.2747
ORCL,396,77.4186
ORCL,397,78.4406
ORCL,398,78.7263
ORCL,399,74.6805
ORCL,400,75.7772
ORCL,401,77.1925
ORCL,402,76.9130
ORCL,403,76.1774
ORCL,404,74.5375
ORCL,405,73.6550
ORCL,406,73.1117
ORCL,407,70.9820
ORCL,408,70.4565
ORCL,409,72.6251
ORCL,410,71.5922
ORCL,411,69.2260
ORCL,412,69.2381
ORCL,413,70.1308
ORCL,414,69.8813
ORCL,415,69.7677
ORCL,416,67.9794
ORCL,417,67.1240
ORCL,418,67.2793
ORCL,419,65.9543
ORCL,420,67.7935
ORCL,421,66.6311
ORCL,422,67.6430
ORCL,423,66.4798
ORCL,424,66.6476
ORCL,425,66.5643
ORCL,426,66.3415
ORCL,427,66.1265
ORCL,428,65.5284
ORCL,429,65.4611
ORCL,430,65.9828
ORCL,431,65.7160
ORCL,432,67.3667
ORCL,433,67.3709
ORCL,434,65.9710
ORCL,435,67.0251
ORCL,436,66.3588
ORCL,437,67.1642
ORCL,438,68.5469
ORCL,439,66.5396
ORCL,440,67.1879
ORCL,441,64.9641
ORCL,442,65.6797
ORCL,443,66.6064
ORCL,444,67.1987
ORCL,445,68.3608
ORCL,446,68.9340
ORCL,447,67.8634
ORCL,448,68.5613
ORCL,449,67.9410
ORCL,450,68.0614
ORCL,451,68.6685
ORCL,452,68.4288
ORCL,453,69.2937
ORCL,454,70.0397
ORCL,455,71.8700
ORCL,456,70.9374
ORCL,457,71.5160
ORCL,458,72.5657
ORCL,459,71.2745
ORCL,460,72.1055
ORCL,461,71.6430
ORCL,462,72.1636
ORCL,463,73.7867
ORCL,464,74.8663
ORCL,465,76.0066
ORCL,466,75.7900
ORCL,467,76.4419
ORCL,468,76.9190
ORCL,469,76.6042
ORCL,470,75.3280
ORCL,471,74.3268
ORCL,472,75.0609
ORCL,473,76.4100
ORCL,474,75.1012
ORCL,475,77.6425
ORCL,476,77.1316
ORCL,477,77.1328
ORCL,478,75.0026
ORCL,479,75.0853
ORCL,480,73.0587
ORCL,481,75.5430
ORCL,482,76.7064
ORCL,483,77.8894
ORCL,484,79.6945
ORCL,485,79.7666
ORCL,486,78.0157
ORCL,487,77.0924
ORCL,488,80.5579
ORCL,489,81.7275
ORCL,490,83.2395
ORCL,491,84.7902
ORCL,492,87.4072
ORCL,493,90.0932
ORCL,494,91.2861
ORCL,495,92.0151
ORCL,496,89.7318
ORCL,497,86.4295
ORCL,498,87.8057
ORCL,499,85.2959
ORCL,500,84.6356
ORCL,501,83.6015
ORCL,502,83.8662
ORCL,503,82.8016
ORCL,504,84.3684
ADBE,0,520.0000
ADBE,1,517.2457
ADBE,2,515.1787
ADBE,3,522.1720
ADBE,4,520.7974
ADBE,5,516.5713
ADBE,6,508.7159
ADBE,7,512.0742
ADBE,8,496.5270
ADBE,9,497.0320
ADBE,10,504.9145
ADBE,11,501.7746
ADBE,12,514.6688
ADBE,13,518.3252
ADBE,14,521.0640
ADBE,15,525.4689
ADBE,16,542.7508
ADBE,17,536.9119
ADBE,18,505.3305
ADBE,19,521.5292
ADBE,20,517.0896
ADBE,21,505.2793
ADBE,22,491.5779
ADBE,23,508.7144
ADBE,24,502.8805
ADBE,25,501.4994
ADBE,26,517.4954
ADBE,27,523.3126
ADBE,28,517.4624
ADBE,29,522.5123
ADBE,30,514.0919
ADBE,31,524.5694
ADBE,32,541.2568
ADBE,33,521.2457
ADBE,34,529.0003
ADBE,35,504.3932
ADBE,36,482.2553
ADBE,37,481.5765
ADBE,38,494.5078
ADBE,39,499.7788
ADBE,40,490.3252
ADBE,41,487.9174
ADBE,42,480.7477
ADBE,43,469.9147
ADBE,44,470.2511
ADBE,45,469.9093
ADBE,46,452.0201
ADBE,47,449.7878
ADBE,48,443.6058
ADBE,49,448.0807
ADBE,50,444.0395
ADBE,51,443.2128
ADBE,52,440.0714
ADBE,53,458.7328
ADBE,54,461.1088
ADBE,55,460.8502
ADBE,56,448.9898
ADBE,57,452.6695
ADBE,58,442.9003
ADBE,59,427.9742
ADBE,60,426.2987
ADBE,61,415.4246
ADBE,62,417.5500
ADBE,63,428.9564
ADBE,64,427.4225
ADBE,65,432.6291
ADBE,66,456.0003
ADBE,67,446.3969
ADBE,68,449.7250
ADBE,69,444.2821
ADBE,70,456.7399
ADBE,71,477.2480
ADBE,72,477.1030
ADBE,73,473.9549
ADBE,74,468.7622
ADBE,75,436.6226
ADBE,76,433.0830
ADBE,77,444.5470
ADBE,78,450.3491
ADBE,79,441.2354
ADBE,80,440.3650
ADBE,81,433.6378
ADBE,82,439.1102
ADBE,83,434.1847
ADBE,84,435.6940
ADBE,85,427.7306
ADBE,86,420.3447
ADBE,87,436.0270
ADBE,88,429.8110
ADBE,89,422.2678
ADBE,90,437.8195
ADBE,91,431.0448
ADBE,92,444.2472
ADBE,93,444.1550
ADBE,94,451.1579
ADBE,95,454.5273
ADBE,96,447.5523
ADBE,97,423.4434
ADBE,98,417.8035
ADBE,99,423.2444
ADBE,100,438.0212
ADBE,101,433.3978
ADBE,102,422.9245
ADBE,103,425.2776
ADBE,104,435.5041
ADBE,105,438.5520
ADBE,106,457.6244
ADBE,107,452.8450
ADBE,108,446.0898
ADBE,109,425.0363
ADBE,110,414.8280
ADBE,111,409.9132
ADBE,112,419.9018
ADBE,113,431.4291
ADBE,114,430.0456
ADBE,115,438.9805
ADBE,116,439.2741
ADBE,117,434.1477
ADBE,118,435.5466
ADBE,119,453.5973
ADBE,120,452.3012
ADBE,121,450.9586
ADBE,122,450.6241
ADBE,123,457.3936
ADBE,124,463.7757
ADBE,125,456.4520
ADBE,126,466.1826
ADBE,127,468.8484
ADBE,128,463.1645
ADBE,129,465.0875
ADBE,130,455.4305
ADBE,131,445.6801
ADBE,132,430.7061
ADBE,133,419.9630
ADBE,134,418.3435
ADBE,135,422.6677
ADBE,136,418.9939
ADBE,137,412.2207
ADBE,138,406.4865
ADBE,139,408.7765
ADBE,140,401.0337
ADBE,141,386.7968
ADBE,142,380.7570
ADBE,143,379.6811
ADBE,144,390.7333
ADBE,145,389.5831
ADBE,146,394.0162
ADBE,147,391.3089
ADBE,148,387.0449
ADBE,149,372.8543
ADBE,150,359.2590
ADBE,151,347.2540
ADBE,152,342.9940
ADBE,153,342.5543
ADBE,154,346.9806
ADBE,155,352.9094
ADBE,156,356.0171
ADBE,157,351.8916
ADBE,158,341.6166
ADBE,159,339.5734
ADBE,160,332.2221
ADBE,161,326.4190
ADBE,162,309.7376
ADBE,163,300.4350
ADBE,164,302.9478
ADBE,165,301.9164
ADBE,166,304.7111
ADBE,167,308.7693
ADBE,168,302.6536
ADBE,169,295.1936
ADBE,170,294.0983
ADBE,171,295.4321
ADBE,172,302.7518
ADBE,173,301.0899
ADBE,174,287.9318
ADBE,175,291.7324
ADBE,176,278.4902
ADBE,177,287.8160
ADBE,178,282.4945
ADBE,179,284.7414
ADBE,180,283.4257
ADBE,181,283.1218
ADBE,182,283.9299
ADBE,183,274.9181
ADBE,184,279.1612
ADBE,185,276.3465
ADBE,186,275.7220
ADBE,187,278.4167
ADBE,188,269.2624
ADBE,189,273.5316
ADBE,190,260.2585
ADBE,191,270.1401
ADBE,192,274.8650
ADBE,193,280.8245
ADBE,194,286.6155
ADBE,195,285.1210
ADBE,196,289.1737
ADBE,197,278.8391
ADBE,198,284.9156
ADBE,199,285.5588
ADBE,200,277.3975
ADBE,201,272.6566
ADBE,202,259.8868
ADBE,203,261.4049
ADBE,204,257.6242
ADBE,205,258.6442
ADBE,206,253.9914
ADBE,207,251.3302
ADBE,208,260.5053
ADBE,209,261.4714
ADBE,210,266.4922
ADBE,211,269.3257
ADBE,212,269.3993
ADBE,213,272.7847
ADBE,214,274.1672
ADBE,215,272.5690
ADBE,216,277.6566
ADBE,217,276.0222
ADBE,218,271.4096
ADBE,219,274.6648
ADBE,220,263.8773
ADBE,221,264.1348
ADBE,222,256.1685
ADBE,223,252.4190
ADBE,224,255.1010
ADBE,225,247.6514
ADBE,226,252.2010
ADBE,227,255.7904
ADBE,228,248.7288
ADBE,229,251.8712
ADBE,230,249.9843
ADBE,231,251.3361
ADBE,232,254.3416
ADBE,233,263.3384
ADBE,234,272.6253
ADBE,235,276.7879
ADBE,236,275.6841
ADBE,237,280.2940
ADBE,238,281.9798
ADBE,239,282.2867
ADBE,240,273.5184
ADBE,241,278.0315
ADBE,242,273.1975
ADBE,243,275.9060
ADBE,244,280.6455
ADBE,245,272.1123
ADBE,246,276.4433
ADBE,247,271.0537
ADBE,248,273.3390
ADBE,249,264.6114
ADBE,250,269.7343
ADBE,251,268.9185
ADBE,252,264.7641
ADBE,253,256.2551
ADBE,254,257.6546
ADBE,255,263.4544
ADBE,256,279.1150
ADBE,257,279.2844
ADBE,258,273.2723
ADBE,259,281.2545
ADBE,260,268.5343
ADBE,261,265.7791
ADBE,262,266.2681
ADBE,263,267.9819
ADBE,264,273.3767
ADBE,265,276.5205
ADBE,266,266.9124
ADBE,267,273.1001
ADBE,268,275.6765
ADBE,269,278.4125
ADBE,270,280.0619
ADBE,271,275.0633
ADBE,272,277.6762
ADBE,273,266.8706
ADBE,274,272.3552
ADBE,275,272.3430
ADBE,276,280.9066
ADBE,277,288.1837
ADBE,278,292.1688
ADBE,279,297.5565
ADBE,280,302.8764
ADBE,281,302.8724
ADBE,282,292.2803
ADBE,283,289.9463
ADBE,284,285.5053
ADBE,285,287.6908
ADBE,286,296.2789
ADBE,287,292.8713
ADBE,288,303.2391
ADBE,289,299.8096
ADBE,290,306.6611
ADBE,291,313.2578
ADBE,292,315.2853
ADBE,293,313.6057
ADBE,294,310.7955
ADBE,295,315.4025
ADBE,296,313.5207
ADBE,297,321.5239
ADBE,298,323.1792
ADBE,299,328.8719
ADBE,300,332.5960
ADBE,301,333.4695
ADBE,302,328.5998
ADBE,303,329.7711
ADBE,304,327.6239
ADBE,305,332.6222
ADBE,306,331.7544
ADBE,307,331.8672
ADBE,308,327.2422
ADBE,309,319.4152
ADBE,310,320.2348
ADBE,311,330.4213
ADBE,312,335.3425
ADBE,313,348.8666
ADBE,314,354.3762
ADBE,315,346.7351
ADBE,316,356.6965
ADBE,317,356.5871
ADBE,318,351.3787
ADBE,319,357.5747
ADBE,320,367.0925
ADBE,321,371.5259
ADBE,322,355.8374
ADBE,323,356.6208
ADBE,324,349.5769
ADBE,325,343.5576
ADBE,326,339.7787
ADBE,327,338.4279
ADBE,328,343.9079
ADBE,329,348.5070
ADBE,330,349.8598
ADBE,331,345.5090
ADBE,332,344.0256
ADBE,333,339.7893
ADBE,334,346.5644
ADBE,335,342.1799
ADBE,336,339.2877
ADBE,337,340.4370
ADBE,338,343.5705
ADBE,339,348.9021
ADBE,340,348.0576
ADBE,341,347.6876
ADBE,342,354.2743
ADBE,343,337.7422
ADBE,344,334.7200
ADBE,345,333.8643
ADBE,346,331.4166
ADBE,347,336.3981
ADBE,348,333.8341
ADBE,349,341.6942
ADBE,350,339.1248
ADBE,351,339.0740
ADBE,352,343.8780
ADBE,353,342.9674
ADBE,354,343.1876
ADBE,355,340.2007
ADBE,356,342.6411
ADBE,357,350.3058
ADBE,358,344.4400
ADBE,359,348.1183
ADBE,360,349.6493
ADBE,361,337.4457
ADBE,362,347.4237
ADBE,363,342.8910
ADBE,364,336.2176
ADBE,365,325.4800
ADBE,366,344.3234
ADBE,367,335.8731
ADBE,368,344.1062
ADBE,369,355.3412
ADBE,370,344.2463
ADBE,371,331.5086
ADBE,372,342.3626
ADBE,373,351.3186
ADBE,374,357.2945
ADBE,375,364.5077
ADBE,376,360.8838
ADBE,377,365.8940
ADBE,378,365.6450
ADBE,379,363.9741
ADBE,380,371.0612
ADBE,381,375.2595
ADBE,382,374.4677
ADBE,383,382.3128
ADBE,384,391.9224
ADBE,385,387.4541
ADBE,386,375.5337
ADBE,387,362.6010
ADBE,388,358.5796
ADBE,389,366.4087
ADBE,390,362.1067
ADBE,391,360.2695
ADBE,392,370.8871
ADBE,393,369.7087
ADBE,394,365.9012
ADBE,395,365.4121
ADBE,396,362.6488
ADBE,397,372.0342
ADBE,398,366.9554
ADBE,399,359.6689
ADBE,400,365.9562
ADBE,401,368.3578
ADBE,402,372.9825
ADBE,403,367.7920
ADBE,404,363.0152
ADBE,405,352.7691
ADBE,406,353.6483
ADBE,407,347.5431
ADBE,408,349.7313
ADBE,409,351.1689
ADBE,410,350.8765
ADBE,411,352.7929
ADBE,412,354.6119
ADBE,413,356.2220
ADBE,414,348.6249
ADBE,415,348.0623
ADBE,416,339.4714
ADBE,417,331.1760
ADBE,418,325.7099
ADBE,419,316.9755
ADBE,420,331.0650
ADBE,421,328.4406
ADBE,422,330.2082
ADBE,423,327.7996
ADBE,424,325.8655
ADBE,425,326.8374
ADBE,426,319.7212
ADBE,427,327.4025
ADBE,428,331.5982
ADBE,429,319.1429
ADBE,430,326.6456
ADBE,431,325.6195
ADBE,432,331.8859
ADBE,433,330.6871
ADBE,434,324.1205
ADBE,435,324.4004
ADBE,436,327.9042
ADBE,437,324.1440
ADBE,438,329.9017
ADBE,439,329.4345
ADBE,440,326.9816
ADBE,441,313.5443
ADBE,442,321.1539
ADBE,443,329.4157
ADBE,444,330.7808
ADBE,445,341.8031
ADBE,446,340.1094
ADBE,447,337.0535
ADBE,448,344.0698
ADBE,449,342.1381
ADBE,450,348.3028
ADBE,451,351.0046
ADBE,452,355.4653
ADBE,453,354.4821
ADBE,454,352.2062
ADBE,455,360.0021
ADBE,456,357.2482
ADBE,457,361.5760
ADBE,458,366.9394
ADBE,459,354.8367
ADBE,460,358.1459
ADBE,461,353.6286
ADBE,462,351.6933
ADBE,463,367.2295
ADBE,464,368.1734
ADBE,465,371.0707
ADBE,466,379.2392
ADBE,467,399.0281
ADBE,468,403.3323
ADBE,469,401.9406
ADBE,470,394.5344
ADBE,471,396.0188
ADBE,472,397.9531
ADBE,473,400.8461
ADBE,474,401.0132
ADBE,475,407.2138
ADBE,476,407.8418
ADBE,477,425.2829
ADBE,478,410.4553
ADBE,479,418.0855
ADBE,480,410.4416
ADBE,481,431.7525
ADBE,482,433.6614
ADBE,483,435.5977
ADBE,484,441.2853
ADBE,485,439.8349
ADBE,486,433.4940
ADBE,487,436.0441
ADBE,488,464.4167
ADBE,489,476.1960
ADBE,490,485.3182
ADBE,491,491.1210
ADBE,492,504.1951
ADBE,493,524.9863
ADBE,494,541.8254
ADBE,495,548.4273
ADBE,496,533.4643
ADBE,497,524.1524
ADBE,498,542.5598
ADBE,499,532.4366
ADBE,500,525.0618
ADBE,501,502.5374
ADBE,502,505.3151
ADBE,503,504.5454
ADBE,504,513.9263
CSCO,0,48.0000
CSCO,1,47.3144
CSCO,2,46.8509
CSCO,3,46.6525
CSCO,4,46.9101
CSCO,5,47.3015
CSCO,6,46.2425
CSCO,7,45.7507
CSCO,8,44.7170
CSCO,9,45.3210
CSCO,10,45.1168
CSCO,11,44.2963
CSCO,12,44.2412
CSCO,13,43.5973
CSCO,14,44.1221
CSCO,15,44.2978
CSCO,16,44.7224
CSCO,17,44.4039
CSCO,18,43.3182
CSCO,19,44.8425
CSCO,20,44.1187
CSCO,21,43.3875
CSCO,22,43.7672
CSCO,23,44.0419
CSCO,24,43.0897
CSCO,25,43.2640
CSCO,26,43.3749
CSCO,27,43.8304
CSCO,28,43.8085
CSCO,29,43.8202
CSCO,30,43.5907
CSCO,31,44.2129
CSCO,32,44.9898
CSCO,33,44.4468
CSCO,34,45.1811
CSCO,35,43.9615
CSCO,36,43.7352
CSCO,37,43.3427
CSCO,38,43.8985
CSCO,39,44.7022
CSCO,40,44.7724
CSCO,41,44.7324
CSCO,42,44.9898
CSCO,43,44.5514
CSCO,44,45.6200
CSCO,45,45.6100
CSCO,46,44.9294
CSCO,47,45.1027
CSCO,48,45.2619
CSCO,49,45.7579
CSCO,50,45.1618
CSCO,51,45.9361
CSCO,52,45.6581
CSCO,53,45.9961
CSCO,54,45.6798
CSCO,55,46.5280
CSCO,56,45.3497
CSCO,57,44.8864
CSCO,58,44.4496
CSCO,59,44.0168
CSCO,60,43.2295
CSCO,61,42.2190
CSCO,62,41.6705
CSCO,63,42.6764
CSCO,64,42.8511
CSCO,65,43.1743
CSCO,66,44.5102
CSCO,67,44.7365
CSCO,68,44.3814
CSCO,69,44.3744
CSCO,70,43.8492
CSCO,71,45.1633
CSCO,72,45.9983
CSCO,73,45.9738
CSCO,74,45.7077
CSCO,75,44.3885
CSCO,76,44.7668
CSCO,77,44.9701
CSCO,78,45.9577
CSCO,79,46.1668
CSCO,80,45.5306
CSCO,81,46.8803
CSCO,82,46.5717
CSCO,83,46.9693
CSCO,84,47.5990
CSCO,85,47.0681
CSCO,86,47.6971
CSCO,87,48.5585
CSCO,88,48.1717
CSCO,89,48.1261
CSCO,90,49.0518
CSCO,91,48.6233
CSCO,92,49.0136
CSCO,93,48.5812
CSCO,94,47.7461
CSCO,95,48.1872
CSCO,96,48.3068
CSCO,97,48.2689
CSCO,98,48.1835
CSCO,99,47.9181
CSCO,100,48.9585
CSCO,101,48.5433
CSCO,102,48.0198
CSCO,103,47.9930
CSCO,104,47.6729
CSCO,105,48.0930
CSCO,106,49.3298
CSCO,107,48.2387
CSCO,108,48.0841
CSCO,109,47.2431
CSCO,110,45.5384
CSCO,111,44.6450
CSCO,112,45.9232
CSCO,113,46.1686
CSCO,114,45.9098
CSCO,115,46.3966
CSCO,116,46.7151
CSCO,117,46.6405
CSCO,118,46.8779
CSCO,119,48.4412
CSCO,120,49.0855
CSCO,121,48.9315
CSCO,122,48.8859
CSCO,123,48.7014
CSCO,124,49.6239
CSCO,125,49.3298
CSCO,126,50.0549
CSCO,127,49.3998
CSCO,128,49.8159
CSCO,129,49.7571
CSCO,130,48.9262
CSCO,131,47.9218
CSCO,132,46.8140
CSCO,133,46.1321
CSCO,134,46.4724
CSCO,135,47.1867
CSCO,136,47.1165
CSCO,137,46.9536
CSCO,138,47.4013
CSCO,139,48.1742
CSCO,140,48.3581
CSCO,141,47.2489
CSCO,142,46.2586
CSCO,143,45.9865
CSCO,144,45.9059
CSCO,145,45.4693
CSCO,146,44.8778
CSCO,147,44.6816
CSCO,148,44.6245
CSCO,149,43.7100
CSCO,150,43.6893
CSCO,151,43.3454
CSCO,152,43.7012
CSCO,153,43.4023
CSCO,154,43.8598
CSCO,155,44.0277
CSCO,156,44.9647
CSCO,157,44.8352
CSCO,158,43.9783
CSCO,159,43.4746
CSCO,160,43.1017
CSCO,161,42.5861
CSCO,162,41.7784
CSCO,163,40.6097
CSCO,164,40.8308
CSCO,165,41.0039
CSCO,166,40.4952
CSCO,167,41.2054
CSCO,168,41.1393
CSCO,169,40.7486
CSCO,170,40.6219
CSCO,171,40.7962
CSCO,172,41.2884
CSCO,173,41.0344
CSCO,174,40.8403
CSCO,175,41.0095
CSCO,176,41.0938
CSCO,177,41.4761
CSCO,178,41.7165
CSCO,179,42.0701
CSCO,180,42.0072
CSCO,181,41.8498
CSCO,182,41.4937
CSCO,183,40.8919
CSCO,184,41.6302
CSCO,185,41.6721
CSCO,186,41.5082
CSCO,187,41.3610
CSCO,188,40.3283
CSCO,189,40.3841
CSCO,190,39.5003
CSCO,191,39.9216
CSCO,192,39.7844
CSCO,193,41.6682
CSCO,194,41.9955
CSCO,195,42.7017
CSCO,196,42.9948
CSCO,197,43.0556
CSCO,198,43.9502
CSCO,199,43.2756
CSCO,200,42.7184
CSCO,201,41.9850
CSCO,202,40.7292
CSCO,203,40.5559
CSCO,204,40.2556
CSCO,205,40.4655
CSCO,206,40.0052
CSCO,207,40.1622
CSCO,208,40.2592
CSCO,209,40.4239
CSCO,210,40.5523
CSCO,211,41.3371
CSCO,212,41.9983
CSCO,213,41.6678
CSCO,214,42.1295
CSCO,215,42.3356
CSCO,216,42.1053
CSCO,217,42.5653
CSCO,218,41.9263
CSCO,219,42.3463
CSCO,220,41.9635
CSCO,221,42.3463
CSCO,222,43.4623
CSCO,223,42.6595
CSCO,224,42.6457
CSCO,225,42.5932
CSCO,226,43.4049
CSCO,227,43.9679
CSCO,228,42.9841
CSCO,229,43.0069
CSCO,230,43.1246
CSCO,231,43.1056
CSCO,232,43.7468
CSCO,233,45.1389
CSCO,234,45.0070
CSCO,235,45.1174
CSCO,236,45.4909
CSCO,237,46.0766
CSCO,238,46.4346
CSCO,239,46.8176
CSCO,240,45.5114
CSCO,241,45.6312
CSCO,242,44.4590
CSCO,243,45.6507
CSCO,244,46.0950
CSCO,245,45.1079
CSCO,246,45.5985
CSCO,247,44.5189
CSCO,248,44.8708
CSCO,249,45.1928
CSCO,250,46.0879
CSCO,251,46.1306
CSCO,252,45.6615
CSCO,253,45.7192
CSCO,254,45.7848
CSCO,255,45.7534
CSCO,256,46.6642
CSCO,257,46.7490
CSCO,258,45.9984
CSCO,259,47.0773
CSCO,260,46.5380
CSCO,261,46.4598
CSCO,262,46.2105
CSCO,263,46.6528
CSCO,264,47.0542
CSCO,265,47.1252
CSCO,266,46.4590
CSCO,267,46.2629
CSCO,268,46.8708
CSCO,269,46.6672
CSCO,270,46.8194
CSCO,271,47.6416
CSCO,272,48.2451
CSCO,273,46.4889
CSCO,274,46.9744
CSCO,275,46.6526
CSCO,276,48.0602
CSCO,277,48.1668
CSCO,278,48.9339
CSCO,279,49.0408
CSCO,280,48.9300
CSCO,281,47.7712
CSCO,282,47.0480
CSCO,283,45.7528
CSCO,284,45.4302
CSCO,285,44.6707
CSCO,286,45.5988
CSCO,287,45.5344
CSCO,288,46.0018
CSCO,289,45.5152
CSCO,290,44.7086
CSCO,291,44.5182
CSCO,292,43.9892
CSCO,293,44.0236
CSCO,294,43.2888
CSCO,295,42.9665
CSCO,296,42.7938
CSCO,297,42.9913
CSCO,298,43.2289
CSCO,299,43.5212
CSCO,300,43.9768
CSCO,301,44.1838
CSCO,302,44.2767
CSCO,303,45.0113
CSCO,304,44.8182
CSCO,305,45.5546
CSCO,306,45.2816
CSCO,307,45.7358
CSCO,308,45.9414
CSCO,309,45.0551
CSCO,310,45.6253
CSCO,311,46.3065
CSCO,312,47.9210
CSCO,313,47.7639
CSCO,314,47.4177
CSCO,315,46.9584
CSCO,316,47.2178
CSCO,317,46.4680
CSCO,318,45.9684
CSCO,319,46.4127
CSCO,320,47.1385
CSCO,321,47.0257
CSCO,322,46.7847
CSCO,323,47.1212
CSCO,324,46.4709
CSCO,325,45.5169
CSCO,326,44.9932
CSCO,327,44.3873
CSCO,328,44.9223
CSCO,329,45.7365
CSCO,330,45.2671
CSCO,331,45.5121
CSCO,332,44.7255
CSCO,333,45.1041
CSCO,334,45.0943
CSCO,335,44.6251
CSCO,336,45.0373
CSCO,337,45.2866
CSCO,338,45.4107
CSCO,339,45.0542
CSCO,340,43.6330
CSCO,341,44.7534
CSCO,342,45.7205
CSCO,343,44.9369
CSCO,344,45.3811
CSCO,345,44.9272
CSCO,346,45.1682
CSCO,347,44.9858
CSCO,348,45.0039
CSCO,349,44.6183
CSCO,350,44.5153
CSCO,351,44.1125
CSCO,352,45.4652
CSCO,353,45.5356
CSCO,354,45.7073
CSCO,355,45.6317
CSCO,356,45.7501
CSCO,357,46.6609
CSCO,358,46.3494
CSCO,359,47.1132
CSCO,360,47.6286
CSCO,361,46.4910
CSCO,362,47.0390
CSCO,363,46.3173
CSCO,364,46.3983
CSCO,365,45.6386
CSCO,366,46.4836
CSCO,367,45.8774
CSCO,368,45.1807
CSCO,369,46.0477
CSCO,370,46.1076
CSCO,371,45.2707
CSCO,372,45.4112
CSCO,373,46.1399
CSCO,374,46.8755
CSCO,375,46.4249
CSCO,376,45.3413
CSCO,377,45.7355
CSCO,378,45.9559
CSCO,379,45.9209
CSCO,380,46.2525
CSCO,381,46.7056
CSCO,382,47.4154
CSCO,383,48.0730
CSCO,384,49.5157
CSCO,385,48.1866
CSCO,386,47.9507
CSCO,387,46.3949
CSCO,388,46.4930
CSCO,389,47.0484
CSCO,390,46.9577
CSCO,391,47.3539
CSCO,392,48.1157
CSCO,393,48.2025
CSCO,394,47.1910
CSCO,395,47.3638
CSCO,396,47.3141
CSCO,397,47.0424
CSCO,398,46.9213
CSCO,399,45.0242
CSCO,400,45.2676
CSCO,401,45.8896
CSCO,402,46.0477
CSCO,403,44.9855
CSCO,404,44.4792
CSCO,405,44.1058
CSCO,406,43.5153
CSCO,407,42.9382
CSCO,408,43.0581
CSCO,409,43.6365
CSCO,410,43.5227
CSCO,411,43.7140
CSCO,412,43.1084
CSCO,413,43.7146
CSCO,414,43.6310
CSCO,415,43.0840
CSCO,416,43.0210
CSCO,417,42.9950
CSCO,418,43.0367
CSCO,419,42.2351
CSCO,420,43.3722
CSCO,421,43.5799
CSCO,422,43.6718
CSCO,423,44.1516
CSCO,424,44.2153
CSCO,425,44.4286
CSCO,426,44.0559
CSCO,427,44.5106
CSCO,428,44.3676
CSCO,429,43.8585
CSCO,430,43.9771
CSCO,431,43.9762
CSCO,432,44.5739
CSCO,433,44.5253
CSCO,434,43.5836
CSCO,435,43.5825
CSCO,436,43.4766
CSCO,437,43.0661
CSCO,438,44.5048
CSCO,439,43.5328
CSCO,440,43.8287
CSCO,441,42.8554
CSCO,442,43.5677
CSCO,443,44.6010
CSCO,444,44.5395
CSCO,445,44.1943
CSCO,446,44.1261
CSCO,447,45.0990
CSCO,448,46.2771
CSCO,449,46.7777
CSCO,450,46.9161
CSCO,451,46.4184
CSCO,452,45.8943
CSCO,453,45.4203
CSCO,454,45.1319
CSCO,455,46.4673
CSCO,456,45.6944
CSCO,457,45.7699
CSCO,458,46.8795
CSCO,459,46.1491
CSCO,460,46.1680
CSCO,461,46.6187
CSCO,462,46.7571
CSCO,463,48.2441
CSCO,464,48.4188
CSCO,465,48.5952
CSCO,466,48.8382
CSCO,467,49.7131
CSCO,468,49.1287
CSCO,469,49.2083
CSCO,470,49.0231
CSCO,471,49.6044
CSCO,472,49.3968
CSCO,473,49.8217
CSCO,474,49.2776
CSCO,475,50.4598
CSCO,476,50.2269
CSCO,477,51.6493
CSCO,478,50.0873
CSCO,479,50.3780
CSCO,480,49.7105
CSCO,481,50.9436
CSCO,482,51.8042
CSCO,483,51.4906
CSCO,484,51.2480
CSCO,485,51.0712
CSCO,486,50.6306
CSCO,487,50.3022
CSCO,488,51.2319
CSCO,489,51.9525
CSCO,490,52.7926
CSCO,491,53.1032
CSCO,492,54.4289
CSCO,493,55.3891
CSCO,494,55.7959
CSCO,495,55.3704
CSCO,496,54.6686
CSCO,497,53.2630
CSCO,498,54.8137
CSCO,499,54.0181
CSCO,500,53.3220
CSCO,501,52.8430
CSCO,502,53.3651
CSCO,503,52.6102
CSCO,504,53.2772
INTC,0,32.0000
INTC,1,32.5646
INTC,2,32.9969
INTC,3,33.1468
INTC,4,32.7649
INTC,5,33.3593
INTC,6,32.8624
INTC,7,33.5022
INTC,8,32.3851
INTC,9,32.2130
INTC,10,32.5101
INTC,11,32.9679
INTC,12,33.9730
INTC,13,33.8930
INTC,14,33.9049
INTC,15,33.2702
INTC,16,34.4880
INTC,17,34.2102
INTC,18,33.3976
INTC,19,34.6757
INTC,20,33.9341
INTC,21,32.2505
INTC,22,32.4823
INTC,23,32.5007
INTC,24,32.3299
INTC,25,32.2012
INTC,26,33.1535
INTC,27,34.4499
INTC,28,35.2079
INTC,29,34.4381
INTC,30,34.0001
INTC,31,34.9760
INTC,32,35.6247
INTC,33,34.0174
INTC,34,35.5258
INTC,35,34.7407
INTC,36,34.4993
INTC,37,33.8025
INTC,38,34.2021
INTC,39,35.8378
INTC,40,38.0135
INTC,41,38.0424
INTC,42,36.4600
INTC,43,35.8376
INTC,44,35.7979
INTC,45,34.5337
INTC,46,33.6726
INTC,47,34.0012
INTC,48,33.9402
INTC,49,33.7700
INTC,50,33.2484
INTC,51,33.1864
INTC,52,31.7761
INTC,53,32.0923
INTC,54,32.1683
INTC,55,32.6552
INTC,56,31.5224
INTC,57,31.9075
INTC,58,30.8147
INTC,59,29.2136
INTC,60,28.0558
INTC,61,27.2322
INTC,62,26.8955
INTC,63,27.5721
INTC,64,26.8575
INTC,65,26.3617
INTC,66,27.2353
INTC,67,27.4310
INTC,68,27.5632
INTC,69,27.2599
INTC,70,27.1268
INTC,71,27.5982
INTC,72,28.0578
INTC,73,27.3249
INTC,74,26.7300
INTC,75,25.4369
INTC,76,25.2085
INTC,77,25.8216
INTC,78,27.0481
INTC,79,26.3225
INTC,80,25.7922
INTC,81,26.6182
INTC,82,25.7686
INTC,83,25.7854
INTC,84,26.2755
INTC,85,25.3517
INTC,86,25.2318
INTC,87,25.6975
INTC,88,25.5436
INTC,89,26.0956
INTC,90,27.0366
INTC,91,26.4002
INTC,92,27.1038
INTC,93,26.8280
INTC,94,26.8004
INTC,95,27.4394
INTC,96,27.2931
INTC,97,27.0126
INTC,98,27.3507
INTC,99,27.7106
INTC,100,29.0364
INTC,101,28.4171
INTC,102,27.4729
INTC,103,28.6126
INTC,104,29.6358
INTC,105,28.9988
INTC,106,30.0648
INTC,107,29.7270
INTC,108,30.1344
INTC,109,29.2148
INTC,110,28.6570
INTC,111,28.1623
INTC,112,29.0456
INTC,113,29.4060
INTC,114,28.2026
INTC,115,29.3380
INTC,116,29.3329
INTC,117,28.7870
INTC,118,29.0842
INTC,119,30.4081
INTC,120,29.7811
INTC,121,29.4518
INTC,122,29.6218
INTC,123,28.8505
INTC,124,29.3283
INTC,125,28.2578
INTC,126,28.0030
INTC,127,27.7137
INTC,128,28.2611
INTC,129,28.4287
INTC,130,27.6460
INTC,131,28.2452
INTC,132,27.5858
INTC,133,26.3621
INTC,134,25.6733
INTC,135,26.0332
INTC,136,25.7237
INTC,137,25.4537
INTC,138,25.0582
INTC,139,26.0379
INTC,140,25.9341
INTC,141,25.6748
INTC,142,24.9130
INTC,143,24.7325
INTC,144,24.8971
INTC,145,25.5532
INTC,146,25.7263
INTC,147,25.3710
INTC,148,25.1875
INTC,149,24.9645
INTC,150,24.4600
INTC,151,24.0292
INTC,152,24.2954
INTC,153,24.1759
INTC,154,23.8780
INTC,155,24.0178
INTC,156,25.4371
INTC,157,24.5139
INTC,158,23.4536
INTC,159,23.1493
INTC,160,22.8212
INTC,161,22.1130
INTC,162,21.7222
INTC,163,20.8284
INTC,164,21.1162
INTC,165,21.1747
INTC,166,20.0295
INTC,167,20.3650
INTC,168,20.4845
INTC,169,20.1024
INTC,170,20.1140
INTC,171,20.4460
INTC,172,20.8746
INTC,173,20.6113
INTC,174,20.2083
INTC,175,20.1579
INTC,176,19.6365
INTC,177,20.2189
INTC,178,20.2871
INTC,179,21.3689
INTC,180,20.9401
INTC,181,21.2689
INTC,182,22.0291
INTC,183,21.5131
INTC,184,21.7616
INTC,185,21.9347
INTC,186,21.7532
INTC,187,21.1921
INTC,188,20.2537
INTC,189,20.5433
INTC,190,19.3140
INTC,191,20.3545
INTC,192,20.8148
INTC,193,21.2025
INTC,194,21.1589
INTC,195,21.6537
INTC,196,22.2248
INTC,197,22.3557
INTC,198,23.1324
INTC,199,23.0493
INTC,200,22.7529
INTC,201,21.8833
INTC,202,20.8267
INTC,203,21.5223
INTC,204,20.4822
INTC,205,19.6570
INTC,206,19.1739
INTC,207,19.0288
INTC,208,19.3562
INTC,209,19.6263
INTC,210,19.4111
INTC,211,19.9598
INTC,212,20.1818
INTC,213,20.3260
INTC,214,20.4590
INTC,215,20.7342
INTC,216,21.2405
INTC,217,21.1233
INTC,218,21.1463
INTC,219,21.6409
INTC,220,20.7910
INTC,221,20.5009
INTC,222,20.5488
INTC,223,19.8608
INTC,224,20.5212
INTC,225,20.2133
INTC,226,20.6599
INTC,227,20.1614
INTC,228,19.8821
INTC,229,19.1131
INTC,230,19.8100
INTC,231,19.7686
INTC,232,20.3909
INTC,233,20.9627
INTC,234,21.0902
INTC,235,20.6681
INTC,236,20.2764
INTC,237,21.1898
INTC,238,21.5606
INTC,239,21.7959
INTC,240,21.0738
INTC,241,20.9961
INTC,242,20.9191
INTC,243,21.0913
INTC,244,21.2895
INTC,245,20.8398
INTC,246,21.3317
INTC,247,20.5583
INTC,248,20.9711
INTC,249,21.0738
INTC,250,21.4797
INTC,251,21.7064
INTC,252,20.9503
INTC,253,21.3114
INTC,254,21.0218
INTC,255,20.9992
INTC,256,22.1889
INTC,257,21.4446
INTC,258,20.7413
INTC,259,21.9136
INTC,260,20.9497
INTC,261,21.0040
INTC,262,20.4555
INTC,263,20.8298
INTC,264,20.7827
INTC,265,20.6387
INTC,266,20.2824
INTC,267,19.9809
INTC,268,20.5088
INTC,269,19.9389
INTC,270,20.5246
INTC,271,21.4682
INTC,272,21.4193
INTC,273,21.1542
INTC,274,21.0873
INTC,275,20.6021
INTC,276,21.5271
INTC,277,21.5846
INTC,278,20.8972
INTC,279,21.0161
INTC,280,21.1097
INTC,281,21.0490
INTC,282,21.0272
INTC,283,20.8521
INTC,284,20.4543
INTC,285,20.0773
INTC,286,20.3236
INTC,287,20.0187
INTC,288,20.2865
INTC,289,19.9723
INTC,290,20.2569
INTC,291,20.1210
INTC,292,19.7081
INTC,293,19.3897
INTC,294,19.4104
INTC,295,19.2579
INTC,296,18.9684
INTC,297,19.4964
INTC,298,19.5587
INTC,299,19.4367
INTC,300,19.3745
INTC,301,19.8193
INTC,302,18.8205
INTC,303,18.7788
INTC,304,18.4920
INTC,305,19.2263
INTC,306,18.8754
INTC,307,18.5180
INTC,308,18.1812
INTC,309,17.4916
INTC,310,17.4786
INTC,311,18.1757
INTC,312,18.7955
INTC,313,19.0531
INTC,314,19.0487
INTC,315,18.9442
INTC,316,18.9685
INTC,317,18.7792
INTC,318,18.4270
INTC,319,19.0855
INTC,320,19.9232
INTC,321,19.5851
INTC,322,19.6333
INTC,323,19.4952
INTC,324,18.4906
INTC,325,18.1134
INTC,326,18.2274
INTC,327,17.9906
INTC,328,17.6716
INTC,329,17.8114
INTC,330,17.3390
INTC,331,17.6418
INTC,332,17.5946
INTC,333,17.4336
INTC,334,17.3175
INTC,335,17.0881
INTC,336,16.7095
INTC,337,17.4340
INTC,338,17.4448
INTC,339,17.2708
INTC,340,16.6538
INTC,341,16.8741
INTC,342,17.2081
INTC,343,16.3138
INTC,344,16.3468
INTC,345,16.7398
INTC,346,17.0146
INTC,347,16.8531
INTC,348,16.6447
INTC,349,16.4330
INTC,350,16.3765
INTC,351,16.3133
INTC,352,16.6469
INTC,353,16.5066
INTC,354,16.4366
INTC,355,16.0827
INTC,356,16.0972
INTC,357,16.2736
INTC,358,16.1683
INTC,359,16.6003
INTC,360,17.2101
INTC,361,16.4354
INTC,362,16.7616
INTC,363,16.0495
INTC,364,15.6946
INTC,365,15.2574
INTC,366,16.0111
INTC,367,15.6198
INTC,368,15.3581
INTC,369,15.7160
INTC,370,15.6267
INTC,371,15.7418
INTC,372,15.7871
INTC,373,16.2150
INTC,374,16.2926
INTC,375,16.0940
INTC,376,15.8853
INTC,377,16.1241
INTC,378,16.5967
INTC,379,16.1986
INTC,380,16.0605
INTC,381,16.0484
INTC,382,16.1831
INTC,383,16.9317
INTC,384,17.6270
INTC,385,17.2356
INTC,386,17.0359
INTC,387,16.4720
INTC,388,16.6088
INTC,389,16.8262
INTC,390,16.4561
INTC,391,16.8664
INTC,392,17.0405
INTC,393,17.1354
INTC,394,17.2845
INTC,395,17.5645
INTC,396,17.5917
INTC,397,17.7115
INTC,398,18.0929
INTC,399,17.5671
INTC,400,18.0440
INTC,401,17.8675
INTC,402,18.1182
INTC,403,17.7353
INTC,404,17.3054
INTC,405,17.1620
INTC,406,17.1838
INTC,407,16.8524
INTC,408,16.7642
INTC,409,17.4966
INTC,410,17.2399
INTC,411,17.0810
INTC,412,17.2477
INTC,413,17.2067
INTC,414,17.0711
INTC,415,17.0641
INTC,416,16.8207
INTC,417,16.3791
INTC,418,16.4976
INTC,419,15.9385
INTC,420,16.6087
INTC,421,16.4751
INTC,422,17.0916
INTC,423,16.8792
INTC,424,16.5735
INTC,425,16.7049
INTC,426,16.8750
INTC,427,16.9396
INTC,428,16.6532
INTC,429,16.6572
INTC,430,17.0281
INTC,431,17.2291
INTC,432,17.0228
INTC,433,17.3834
INTC,434,17.1909
INTC,435,17.3725
INTC,436,17.6392
INTC,437,17.5282
INTC,438,18.3341
INTC,439,17.9644
INTC,440,18.1386
INTC,441,17.3479
INTC,442,17.2751
INTC,443,17.9716
INTC,444,18.1177
INTC,445,17.8337
INTC,446,18.3973
INTC,447,18.1501
INTC,448,18.5319
INTC,449,18.4875
INTC,450,18.7750
INTC,451,18.4747
INTC,452,18.7266
INTC,453,18.5037
INTC,454,18.7820
INTC,455,19.6584
INTC,456,19.4670
INTC,457,19.9478
INTC,458,19.7901
INTC,459,18.9997
INTC,460,18.4797
INTC,461,19.0078
INTC,462,18.9246
INTC,463,19.7586
INTC,464,19.7962
INTC,465,19.4373
INTC,466,19.6949
INTC,467,20.0901
INTC,468,20.5519
INTC,469,20.5392
INTC,470,20.6522
INTC,471,20.2893
INTC,472,20.3765
INTC,473,20.3475
INTC,474,20.0881
INTC,475,20.3925
INTC,476,20.4254
INTC,477,20.6722
INTC,478,20.2533
INTC,479,21.1126
INTC,480,19.8106
INTC,481,20.9194
INTC,482,20.3953
INTC,483,20.3624
INTC,484,20.4390
INTC,485,20.2614
INTC,486,20.5559
INTC,487,20.5242
INTC,488,21.6247
INTC,489,22.1097
INTC,490,22.4203
INTC,491,22.8399
INTC,492,24.0504
INTC,493,24.8628
INTC,494,25.5002
INTC,495,25.1943
INTC,496,24.5342
INTC,497,23.6551
INTC,498,24.5776
INTC,499,24.3311
INTC,500,23.4601
INTC,501,23.2655
INTC,502,23.6968
INTC,503,23.1536
INTC,504,23.7711
QCOM,0,160.0000
QCOM,1,160.6607
QCOM,2,162.7170
QCOM,3,164.4508
QCOM,4,164.5039
QCOM,5,167.0926
QCOM,6,167.0336
QCOM,7,165.5932
QCOM,8,161.8936
QCOM,9,161.1094
QCOM,10,156.7563
QCOM,11,154.8260
QCOM,12,155.4661
QCOM,13,152.4955
QCOM,14,152.7745
QCOM,15,151.1499
QCOM,16,153.5242
QCOM,17,151.0702
QCOM,18,144.9533
QCOM,19,149.4865
QCOM,20,147.8253
QCOM,21,141.0334
QCOM,22,138.3164
QCOM,23,137.4495
QCOM,24,136.7165
QCOM,25,135.7036
QCOM,26,139.5824
QCOM,27,144.5267
QCOM,28,140.4764
QCOM,29,141.6281
QCOM,30,140.3460
QCOM,31,138.9727
QCOM,32,145.5571
QCOM,33,143.5314
QCOM,34,144.5378
QCOM,35,140.5943
QCOM,36,139.1973
QCOM,37,140.5911
QCOM,38,141.7531
QCOM,39,143.6781
QCOM,40,148.1617
QCOM,41,149.0813
QCOM,42,147.5018
QCOM,43,144.2423
QCOM,44,145.8475
QCOM,45,144.6007
QCOM,46,143.5190
QCOM,47,143.2148
QCOM,48,145.2531
QCOM,49,145.7597
QCOM,50,145.0009
QCOM,51,146.3101
QCOM,52,141.1423
QCOM,53,142.8114
QCOM,54,140.3956
QCOM,55,143.0887
QCOM,56,140.5373
QCOM,57,140.7749
QCOM,58,139.9387
QCOM,59,136.1040
QCOM,60,132.8744
QCOM,61,130.0958
QCOM,62,129.2163
QCOM,63,135.2049
QCOM,64,133.4695
QCOM,65,136.2457
QCOM,66,139.5485
QCOM,67,135.6376
QCOM,68,135.7142
QCOM,69,132.2319
QCOM,70,133.4559
QCOM,71,137.2926
QCOM,72,136.5300
QCOM,73,132.0397
QCOM,74,131.4752
QCOM,75,124.9608
QCOM,76,124.9666
QCOM,77,127.1854
QCOM,78,126.7490
QCOM,79,122.9968
QCOM,80,120.2508
QCOM,81,122.4336
QCOM,82,117.0527
QCOM,83,116.7630
QCOM,84,119.0749
QCOM,85,117.6950
QCOM,86,116.3684
QCOM,87,118.4857
QCOM,88,114.5735
QCOM,89,115.4131
QCOM,90,120.9096
QCOM,91,116.9858
QCOM,92,119.9645
QCOM,93,119.6104
QCOM,94,120.0981
QCOM,95,117.4489
QCOM,96,117.1155
QCOM,97,114.4787
QCOM,98,112.2338
QCOM,99,114.1027
QCOM,100,117.1623
QCOM,101,115.0400
QCOM,102,113.3914
QCOM,103,111.8414
QCOM,104,111.4592
QCOM,105,114.9808
QCOM,106,117.0976
QCOM,107,118.0912
QCOM,108,116.5390
QCOM,109,113.0360
QCOM,110,111.0717
QCOM,111,110.6793
QCOM,112,118.0910
QCOM,113,121.2962
QCOM,114,119.7199
QCOM,115,125.7857
QCOM,116,130.2270
QCOM,117,129.9259
QCOM,118,130.0188
QCOM,119,138.0554
QCOM,120,138.2599
QCOM,121,137.2482
QCOM,122,139.8470
QCOM,123,138.5109
QCOM,124,141.4737
QCOM,125,138.8190
QCOM,126,139.7254
QCOM,127,134.5053
QCOM,128,140.3218
QCOM,129,139.3287
QCOM,130,137.9987
QCOM,131,138.0507
QCOM,132,135.5655
QCOM,133,134.6073
QCOM,134,137.7049
QCOM,135,136.8805
QCOM,136,137.4318
QCOM,137,133.8821
QCOM,138,132.5625
QCOM,139,135.5476
QCOM,140,131.6099
QCOM,141,126.3342
QCOM,142,119.9333
QCOM,143,116.9912
QCOM,144,116.8621
QCOM,145,116.4669
QCOM,146,118.0901
QCOM,147,119.7088
QCOM,148,116.7363
QCOM,149,113.9680
QCOM,150,109.0512
QCOM,151,107.3160
QCOM,152,108.6188
QCOM,153,107.7458
QCOM,154,109.7128
QCOM,155,107.2837
QCOM,156,110.1508
QCOM,157,107.3079
QCOM,158,105.5519
QCOM,159,103.4514
QCOM,160,102.7092
QCOM,161,101.6722
QCOM,162,98.0913
QCOM,163,95.9146
QCOM,164,96.4749
QCOM,165,93.9240
QCOM,166,92.4156
QCOM,167,96.0326
QCOM,168,94.3918
QCOM,169,94.0479
QCOM,170,94.2414
QCOM,171,93.3644
QCOM,172,93.1051
QCOM,173,91.3374
QCOM,174,89.5200
QCOM,175,87.9043
QCOM,176,86.6917
QCOM,177,89.6961
QCOM,178,91.4652
QCOM,179,93.7193
QCOM,180,93.0636
QCOM,181,92.4229
QCOM,182,91.7838
QCOM,183,88.9697
QCOM,184,89.8493
QCOM,185,89.3202
QCOM,186,88.5132
QCOM,187,88.7497
QCOM,188,88.4108
QCOM,189,87.6741
QCOM,190,84.0493
QCOM,191,89.4990
QCOM,192,91.2089
QCOM,193,94.5485
QCOM,194,95.4668
QCOM,195,99.7961
QCOM,196,102.9565
QCOM,197,101.9873
QCOM,198,105.8054
QCOM,199,105.6110
QCOM,200,101.8006
QCOM,201,100.9010
QCOM,202,98.4941
QCOM,203,99.2274
QCOM,204,97.8968
QCOM,205,98.6191
QCOM,206,97.3931
QCOM,207,97.8988
QCOM,208,97.0453
QCOM,209,96.3797
QCOM,210,97.6701
QCOM,211,95.0550
QCOM,212,97.4135
QCOM,213,94.5431
QCOM,214,96.1180
QCOM,215,94.0133
QCOM,216,96.2514
QCOM,217,97.6606
QCOM,218,96.6830
QCOM,219,97.3667
QCOM,220,94.4533
QCOM,221,96.1284
QCOM,222,99.6300
QCOM,223,97.8301
QCOM,224,97.6065
QCOM,225,97.4119
QCOM,226,97.8336
QCOM,227,97.1497
QCOM,228,94.9934
QCOM,229,95.8693
QCOM,230,99.3904
QCOM,231,99.1932
QCOM,232,101.2206
QCOM,233,103.6355
QCOM,234,105.7045
QCOM,235,104.6753
QCOM,236,103.1556
QCOM,237,108.9160
QCOM,238,108.7328
QCOM,239,110.3712
QCOM,240,109.5949
QCOM,241,110.7153
QCOM,242,107.8386
QCOM,243,111.5208
QCOM,244,111.7348
QCOM,245,109.2925
QCOM,246,117.2720
QCOM,247,116.0103
QCOM,248,121.5183
QCOM,249,123.4627
QCOM,250,124.9899
QCOM,251,126.7506
QCOM,252,123.1674
QCOM,253,124.1450
QCOM,254,123.3313
QCOM,255,123.0897
QCOM,256,128.4011
QCOM,257,123.4690
QCOM,258,120.7358
QCOM,259,124.8559
QCOM,260,118.4251
QCOM,261,119.3116
QCOM,262,119.3854
QCOM,263,120.5150
QCOM,264,121.2572
QCOM,265,121.7487
QCOM,266,116.1050
QCOM,267,112.7280
QCOM,268,113.1384
QCOM,269,111.0176
QCOM,270,108.9471
QCOM,271,108.7559
QCOM,272,109.8421
QCOM,273,107.8505
QCOM,274,106.0977
QCOM,275,108.8874
QCOM,276,111.3652
QCOM,277,114.0277
QCOM,278,113.5483
QCOM,279,116.2357
QCOM,280,116.6968
QCOM,281,113.1737
QCOM,282,111.1358
QCOM,283,110.8922
QCOM,284,107.7722
QCOM,285,109.0622
QCOM,286,110.4224
QCOM,287,111.2107
QCOM,288,112.9033
QCOM,289,111.7933
QCOM,290,111.9885
QCOM,291,112.8641
QCOM,292,114.4403
QCOM,293,117.4979
QCOM,294,117.2894
QCOM,295,118.4974
QCOM,296,118.6165
QCOM,297,120.3089
QCOM,298,121.1668
QCOM,299,122.7318
QCOM,300,123.9850
QCOM,301,127.0976
QCOM,302,124.8836
QCOM,303,126.0780
QCOM,304,124.9284
QCOM,305,129.1405
QCOM,306,128.0689
QCOM,307,124.7545
QCOM,308,122.5983
QCOM,309,119.3621
QCOM,310,117.1910
QCOM,311,119.4959
QCOM,312,124.2790
QCOM,313,124.3422
QCOM,314,125.0259
QCOM,315,123.2221
QCOM,316,123.0469
QCOM,317,121.0066
QCOM,318,120.7762
QCOM,319,126.0596
QCOM,320,132.4679
QCOM,321,131.7092
QCOM,322,131.8950
QCOM,323,127.1813
QCOM,324,124.0477
QCOM,325,119.7489
QCOM,326,118.1512
QCOM,327,116.9533
QCOM,328,118.9433
QCOM,329,119.8503
QCOM,330,120.4031
QCOM,331,120.1529
QCOM,332,117.8740
QCOM,333,115.6153
QCOM,334,119.6294
QCOM,335,122.1504
QCOM,336,119.3200
QCOM,337,119.6666
QCOM,338,117.3267
QCOM,339,116.9552
QCOM,340,115.9272
QCOM,341,117.5858
QCOM,342,118.0123
QCOM,343,114.8021
QCOM,344,115.7917
QCOM,345,117.3203
QCOM,346,117.0881
QCOM,347,115.8205
QCOM,348,113.6413
QCOM,349,113.0958
QCOM,350,111.1483
QCOM,351,108.8037
QCOM,352,113.1692
QCOM,353,115.9165
QCOM,354,117.0183
QCOM,355,113.9534
QCOM,356,111.3015
QCOM,357,111.6859
QCOM,358,110.6749
QCOM,359,111.0703
QCOM,360,111.7199
QCOM,361,108.0918
QCOM,362,109.5977
QCOM,363,108.9766
QCOM,364,109.0628
QCOM,365,106.9987
QCOM,366,108.6807
QCOM,367,104.2633
QCOM,368,104.2330
QCOM,369,105.0626
QCOM,370,102.6042
QCOM,371,99.4797
QCOM,372,99.7617
QCOM,373,103.6824
QCOM,374,103.4816
QCOM,375,105.1572
QCOM,376,102.7166
QCOM,377,103.5405
QCOM,378,104.2318
QCOM,379,100.9552
QCOM,380,103.3575
QCOM,381,104.4370
QCOM,382,103.9851
QCOM,383,108.0815
QCOM,384,110.9729
QCOM,385,108.7670
QCOM,386,106.6833
QCOM,387,102.0874
QCOM,388,100.8649
QCOM,389,101.0933
QCOM,390,100.1623
QCOM,391,102.2638
QCOM,392,103.5308
QCOM,393,105.8485
QCOM,394,104.6499
QCOM,395,106.3610
QCOM,396,107.2964
QCOM,397,109.3373
QCOM,398,108.0351
QCOM,399,103.0918
QCOM,400,104.2401
QCOM,401,106.0113
QCOM,402,106.2223
QCOM,403,104.7838
QCOM,404,104.0549
QCOM,405,104.6592
QCOM,406,102.5460
QCOM,407,99.7137
QCOM,408,102.0263
QCOM,409,104.4124
QCOM,410,104.8356
QCOM,411,103.6152
QCOM,412,103.1112
QCOM,413,107.3938
QCOM,414,105.9120
QCOM,415,105.1126
QCOM,416,102.9045
QCOM,417,100.9826
QCOM,418,99.2844
QCOM,419,97.7141
QCOM,420,97.2142
QCOM,421,99.1602
QCOM,422,99.4906
QCOM,423,97.8773
QCOM,424,98.6788
QCOM,425,98.0327
QCOM,426,95.9868
QCOM,427,98.4574
QCOM,428,98.2107
QCOM,429,100.4945
QCOM,430,101.8155
QCOM,431,104.9062
QCOM,432,108.7509
QCOM,433,107.5132
QCOM,434,102.6457
QCOM,435,102.5640
QCOM,436,101.5864
QCOM,437,100.7279
QCOM,438,105.3539
QCOM,439,102.2289
QCOM,440,103.2277
QCOM,441,101.2645
QCOM,442,105.6422
QCOM,443,110.1297
QCOM,444,111.7043
QCOM,445,115.2035
QCOM,446,114.0239
QCOM,447,113.9175
QCOM,448,115.9902
QCOM,449,116.5514
QCOM,450,116.9407
QCOM,451,117.0274
QCOM,452,116.5097
QCOM,453,118.5630
QCOM,454,120.3175
QCOM,455,125.1512
QCOM,456,121.3855
QCOM,457,120.9440
QCOM,458,120.6219
QCOM,459,118.7682
QCOM,460,117.0827
QCOM,461,116.0664
QCOM,462,114.9837
QCOM,463,119.1330
QCOM,464,118.7916
QCOM,465,119.9165
QCOM,466,122.4130
QCOM,467,127.1448
QCOM,468,125.4657
QCOM,469,124.4530
QCOM,470,123.1696
QCOM,471,118.1174
QCOM,472,118.6551
QCOM,473,120.3698
QCOM,474,120.1862
QCOM,475,126.8711
QCOM,476,126.9828
QCOM,477,130.1008
QCOM,478,123.9814
QCOM,479,124.8116
QCOM,480,122.4283
QCOM,481,127.7518
QCOM,482,127.6472
QCOM,483,128.8729
QCOM,484,128.5712
QCOM,485,130.7259
QCOM,486,128.4814
QCOM,487,126.7419
QCOM,488,130.5895
QCOM,489,132.1847
QCOM,490,131.0825
QCOM,491,136.4964
QCOM,492,143.4751
QCOM,493,152.1928
QCOM,494,149.4367
QCOM,495,151.2612
QCOM,496,149.9780
QCOM,497,143.6973
QCOM,498,151.0817
QCOM,499,146.4473
QCOM,500,140.8832
QCOM,501,140.4468
QCOM,502,140.4729
QCOM,503,141.9378
QCOM,504,140.0235
TXN,0,170.0000
TXN,1,170.8857
TXN,2,170.0983
TXN,3,174.5768
TXN,4,177.4033
TXN,5,175.4559
TXN,6,174.1896
TXN,7,172.0204
TXN,8,170.4882
TXN,9,168.8455
TXN,10,167.9498
TXN,11,166.9420
TXN,12,167.7273
TXN,13,166.5095
TXN,14,166.3355
TXN,15,166.8213
TXN,16,171.0361
TXN,17,167.5065
TXN,18,163.2748
TXN,19,166.9652
TXN,20,160.7649
TXN,21,158.6302
TXN,22,160.1916
TXN,23,159.1117
TXN,24,157.5224
TXN,25,154.8419
TXN,26,159.1167
TXN,27,161.3093
TXN,28,163.6106
TXN,29,162.2077
TXN,30,161.1892
TXN,31,161.9156
TXN,32,164.4200
TXN,33,163.7144
TXN,34,163.9560
TXN,35,161.9473
TXN,36,160.7913
TXN,37,162.1116
TXN,38,165.1410
TXN,39,168.6013
TXN,40,174.0115
TXN,41,175.2852
TXN,42,173.1541
TXN,43,172.8240
TXN,44,176.6627
TXN,45,175.8358
TXN,46,172.3515
TXN,47,172.5904
TXN,48,172.8683
TXN,49,173.0087
TXN,50,171.7381
TXN,51,173.9061
TXN,52,171.2536
TXN,53,173.6104
TXN,54,172.8504
TXN,55,175.9095
TXN,56,172.6327
TXN,57,174.8362
TXN,58,178.8647
TXN,59,169.9467
TXN,60,167.8000
TXN,61,161.0058
TXN,62,160.8499
TXN,63,164.3887
TXN,64,164.3148
TXN,65,164.1388
TXN,66,166.6797
TXN,67,166.4958
TXN,68,166.8818
TXN,69,166.1780
TXN,70,167.9137
TXN,71,174.2732
TXN,72,173.2114
TXN,73,168.6937
TXN,74,168.7539
TXN,75,161.4904
TXN,76,161.6065
TXN,77,164.4813
TXN,78,167.3037
TXN,79,164.9299
TXN,80,161.7742
TXN,81,160.1249
TXN,82,157.5462
TXN,83,159.1487
TXN,84,159.0858
TXN,85,156.7679
TXN,86,157.6500
TXN,87,160.2632
TXN,88,157.5698
TXN,89,157.9479
TXN,90,164.3900
TXN,91,165.8912
TXN,92,169.0552
TXN,93,169.5132
TXN,94,167.3974
TXN,95,166.7235
TXN,96,166.1535
TXN,97,163.2034
TXN,98,165.2345
TXN,99,162.9120
TXN,100,169.8081
TXN,101,164.3064
TXN,102,161.5251
TXN,103,162.8450
TXN,104,167.6884
TXN,105,166.0799
TXN,106,169.9516
TXN,107,166.4940
TXN,108,164.3975
TXN,109,160.2770
TXN,110,158.0864
TXN,111,154.3786
TXN,112,157.3095
TXN,113,159.7663
TXN,114,158.6324
TXN,115,159.9996
TXN,116,161.4339
TXN,117,158.8860
TXN,118,158.5941
TXN,119,162.1983
TXN,120,163.0490
TXN,121,164.2548
TXN,122,167.4138
TXN,123,166.8084
TXN,124,168.1191
TXN,125,166.9043
TXN,126,164.5094
TXN,127,161.0668
TXN,128,162.2462
TXN,129,159.4531
TXN,130,154.0179
TXN,131,150.8987
TXN,132,149.2812
TXN,133,148.9132
TXN,134,151.3209
TXN,135,149.2495
TXN,136,148.0320
TXN,137,144.2542
TXN,138,142.1511
TXN,139,145.0542
TXN,140,148.1502
TXN,141,146.9591
TXN,142,140.4554
TXN,143,141.0411
TXN,144,142.2847
TXN,145,143.7157
TXN,146,145.9791
TXN,147,142.0945
TXN,148,137.0191
TXN,149,133.5136
TXN,150,131.3034
TXN,151,128.1225
TXN,152,127.6310
TXN,153,127.8066
TXN,154,128.1209
TXN,155,126.1271
TXN,156,129.0371
TXN,157,126.7005
TXN,158,124.8737
TXN,159,121.9384
TXN,160,119.0286
TXN,161,118.4412
TXN,162,113.4592
TXN,163,110.1442
TXN,164,112.5135
TXN,165,112.0491
TXN,166,110.5756
TXN,167,113.0364
TXN,168,111.3833
TXN,169,111.1042
TXN,170,111.4595
TXN,171,116.4808
TXN,172,118.1469
TXN,173,117.9287
TXN,174,115.8837
TXN,175,115.5964
TXN,176,113.0934
TXN,177,114.2887
TXN,178,116.0414
TXN,179,119.5613
TXN,180,117.7412
TXN,181,117.6944
TXN,182,117.6103
TXN,183,116.2772
TXN,184,115.3846
TXN,185,112.6975
TXN,186,113.2687
TXN,187,112.3301
TXN,188,111.5052
TXN,189,111.6391
TXN,190,109.1939
TXN,191,112.7077
TXN,192,115.2723
TXN,193,118.5475
TXN,194,120.0771
TXN,195,122.4830
TXN,196,124.4824
TXN,197,123.4768
TXN,198,125.9806
TXN,199,126.6496
TXN,200,126.4357
TXN,201,122.9182
TXN,202,121.0207
TXN,203,122.3161
TXN,204,120.0728
TXN,205,120.5850
TXN,206,118.3988
TXN,207,119.3483
TXN,208,122.1476
TXN,209,123.9293
TXN,210,121.7775
TXN,211,121.2147
TXN,212,122.8153
TXN,213,120.9889
TXN,214,123.1212
TXN,215,124.8516
TXN,216,126.4568
TXN,217,128.5416
TXN,218,127.4772
TXN,219,129.4192
TXN,220,127.1037
TXN,221,126.6814
TXN,222,127.3359
TXN,223,126.5831
TXN,224,127.0542
TXN,225,127.7701
TXN,226,128.3441
TXN,227,129.3546
TXN,228,127.7035
TXN,229,130.4224
TXN,230,131.8925
TXN,231,131.2558
TXN,232,131.1949
TXN,233,133.6743
TXN,234,133.7092
TXN,235,132.7669
TXN,236,131.4787
TXN,237,136.7952
TXN,238,138.8738
TXN,239,142.9216
TXN,240,140.0866
TXN,241,140.9770
TXN,242,141.8482
TXN,243,141.3638
TXN,244,144.2600
TXN,245,143.1543
TXN,246,146.0872
TXN,247,144.2129
TXN,248,145.6019
TXN,249,144.5911
TXN,250,145.7125
TXN,251,145.5915
TXN,252,145.4571
TXN,253,144.4680
TXN,254,142.9942
TXN,255,141.7721
TXN,256,146.3752
TXN,257,146.2884
TXN,258,143.5890
TXN,259,149.0787
TXN,260,145.2498
TXN,261,145.3230
TXN,262,145.3609
TXN,263,144.9346
TXN,264,145.1886
TXN,265,147.9461
TXN,266,142.4553
TXN,267,143.1228
TXN,268,148.2736
TXN,269,148.9456
TXN,270,148.6345
TXN,271,152.3787
TXN,272,152.4392
TXN,273,147.8022
TXN,274,150.3334
TXN,275,149.2597
TXN,276,150.9186
TXN,277,153.7467
TXN,278,153.9023
TXN,279,154.1934
TXN,280,154.3156
TXN,281,148.9111
TXN,282,147.6331
TXN,283,144.0386
TXN,284,145.9615
TXN,285,148.7227
TXN,286,151.3656
TXN,287,150.7105
TXN,288,154.5692
TXN,289,152.0759
TXN,290,151.9409
TXN,291,155.6801
TXN,292,158.4411
TXN,293,160.4661
TXN,294,160.9908
TXN,295,163.3031
TXN,296,163.4298
TXN,297,164.5075
TXN,298,164.9274
TXN,299,163.6857
TXN,300,165.5304
TXN,301,166.7764
TXN,302,166.2131
TXN,303,167.2994
TXN,304,164.5784
TXN,305,167.1135
TXN,306,163.7628
TXN,307,159.6464
TXN,308,157.1353
TXN,309,154.6210
TXN,310,155.0498
TXN,311,158.0388
TXN,312,163.9754
TXN,313,163.6975
TXN,314,161.1110
TXN,315,161.0898
TXN,316,163.1983
TXN,317,161.5102
TXN,318,157.6412
TXN,319,160.6200
TXN,320,163.5820
TXN,321,158.8693
TXN,322,154.1933
TXN,323,150.6649
TXN,324,145.3462
TXN,325,141.6489
TXN,326,142.3739
TXN,327,139.6981
TXN,328,138.1279
TXN,329,141.6859
TXN,330,141.1039
TXN,331,140.8917
TXN,332,137.7740
TXN,333,137.0939
TXN,334,139.6960
TXN,335,140.9490
TXN,336,140.6510
TXN,337,140.5163
TXN,338,138.1471
TXN,339,140.7028
TXN,340,140.1395
TXN,341,144.1075
TXN,342,147.8096
TXN,343,146.6037
TXN,344,148.9142
TXN,345,148.4878
TXN,346,147.9822
TXN,347,151.4152
TXN,348,148.9524
TXN,349,147.6637
TXN,350,146.1573
TXN,351,146.8453
TXN,352,147.9061
TXN,353,143.7629
TXN,354,139.9775
TXN,355,139.9512
TXN,356,139.1794
TXN,357,140.0949
TXN,358,139.4011
TXN,359,140.9693
TXN,360,141.3121
TXN,361,139.1220
TXN,362,142.7596
TXN,363,139.6651
TXN,364,140.5637
TXN,365,138.4223
TXN,366,139.9988
TXN,367,137.4847
TXN,368,135.8498
TXN,369,139.0206
TXN,370,139.0841
TXN,371,137.1794
TXN,372,138.2054
TXN,373,142.3290
TXN,374,143.5071
TXN,375,143.5556
TXN,376,141.3091
TXN,377,141.4613
TXN,378,143.3328
TXN,379,144.4674
TXN,380,145.5226
TXN,381,146.2060
TXN,382,147.4333
TXN,383,151.4673
TXN,384,157.7087
TXN,385,153.7788
TXN,386,152.8835
TXN,387,149.5797
TXN,388,149.5322
TXN,389,150.0752
TXN,390,151.2582
TXN,391,152.4795
TXN,392,155.6336
TXN,393,158.1190
TXN,394,156.8287
TXN,395,154.4375
TXN,396,150.2454
TXN,397,149.6617
TXN,398,149.3087
TXN,399,145.3871
TXN,400,148.9992
TXN,401,150.6856
TXN,402,150.6192
TXN,403,148.1999
TXN,404,147.2307
TXN,405,145.7127
TXN,406,145.3180
TXN,407,144.7722
TXN,408,147.1855
TXN,409,147.6906
TXN,410,148.7770
TXN,411,150.6238
TXN,412,149.3340
TXN,413,152.3497
TXN,414,150.0795
TXN,415,151.0636
TXN,416,149.3971
TXN,417,147.5870
TXN,418,147.4767
TXN,419,141.4896
TXN,420,143.5686
TXN,421,142.7863
TXN,422,144.0635
TXN,423,145.0004
TXN,424,147.0791
TXN,425,149.5180
TXN,426,147.9141
TXN,427,149.4295
TXN,428,148.4712
TXN,429,149.2661
TXN,430,147.6032
TXN,431,145.8475
TXN,432,147.7822
TXN,433,146.4062
TXN,434,145.3286
TXN,435,143.1347
TXN,436,142.6642
TXN,437,142.5729
TXN,438,146.2068
TXN,439,144.2854
TXN,440,146.7101
TXN,441,144.8862
TXN,442,148.3029
TXN,443,151.7164
TXN,444,149.9252
TXN,445,154.8149
TXN,446,154.4321
TXN,447,152.8186
TXN,448,152.6701
TXN,449,155.1842
TXN,450,151.2910
TXN,451,153.5339
TXN,452,155.8708
TXN,453,156.8192
TXN,454,160.9007
TXN,455,164.9379
TXN,456,164.8666
TXN,457,169.7588
TXN,458,171.9311
TXN,459,168.4281
TXN,460,167.6041
TXN,461,168.6391
TXN,462,164.3936
TXN,463,170.0139
TXN,464,165.3108
TXN,465,166.5744
TXN,466,166.1828
TXN,467,171.4960
TXN,468,170.8368
TXN,469,169.0288
TXN,470,166.9002
TXN,471,166.9802
TXN,472,164.1631
TXN,473,164.2321
TXN,474,163.5001
TXN,475,169.1145
TXN,476,167.0590
TXN,477,171.3000
TXN,478,167.8583
TXN,479,167.9888
TXN,480,162.8919
TXN,481,167.8365
TXN,482,170.8988
TXN,483,174.6244
TXN,484,175.7944
TXN,485,177.0615
TXN,486,175.0092
TXN,487,174.8786
TXN,488,181.9467
TXN,489,186.8194
TXN,490,189.3213
TXN,491,193.7124
TXN,492,199.8755
TXN,493,208.7476
TXN,494,208.0656
TXN,495,211.5852
TXN,496,208.2087
TXN,497,205.5015
TXN,498,210.0161
TXN,499,210.1318
TXN,500,211.5398
TXN,501,209.8932
TXN,502,214.8099
TXN,503,210.3807
TXN,504,209.5514
IBM,0,165.0000
IBM,1,164.2991
IBM,2,163.1990
IBM,3,161.4349
IBM,4,161.7593
IBM,5,164.6182
IBM,6,163.9895
IBM,7,162.7748
IBM,8,160.5791
IBM,9,161.5661
IBM,10,161.7720
IBM,11,160.3948
IBM,12,161.0792
IBM,13,157.7434
IBM,14,158.8817
IBM,15,159.9657
IBM,16,165.2235
IBM,17,164.5618
IBM,18,161.8165
IBM,19,166.3911
IBM,20,163.0654
IBM,21,159.8551
IBM,22,160.3402
IBM,23,161.9047
IBM,24,160.9515
IBM,25,158.8091
IBM,26,162.9170
IBM,27,165.2216
IBM,28,167.2506
IBM,29,164.7426
IBM,30,163.9602
IBM,31,166.6408
IBM,32,166.3546
IBM,33,167.5424
IBM,34,170.6172
IBM,35,167.2701
IBM,36,166.1150
IBM,37,166.0638
IBM,38,169.6127
IBM,39,172.0212
IBM,40,173.7284
IBM,41,173.6043
IBM,42,174.8030
IBM,43,173.5275
IBM,44,178.5681
IBM,45,178.2452
IBM,46,174.2903
IBM,47,176.1775
IBM,48,176.2529
IBM,49,176.3465
IBM,50,175.2657
IBM,51,177.3740
IBM,52,175.9976
IBM,53,177.3330
IBM,54,175.9523
IBM,55,178.9291
IBM,56,178.6973
IBM,57,177.2948
IBM,58,175.7630
IBM,59,172.3804
IBM,60,170.0413
IBM,61,167.7715
IBM,62,165.5019
IBM,63,167.7624
IBM,64,168.0727
IBM,65,166.7701
IBM,66,168.4047
IBM,67,168.9876
IBM,68,168.0164
IBM,69,167.5787
IBM,70,167.8343
IBM,71,177.2618
IBM,72,176.7936
IBM,73,175.3277
IBM,74,172.0025
IBM,75,167.8994
IBM,76,167.6245
IBM,77,168.0956
IBM,78,169.1263
IBM,79,167.6013
IBM,80,167.7897
IBM,81,168.5560
IBM,82,167.9460
IBM,83,167.7605
IBM,84,170.4083
IBM,85,170.6488
IBM,86,171.6761
IBM,87,174.4700
IBM,88,173.6258
IBM,89,172.2955
IBM,90,172.1607
IBM,91,173.4953
IBM,92,177.0617
IBM,93,179.0310
IBM,94,176.5967
IBM,95,175.0645
IBM,96,174.8341
IBM,97,175.0027
IBM,98,177.0566
IBM,99,176.5127
IBM,100,178.9318
IBM,101,175.3589
IBM,102,171.4046
IBM,103,171.5996
IBM,104,175.7930
IBM,105,174.9791
IBM,106,176.3444
IBM,107,173.7079
IBM,108,173.9284
IBM,109,170.5926
IBM,110,167.2171
IBM,111,163.2781
IBM,112,164.7436
IBM,113,166.2569
IBM,114,163.4631
IBM,115,166.1343
IBM,116,166.7567
IBM,117,167.5610
IBM,118,168.1321
IBM,119,174.5285
IBM,120,175.1721
IBM,121,174.2576
IBM,122,176.9042
IBM,123,175.0722
IBM,124,180.4086
IBM,125,178.4854
IBM,126,180.2772
IBM,127,178.1928
IBM,128,179.0844
IBM,129,179.1963
IBM,130,178.5270
IBM,131,175.2058
IBM,132,171.2286
IBM,133,171.7199
IBM,134,172.5212
IBM,135,172.1673
IBM,136,171.5763
IBM,137,168.9549
IBM,138,166.9270
IBM,139,167.8576
IBM,140,164.9941
IBM,141,162.6428
IBM,142,155.3826
IBM,143,156.5887
IBM,144,156.3148
IBM,145,155.8122
IBM,146,155.8601
IBM,147,155.5606
IBM,148,151.7128
IBM,149,148.5501
IBM,150,147.8036
IBM,151,145.2822
IBM,152,148.2801
IBM,153,149.0849
IBM,154,149.0546
IBM,155,149.7399
IBM,156,153.3984
IBM,157,150.7100
IBM,158,143.8199
IBM,159,141.4591
IBM,160,139.0676
IBM,161,136.6869
IBM,162,134.0728
IBM,163,131.2937
IBM,164,130.9565
IBM,165,130.7857
IBM,166,128.1131
IBM,167,130.0101
IBM,168,129.1197
IBM,169,129.9590
IBM,170,130.4660
IBM,171,131.7164
IBM,172,133.6319
IBM,173,131.8515
IBM,174,130.1751
IBM,175,131.2707
IBM,176,128.8067
IBM,177,130.1643
IBM,178,131.5666
IBM,179,132.1290
IBM,180,131.2318
IBM,181,130.4735
IBM,182,127.4056
IBM,183,125.0827
IBM,184,125.3926
IBM,185,124.7036
IBM,186,125.4237
IBM,187,124.5612
IBM,188,123.4201
IBM,189,124.2222
IBM,190,122.6173
IBM,191,128.0751
IBM,192,128.3092
IBM,193,131.2700
IBM,194,131.7256
IBM,195,135.3297
IBM,196,135.5269
IBM,197,135.7675
IBM,198,139.3335
IBM,199,138.8862
IBM,200,137.1002
IBM,201,135.3456
IBM,202,133.2883
IBM,203,133.5506
IBM,204,132.2899
IBM,205,132.3943
IBM,206,130.6873
IBM,207,132.1379
IBM,208,134.5867
IBM,209,134.3331
IBM,210,134.6812
IBM,211,133.8846
IBM,212,134.4137
IBM,213,133.4833
IBM,214,134.8396
IBM,215,136.2164
IBM,216,138.1640
IBM,217,139.9006
IBM,218,137.6435
IBM,219,138.1551
IBM,220,137.0647
IBM,221,135.6331
IBM,222,137.0153
IBM,223,139.0321
IBM,224,137.5769
IBM,225,137.6589
IBM,226,139.2046
IBM,227,137.8428
IBM,228,135.9375
IBM,229,138.0677
IBM,230,138.1432
IBM,231,136.5359
IBM,232,139.2576
IBM,233,142.4139
IBM,234,145.0888
IBM,235,144.8317
IBM,236,145.3848
IBM,237,150.3140
IBM,238,152.9088
IBM,239,154.7068
IBM,240,151.6230
IBM,241,153.3201
IBM,242,151.3342
IBM,243,149.9652
IBM,244,150.1653
IBM,245,149.5004
IBM,246,151.8661
IBM,247,151.1205
IBM,248,153.9236
IBM,249,154.5934
IBM,250,155.9043
IBM,251,157.5231
IBM,252,156.5112
IBM,253,155.9561
IBM,254,157.1782
IBM,255,158.5934
IBM,256,162.2366
IBM,257,163.1708
IBM,258,160.5012
IBM,259,165.6489
IBM,260,161.6262
IBM,261,160.1212
IBM,262,158.7688
IBM,263,160.7142
IBM,264,162.2982
IBM,265,161.0921
IBM,266,157.5280
IBM,267,158.9651
IBM,268,163.6439
IBM,269,164.8275
IBM,270,164.6722
IBM,271,167.0306
IBM,272,168.9969
IBM,273,168.0237
IBM,274,168.9264
IBM,275,168.1224
IBM,276,168.2891
IBM,277,171.4030
IBM,278,173.3248
IBM,279,173.6590
IBM,280,172.7785
IBM,281,169.3788
IBM,282,167.3767
IBM,283,164.5628
IBM,284,162.6670
IBM,285,161.7612
IBM,286,164.2292
IBM,287,162.8072
IBM,288,164.3228
IBM,289,163.0236
IBM,290,164.8942
IBM,291,166.6156
IBM,292,166.9720
IBM,293,168.0884
IBM,294,168.2511
IBM,295,170.8846
IBM,296,169.3853
IBM,297,167.9322
IBM,298,170.6409
IBM,299,172.1445
IBM,300,172.5529
IBM,301,170.4574
IBM,302,168.5767
IBM,303,169.4716
IBM,304,166.4328
IBM,305,171.4836
IBM,306,170.8524
IBM,307,167.9728
IBM,308,167.4207
IBM,309,166.4676
IBM,310,166.6084
IBM,311,170.2506
IBM,312,173.7431
IBM,313,174.5889
IBM,314,174.7489
IBM,315,175.5142
IBM,316,175.3610
IBM,317,177.4302
IBM,318,176.2614
IBM,319,181.0768
IBM,320,182.5813
IBM,321,181.2601
IBM,322,177.8484
IBM,323,174.5710
IBM,324,167.8340
IBM,325,165.1256
IBM,326,167.9894
IBM,327,166.4001
IBM,328,169.0652
IBM,329,170.9767
IBM,330,170.2341
IBM,331,173.0800
IBM,332,171.3125
IBM,333,168.9502
IBM,334,169.3523
IBM,335,172.0454
IBM,336,167.0686
IBM,337,168.5229
IBM,338,166.9116
IBM,339,166.6108
IBM,340,161.4438
IBM,341,162.1814
IBM,342,164.6203
IBM,343,161.5092
IBM,344,162.9791
IBM,345,163.2068
IBM,346,167.2857
IBM,347,167.7271
IBM,348,165.6526
IBM,349,164.1671
IBM,350,163.7877
IBM,351,162.9539
IBM,352,166.4860
IBM,353,169.7354
IBM,354,170.5275
IBM,355,170.2950
IBM,356,168.0951
IBM,357,171.8395
IBM,358,172.6571
IBM,359,177.8038
IBM,360,181.3361
IBM,361,177.2478
IBM,362,177.9030
IBM,363,178.9746
IBM,364,178.1286
IBM,365,174.4492
IBM,366,178.2535
IBM,367,175.4864
IBM,368,173.7825
IBM,369,176.4850
IBM,370,175.8952
IBM,371,174.9904
IBM,372,174.1940
IBM,373,178.7899
IBM,374,179.6315
IBM,375,181.9010
IBM,376,180.4365
IBM,377,185.9635
IBM,378,187.1915
IBM,379,185.5040
IBM,380,185.6886
IBM,381,183.5171
IBM,382,188.0897
IBM,383,193.5983
IBM,384,197.7522
IBM,385,196.3608
IBM,386,193.2007
IBM,387,189.6610
IBM,388,190.1376
IBM,389,192.4069
IBM,390,190.3707
IBM,391,191.8119
IBM,392,196.7320
IBM,393,197.7798
IBM,394,199.2389
IBM,395,200.0031
IBM,396,197.3546
IBM,397,197.1909
IBM,398,197.2156
IBM,399,190.9189
IBM,400,193.1567
IBM,401,193.8768
IBM,402,192.4500
IBM,403,188.9002
IBM,404,186.9661
IBM,405,186.9077
IBM,406,185.7654
IBM,407,183.0214
IBM,408,185.2886
IBM,409,191.4076
IBM,410,192.4638
IBM,411,189.5636
IBM,412,191.1701
IBM,413,193.7203
IBM,414,191.2615
IBM,415,190.4641
IBM,416,190.4645
IBM,417,190.3627
IBM,418,192.1305
IBM,419,189.5015
IBM,420,189.7256
IBM,421,186.2660
IBM,422,189.1650
IBM,423,186.8243
IBM,424,187.4866
IBM,425,190.0166
IBM,426,188.8799
IBM,427,187.7456
IBM,428,190.2023
IBM,429,188.5438
IBM,430,191.5717
IBM,431,192.9378
IBM,432,196.5172
IBM,433,198.2587
IBM,434,195.0057
IBM,435,196.8259
IBM,436,199.0808
IBM,437,197.0897
IBM,438,203.9204
IBM,439,197.6873
IBM,440,197.9300
IBM,441,196.1934
IBM,442,197.3966
IBM,443,201.6324
IBM,444,202.6900
IBM,445,207.6369
IBM,446,205.8359
IBM,447,202.4270
IBM,448,204.9255
IBM,449,207.6704
IBM,450,207.5053
IBM,451,206.0262
IBM,452,207.9978
IBM,453,209.4821
IBM,454,210.2178
IBM,455,217.1251
IBM,456,215.0164
IBM,457,217.1626
IBM,458,218.0840
IBM,459,217.0397
IBM,460,217.4751
IBM,461,217.4084
IBM,462,217.6024
IBM,463,221.5110
IBM,464,220.1527
IBM,465,220.5477
IBM,466,222.5290
IBM,467,226.3480
IBM,468,227.7203
IBM,469,227.0040
IBM,470,223.1951
IBM,471,221.4814
IBM,472,224.4622
IBM,473,224.9212
IBM,474,221.1347
IBM,475,224.5888
IBM,476,228.2723
IBM,477,229.1556
IBM,478,220.2402
IBM,479,218.8900
IBM,480,217.7169
IBM,481,226.5030
IBM,482,226.7935
IBM,483,224.1019
IBM,484,226.1240
IBM,485,227.4743
IBM,486,223.3081
IBM,487,220.8120
IBM,488,228.1884
IBM,489,231.4466
IBM,490,231.9681
IBM,491,233.7647
IBM,492,240.0360
IBM,493,241.4606
IBM,494,241.2537
IBM,495,244.1673
IBM,496,243.1677
IBM,497,236.6510
IBM,498,241.9024
IBM,499,241.3432
IBM,500,239.4890
IBM,501,237.1015
IBM,502,235.6965
IBM,503,234.1301
IBM,504,234.6965
NOW,0,700.0000
NOW,1,715.2000
NOW,2,727.9307
NOW,3,731.9817
NOW,4,728.4893
NOW,5,744.1676
NOW,6,722.5145
NOW,7,716.8784
NOW,8,681.8309
NOW,9,673.3794
NOW,10,681.0323
NOW,11,669.6853
NOW,12,695.5500
NOW,13,704.0838
NOW,14,691.6533
NOW,15,682.7935
NOW,16,692.0924
NOW,17,689.9872
NOW,18,658.7944
NOW,19,684.6042
NOW,20,661.2193
NOW,21,637.5242
NOW,22,635.8245
NOW,23,652.4900
NOW,24,654.8789
NOW,25,642.9780
NOW,26,651.4807
NOW,27,672.9048
NOW,28,670.8595
NOW,29,672.6968
NOW,30,672.6666
NOW,31,678.2688
NOW,32,686.3905
NOW,33,681.7197
NOW,34,698.4185
NOW,35,667.5842
NOW,36,659.3624
NOW,37,664.7085
NOW,38,674.9548
NOW,39,673.9816
NOW,40,677.0252
NOW,41,705.9605
NOW,42,702.9196
NOW,43,683.2368
NOW,44,705.9941
NOW,45,695.0539
NOW,46,679.1580
NOW,47,683.5558
NOW,48,682.8346
NOW,49,688.4581
NOW,50,676.7652
NOW,51,687.8331
NOW,52,672.9345
NOW,53,689.1769
NOW,54,664.4563
NOW,55,675.2243
NOW,56,659.9657
NOW,57,685.6526
NOW,58,666.3731
NOW,59,648.1428
NOW,60,632.4503
NOW,61,610.5066
NOW,62,614.5807
NOW,63,647.0504
NOW,64,636.9899
NOW,65,640.5071
NOW,66,671.7580
NOW,67,656.6447
NOW,68,652.0651
NOW,69,641.9996
NOW,70,661.4039
NOW,71,703.3132
NOW,72,700.7579
NOW,73,691.5222
NOW,74,689.1827
NOW,75,661.8339
NOW,76,676.5794
NOW,77,691.2799
NOW,78,703.8871
NOW,79,697.7193
NOW,80,685.8191
NOW,81,703.8419
NOW,82,686.7321
NOW,83,682.9364
NOW,84,675.8995
NOW,85,676.6251
NOW,86,691.0166
NOW,87,706.9865
NOW,88,699.8938
NOW,89,716.1183
NOW,90,718.6191
NOW,91,711.7483
NOW,92,733.5925
NOW,93,733.5939
NOW,94,730.6534
NOW,95,743.8661
NOW,96,766.3293
NOW,97,778.6932
NOW,98,761.3536
NOW,99,762.8792
NOW,100,812.6680
NOW,101,768.1398
NOW,102,738.2518
NOW,103,731.6620
NOW,104,748.7512
NOW,105,737.5050
NOW,106,757.7424
NOW,107,760.2886
NOW,108,745.8190
NOW,109,726.8998
NOW,110,699.7665
NOW,111,697.3705
NOW,112,725.9093
NOW,113,738.5107
NOW,114,742.8358
NOW,115,772.4332
NOW,116,775.5756
NOW,117,778.0118
NOW,118,781.3704
NOW,119,817.4807
NOW,120,814.5258
NOW,121,818.0499
NOW,122,834.2186
NOW,123,824.1478
NOW,124,829.1036
NOW,125,826.1661
NOW,126,821.3163
NOW,127,805.2092
NOW,128,820.1269
NOW,129,809.5169
NOW,130,790.7709
NOW,131,780.4416
NOW,132,748.9086
NOW,133,724.9337
NOW,134,729.8673
NOW,135,741.3624
NOW,136,761.5418
NOW,137,758.9098
NOW,138,749.6197
NOW,139,752.9369
NOW,140,744.0581
NOW,141,707.9298
NOW,142,682.7668
NOW,143,680.3034
NOW,144,681.1945
NOW,145,682.7207
NOW,146,689.2971
NOW,147,694.3938
NOW,148,687.8064
NOW,149,684.8434
NOW,150,676.0852
NOW,151,640.7579
NOW,152,643.8793
NOW,153,641.8507
NOW,154,632.5342
NOW,155,628.5927
NOW,156,665.3957
NOW,157,662.6606
NOW,158,645.5787
NOW,159,633.2382
NOW,160,620.1373
NOW,161,601.7733
NOW,162,574.1449
NOW,163,546.3351
NOW,164,555.3517
NOW,165,555.4515
NOW,166,549.5063
NOW,167,566.9589
NOW,168,562.2135
NOW,169,563.7987
NOW,170,572.7453
NOW,171,573.0416
NOW,172,589.8687
NOW,173,566.3048
NOW,174,536.7857
NOW,175,534.0755
NOW,176,518.8338
NOW,177,519.0193
NOW,178,527.2848
NOW,179,536.6939
NOW,180,533.6734
NOW,181,518.8856
NOW,182,508.4180
NOW,183,496.7503
NOW,184,500.1206
NOW,185,499.4949
NOW,186,475.1578
NOW,187,478.7255
NOW,188,468.3679
NOW,189,465.7921
NOW,190,439.4322
NOW,191,454.1657
NOW,192,461.3416
NOW,193,473.8538
NOW,194,486.6287
NOW,195,486.5419
NOW,196,484.4444
NOW,197,477.7960
NOW,198,490.3617
NOW,199,477.8928
NOW,200,468.7576
NOW,201,467.5886
NOW,202,448.4652
NOW,203,455.6577
NOW,204,450.8060
NOW,205,452.7886
NOW,206,447.2297
NOW,207,441.0620
NOW,208,455.1615
NOW,209,447.6898
NOW,210,445.8879
NOW,211,462.4974
NOW,212,464.8084
NOW,213,455.6700
NOW,214,455.5686
NOW,215,457.1788
NOW,216,461.6108
NOW,217,468.0696
NOW,218,462.5334
NOW,219,477.4971
NOW,220,466.3624
NOW,221,469.2280
NOW,222,483.4248
NOW,223,472.7825
NOW,224,474.5598
NOW,225,479.9577
NOW,226,487.6543
NOW,227,491.4567
NOW,228,480.7784
NOW,229,484.1506
NOW,230,489.5785
NOW,231,496.1713
NOW,232,520.5193
NOW,233,538.4100
NOW,234,544.4008
NOW,235,541.1112
NOW,236,540.9615
NOW,237,571.7961
NOW,238,582.7310
NOW,239,608.0726
NOW,240,586.7527
NOW,241,594.4430
NOW,242,578.3620
NOW,243,579.1656
NOW,244,587.1682
NOW,245,573.4837
NOW,246,604.3382
NOW,247,581.2411
NOW,248,586.0925
NOW,249,596.0356
NOW,250,605.7516
NOW,251,619.9454
NOW,252,606.7543
NOW,253,603.5080
NOW,254,601.7820
NOW,255,589.1756
NOW,256,615.1103
NOW,257,610.5412
NOW,258,607.7406
NOW,259,621.7573
NOW,260,607.2744
NOW,261,629.3474
NOW,262,636.1978
NOW,263,639.7442
NOW,264,656.2016
NOW,265,650.3784
NOW,266,623.8737
NOW,267,634.0891
NOW,268,644.9911
NOW,269,640.3254
NOW,270,657.5660
NOW,271,665.9108
NOW,272,656.7443
NOW,273,635.3230
NOW,274,650.6571
NOW,275,656.5150
NOW,276,661.2940
NOW,277,670.0677
NOW,278,686.4133
NOW,279,684.8088
NOW,280,664.1651
NOW,281,661.1555
NOW,282,646.7429
NOW,283,640.4387
NOW,284,621.3902
NOW,285,625.2856
NOW,286,638.1614
NOW,287,635.8628
NOW,288,667.2600
NOW,289,652.4683
NOW,290,641.6025
NOW,291,639.1505
NOW,292,648.1031
NOW,293,644.6246
NOW,294,624.3201
NOW,295,630.3120
NOW,296,619.6251
NOW,297,627.9618
NOW,298,635.4084
NOW,299,626.3730
NOW,300,628.5149
NOW,301,627.3460
NOW,302,616.4543
NOW,303,632.6990
NOW,304,638.3807
NOW,305,649.5782
NOW,306,661.4978
NOW,307,670.2898
NOW,308,675.7902
NOW,309,658.7212
NOW,310,652.3511
NOW,311,676.2658
NOW,312,712.2622
NOW,313,723.1528
NOW,314,720.2507
NOW,315,722.6400
NOW,316,715.9837
NOW,317,720.5572
NOW,318,729.4799
NOW,319,742.9727
NOW,320,760.7143
NOW,321,750.5581
NOW,322,730.7600
NOW,323,718.2774
NOW,324,706.1035
NOW,325,680.0552
NOW,326,670.4101
NOW,327,661.3523
NOW,328,672.1641
NOW,329,695.5817
NOW,330,693.0592
NOW,331,691.8740
NOW,332,688.1819
NOW,333,670.1198
NOW,334,670.4841
NOW,335,655.4112
NOW,336,642.7564
NOW,337,637.0436
NOW,338,633.0822
NOW,339,644.5507
NOW,340,656.3644
NOW,341,676.2035
NOW,342,698.4495
NOW,343,677.8530
NOW,344,683.4369
NOW,345,676.0170
NOW,346,671.4533
NOW,347,670.3679
NOW,348,672.3959
NOW,349,647.9195
NOW,350,648.8637
NOW,351,660.5871
NOW,352,677.9815
NOW,353,652.5992
NOW,354,670.3457
NOW,355,656.0975
NOW,356,655.5738
NOW,357,672.6421
NOW,358,666.7457
NOW,359,669.6617
NOW,360,688.6926
NOW,361,687.5319
NOW,362,709.0937
NOW,363,689.7016
NOW,364,674.0229
NOW,365,651.7271
NOW,366,661.0931
NOW,367,648.3511
NOW,368,644.9136
NOW,369,655.3011
NOW,370,646.6005
NOW,371,625.7919
NOW,372,621.9653
NOW,373,656.1395
NOW,374,656.2039
NOW,375,636.0201
NOW,376,617.8954
NOW,377,635.0498
NOW,378,646.9316
NOW,379,644.1732
NOW,380,656.0121
NOW,381,670.7986
NOW,382,677.8424
NOW,383,685.5868
NOW,384,707.5411
NOW,385,700.7672
NOW,386,669.8562
NOW,387,648.0460
NOW,388,644.5219
NOW,389,650.5322
NOW,390,653.8843
NOW,391,650.9808
NOW,392,683.6487
NOW,393,693.4359
NOW,394,688.3222
NOW,395,681.6570
NOW,396,677.4481
NOW,397,675.2247
NOW,398,674.5111
NOW,399,634.6380
NOW,400,646.5742
NOW,401,652.9866
NOW,402,670.3045
NOW,403,654.1676
NOW,404,642.4493
NOW,405,640.5950
NOW,406,621.4500
NOW,407,618.9269
NOW,408,616.8883
NOW,409,620.9245
NOW,410,617.0756
NOW,411,617.2064
NOW,412,617.5059
NOW,413,628.3892
NOW,414,630.2952
NOW,415,627.7966
NOW,416,629.5831
NOW,417,625.7518
NOW,418,626.7303
NOW,419,610.0928
NOW,420,639.3532
NOW,421,635.1603
NOW,422,633.2312
NOW,423,629.1574
NOW,424,635.1696
NOW,425,634.6297
NOW,426,634.7288
NOW,427,660.1499
NOW,428,658.0038
NOW,429,662.1485
NOW,430,654.5207
NOW,431,658.8517
NOW,432,661.2941
NOW,433,661.1643
NOW,434,655.8170
NOW,435,653.1895
NOW,436,660.5129
NOW,437,665.1356
NOW,438,701.0584
NOW,439,688.1092
NOW,440,690.5254
NOW,441,680.1456
NOW,442,699.0611
NOW,443,718.9422
NOW,444,716.7848
NOW,445,721.9986
NOW,446,736.6375
NOW,447,732.5133
NOW,448,750.1480
NOW,449,732.4959
NOW,450,727.6316
NOW,451,731.8373
NOW,452,720.7674
NOW,453,731.6308
NOW,454,741.4424
NOW,455,750.1719
NOW,456,730.6566
NOW,457,736.2052
NOW,458,715.5545
NOW,459,695.0321
NOW,460,688.9434
NOW,461,686.4043
NOW,462,679.8919
NOW,463,722.8911
NOW,464,742.3663
NOW,465,759.5701
NOW,466,762.1683
NOW,467,777.4223
NOW,468,791.8495
NOW,469,790.9069
NOW,470,773.1202
NOW,471,759.1510
NOW,472,750.2463
NOW,473,748.8709
NOW,474,746.6783
NOW,475,767.6282
NOW,476,758.1074
NOW,477,765.5192
NOW,478,737.0320
NOW,479,757.1195
NOW,480,725.7892
NOW,481,754.8070
NOW,482,773.6402
NOW,483,779.9073
NOW,484,804.6565
NOW,485,792.1044
NOW,486,787.6302
NOW,487,787.7159
NOW,488,820.2394
NOW,489,856.9445
NOW,490,858.8965
NOW,491,870.7910
NOW,492,922.3624
NOW,493,954.9971
NOW,494,980.5314
NOW,495,984.4826
NOW,496,939.8179
NOW,497,912.2784
NOW,498,951.8739
NOW,499,949.0309
NOW,500,940.3313
NOW,501,937.9439
NOW,502,940.9868
NOW,503,930.1934
NOW,504,919.5379
AMAT,0,190.0000
AMAT,1,193.7514
AMAT,2,192.2010
AMAT,3,196.3194
AMAT,4,200.0299
AMAT,5,201.5516
AMAT,6,197.2034
AMAT,7,196.8923
AMAT,8,192.9639
AMAT,9,193.5010
AMAT,10,192.3670
AMAT,11,187.8354
AMAT,12,188.2777
AMAT,13,190.3305
AMAT,14,190.2001
AMAT,15,187.6120
AMAT,16,191.6926
AMAT,17,187.5412
AMAT,18,177.9331
AMAT,19,185.7351
AMAT,20,179.3655
AMAT,21,175.4531
AMAT,22,174.8602
AMAT,23,178.2290
AMAT,24,171.9818
AMAT,25,168.5746
AMAT,26,169.3973
AMAT,27,172.1530
AMAT,28,170.4481
AMAT,29,171.2005
AMAT,30,169.0080
AMAT,31,168.5879
AMAT,32,174.8883
AMAT,33,175.1401
AMAT,34,184.4735
AMAT,35,179.1352
AMAT,36,182.2989
AMAT,37,182.8463
AMAT,38,182.7103
AMAT,39,190.6289
AMAT,40,191.1003
AMAT,41,197.1922
AMAT,42,193.9264
AMAT,43,197.1920
AMAT,44,195.9349
AMAT,45,197.1289
AMAT,46,189.5000
AMAT,47,190.1612
AMAT,48,188.5818
AMAT,49,188.4723
AMAT,50,182.4290
AMAT,51,187.2339
AMAT,52,181.7330
AMAT,53,184.7977
AMAT,54,185.2806
AMAT,55,190.2881
AMAT,56,185.2770
AMAT,57,180.8100
AMAT,58,181.4285
AMAT,59,173.4643
AMAT,60,163.2362
AMAT,61,163.5885
AMAT,62,160.9705
AMAT,63,173.2088
AMAT,64,170.5245
AMAT,65,173.1448
AMAT,66,175.5427
AMAT,67,176.0534
AMAT,68,180.0930
AMAT,69,176.6500
AMAT,70,179.7366
AMAT,71,191.7373
AMAT,72,190.0905
AMAT,73,189.9028
AMAT,74,189.7999
AMAT,75,184.8974
AMAT,76,185.4524
AMAT,77,190.8670
AMAT,78,190.0666
AMAT,79,185.8263
AMAT,80,187.3885
AMAT,81,188.5815
AMAT,82,188.0139
AMAT,83,180.9479
AMAT,84,186.7816
AMAT,85,185.6738
AMAT,86,185.2775
AMAT,87,186.9249
AMAT,88,182.6890
AMAT,89,186.2643
AMAT,90,195.7392
AMAT,91,193.3100
AMAT,92,191.0340
AMAT,93,188.1663
AMAT,94,191.4205
AMAT,95,189.1930
AMAT,96,186.5845
AMAT,97,181.8449
AMAT,98,184.5099
AMAT,99,182.7876
AMAT,100,186.8024
AMAT,101,182.2480
AMAT,102,173.8777
AMAT,103,174.7135
AMAT,104,178.3332
AMAT,105,176.9402
AMAT,106,181.9333
AMAT,107,178.9261
AMAT,108,179.0255
AMAT,109,175.0667
AMAT,110,168.3338
AMAT,111,168.6952
AMAT,112,173.8937
AMAT,113,178.9662
AMAT,114,177.9459
AMAT,115,186.4141
AMAT,116,190.1327
AMAT,117,192.0126
AMAT,118,189.8748
AMAT,119,199.3924
AMAT,120,197.1799
AMAT,121,194.5563
AMAT,122,196.8121
AMAT,123,200.4062
AMAT,124,207.8734
AMAT,125,212.6118
AMAT,126,210.5653
AMAT,127,206.3310
AMAT,128,206.4276
AMAT,129,209.8461
AMAT,130,210.1360
AMAT,131,201.8106
AMAT,132,191.7945
AMAT,133,187.4499
AMAT,134,189.9654
AMAT,135,192.6434
AMAT,136,189.5001
AMAT,137,182.0931
AMAT,138,179.8933
AMAT,139,182.2612
AMAT,140,180.4523
AMAT,141,171.8492
AMAT,142,167.8742
AMAT,143,166.4498
AMAT,144,164.7764
AMAT,145,169.6459
AMAT,146,169.7621
AMAT,147,162.8116
AMAT,148,162.2783
AMAT,149,158.5141
AMAT,150,156.4839
AMAT,151,153.8352
AMAT,152,156.2307
AMAT,153,151.8539
AMAT,154,160.1337
AMAT,155,159.2226
AMAT,156,169.1912
AMAT,157,167.2757
AMAT,158,161.6323
AMAT,159,156.5527
AMAT,160,151.0417
AMAT,161,147.9646
AMAT,162,139.3459
AMAT,163,136.8054
AMAT,164,138.4846
AMAT,165,136.7792
AMAT,166,136.8670
AMAT,167,142.3076
AMAT,168,144.3935
AMAT,169,142.4960
AMAT,170,146.4594
AMAT,171,146.4354
AMAT,172,144.7592
AMAT,173,145.5578
AMAT,174,140.7837
AMAT,175,142.9679
AMAT,176,142.2257
AMAT,177,146.1415
AMAT,178,149.6587
AMAT,179,153.4060
AMAT,180,152.5936
AMAT,181,148.3418
AMAT,182,143.8495
AMAT,183,139.3671
AMAT,184,138.7307
AMAT,185,133.9049
AMAT,186,132.4320
AMAT,187,134.8891
AMAT,188,129.5458
AMAT,189,131.6687
AMAT,190,123.5206
AMAT,191,128.6672
AMAT,192,131.2912
AMAT,193,133.7408
AMAT,194,140.9660
AMAT,195,144.8484
AMAT,196,142.1856
AMAT,197,142.4339
AMAT,198,150.4696
AMAT,199,148.0549
AMAT,200,144.4952
AMAT,201,141.0513
AMAT,202,133.7292
AMAT,203,136.7752
AMAT,204,137.1862
AMAT,205,134.4054
AMAT,206,132.1905
AMAT,207,129.9754
AMAT,208,130.9867
AMAT,209,131.4868
AMAT,210,135.2534
AMAT,211,135.1416
AMAT,212,140.3041
AMAT,213,143.6923
AMAT,214,143.3656
AMAT,215,143.1753
AMAT,216,146.4137
AMAT,217,146.5526
AMAT,218,148.6100
AMAT,219,152.3670
AMAT,220,146.0983
AMAT,221,149.7077
AMAT,222,148.7201
AMAT,223,144.3657
AMAT,224,145.8385
AMAT,225,143.2888
AMAT,226,147.9834
AMAT,227,152.7527
AMAT,228,146.3922
AMAT,229,145.2785
AMAT,230,146.6315
AMAT,231,142.2629
AMAT,232,143.8699
AMAT,233,148.4579
AMAT,234,149.9453
AMAT,235,149.1408
AMAT,236,148.4538
AMAT,237,152.7998
AMAT,238,155.1651
AMAT,239,158.8132
AMAT,240,157.1026
AMAT,241,161.2395
AMAT,242,162.1109
AMAT,243,165.4426
AMAT,244,171.2090
AMAT,245,168.6259
AMAT,246,179.1248
AMAT,247,175.4048
AMAT,248,179.7614
AMAT,249,184.3489
AMAT,250,184.4293
AMAT,251,192.3017
AMAT,252,188.4778
AMAT,253,187.4008
AMAT,254,187.9019
AMAT,255,182.3122
AMAT,256,189.3391
AMAT,257,190.2679
AMAT,258,191.7563
AMAT,259,198.2780
AMAT,260,191.3672
AMAT,261,189.7289
AMAT,262,188.1768
AMAT,263,188.3721
AMAT,264,187.3264
AMAT,265,186.3229
AMAT,266,185.1528
AMAT,267,188.4499
AMAT,268,191.4203
AMAT,269,189.9645
AMAT,270,194.1372
AMAT,271,195.1881
AMAT,272,191.5586
AMAT,273,195.4986
AMAT,274,194.8736
AMAT,275,191.4416
AMAT,276,195.0389
AMAT,277,193.0387
AMAT,278,196.1709
AMAT,279,196.7301
AMAT,280,194.8402
AMAT,281,194.6128
AMAT,282,194.3647
AMAT,283,193.8293
AMAT,284,196.3128
AMAT,285,194.8957
AMAT,286,202.1093
AMAT,287,196.7407
AMAT,288,207.1778
AMAT,289,204.4113
AMAT,290,204.4808
AMAT,291,207.6696
AMAT,292,215.8519
AMAT,293,215.1143
AMAT,294,216.2180
AMAT,295,221.5047
AMAT,296,216.4930
AMAT,297,220.9749
AMAT,298,226.3814
AMAT,299,225.1361
AMAT,300,222.8031
AMAT,301,227.0373
AMAT,302,224.7313
AMAT,303,228.7789
AMAT,304,226.9667
AMAT,305,233.2079
AMAT,306,235.9516
AMAT,307,235.7811
AMAT,308,228.0298
AMAT,309,220.4235
AMAT,310,225.5967
AMAT,311,224.7336
AMAT,312,231.9790
AMAT,313,224.8262
AMAT,314,219.9827
AMAT,315,222.6061
AMAT,316,225.9927
AMAT,317,219.8649
AMAT,318,219.8751
AMAT,319,223.3694
AMAT,320,226.8200
AMAT,321,222.6700
AMAT,322,221.9037
AMAT,323,214.7443
AMAT,324,202.9881
AMAT,325,197.8166
AMAT,326,200.3219
AMAT,327,198.4010
AMAT,328,197.0936
AMAT,329,204.4678
AMAT,330,201.2839
AMAT,331,200.1849
AMAT,332,191.3876
AMAT,333,184.6568
AMAT,334,182.6314
AMAT,335,185.3513
AMAT,336,188.0944
AMAT,337,189.6341
AMAT,338,186.1499
AMAT,339,189.4507
AMAT,340,180.9626
AMAT,341,188.9646
AMAT,342,191.8312
AMAT,343,187.0586
AMAT,344,183.6949
AMAT,345,182.2745
AMAT,346,185.6942
AMAT,347,183.0726
AMAT,348,187.5414
AMAT,349,189.6922
AMAT,350,188.0078
AMAT,351,190.1000
AMAT,352,192.4889
AMAT,353,192.6333
AMAT,354,192.0944
AMAT,355,189.3938
AMAT,356,187.2974
AMAT,357,190.7202
AMAT,358,188.8477
AMAT,359,193.4377
AMAT,360,196.1882
AMAT,361,189.7671
AMAT,362,196.8247
AMAT,363,189.8072
AMAT,364,185.9459
AMAT,365,185.4358
AMAT,366,199.8817
AMAT,367,195.1912
AMAT,368,192.1489
AMAT,369,196.6843
AMAT,370,192.6222
AMAT,371,189.3093
AMAT,372,183.5375
AMAT,373,188.0006
AMAT,374,186.3021
AMAT,375,183.6609
AMAT,376,178.4669
AMAT,377,179.3156
AMAT,378,182.7714
AMAT,379,180.3091
AMAT,380,184.2398
AMAT,381,184.3267
AMAT,382,184.3968
AMAT,383,186.1412
AMAT,384,193.6412
AMAT,385,191.2431
AMAT,386,185.1073
AMAT,387,179.5541
AMAT,388,180.7821
AMAT,389,179.4287
AMAT,390,178.8266
AMAT,391,178.0716
AMAT,392,179.6244
AMAT,393,182.2773
AMAT,394,182.7546
AMAT,395,185.4455
AMAT,396,179.3171
AMAT,397,183.2809
AMAT,398,185.2478
AMAT,399,179.8945
AMAT,400,182.6868
AMAT,401,186.0458
AMAT,402,186.2864
AMAT,403,184.0756
AMAT,404,179.3878
AMAT,405,176.2242
AMAT,406,174.4790
AMAT,407,169.5997
AMAT,408,167.6936
AMAT,409,172.9380
AMAT,410,172.6812
AMAT,411,178.1814
AMAT,412,179.4423
AMAT,413,179.9627
AMAT,414,177.8606
AMAT,415,175.1947
AMAT,416,175.6968
AMAT,417,174.0007
AMAT,418,172.0316
AMAT,419,167.2005
AMAT,420,172.1973
AMAT,421,170.2663
AMAT,422,174.7494
AMAT,423,168.4740
AMAT,424,170.2856
AMAT,425,172.2634
AMAT,426,165.7910
AMAT,427,171.4962
AMAT,428,168.8787
AMAT,429,164.3454
AMAT,430,165.4775
AMAT,431,162.7737
AMAT,432,162.7904
AMAT,433,160.5170
AMAT,434,156.3779
AMAT,435,154.9065
AMAT,436,158.0078
AMAT,437,157.7870
AMAT,438,163.0163
AMAT,439,161.1533
AMAT,440,163.8567
AMAT,441,163.9772
AMAT,442,167.0861
AMAT,443,172.5502
AMAT,444,170.3657
AMAT,445,175.7251
AMAT,446,176.3933
AMAT,447,175.7915
AMAT,448,175.8677
AMAT,449,178.4099
AMAT,450,180.1661
AMAT,451,178.7437
AMAT,452,179.8301
AMAT,453,181.6913
AMAT,454,177.0622
AMAT,455,179.3059
AMAT,456,178.1757
AMAT,457,182.2499
AMAT,458,181.8002
AMAT,459,178.3970
AMAT,460,178.8715
AMAT,461,176.1375
AMAT,462,179.1303
AMAT,463,189.6093
AMAT,464,190.8724
AMAT,465,194.0462
AMAT,466,195.1270
AMAT,467,199.0946
AMAT,468,200.2265
AMAT,469,197.4779
AMAT,470,193.3013
AMAT,471,195.2521
AMAT,472,197.0934
AMAT,473,197.1963
AMAT,474,195.6123
AMAT,475,199.0818
AMAT,476,202.8029
AMAT,477,212.3284
AMAT,478,200.1916
AMAT,479,197.3214
AMAT,480,189.9124
AMAT,481,206.4602
AMAT,482,207.5172
AMAT,483,207.0506
AMAT,484,207.4333
AMAT,485,210.6871
AMAT,486,203.0036
AMAT,487,200.9161
AMAT,488,207.4022
AMAT,489,210.0866
AMAT,490,217.3426
AMAT,491,223.8505
AMAT,492,236.3050
AMAT,493,249.8826
AMAT,494,255.9878
AMAT,495,251.5416
AMAT,496,249.3910
AMAT,497,237.6539
AMAT,498,247.1159
AMAT,499,248.4277
AMAT,500,238.8009
AMAT,501,237.9658
AMAT,502,244.2404
AMAT,503,236.6971
AMAT,504,241.2588
MU,0,90.0000
MU,1,90.4264
MU,2,90.1230
MU,3,92.3908
MU,4,90.8163
MU,5,91.7245
MU,6,89.0683
MU,7,91.2995
MU,8,89.5247
MU,9,86.1834
MU,10,87.6839
MU,11,88.9205
MU,12,91.0275
MU,13,88.7562
MU,14,87.8674
MU,15,85.4427
MU,16,88.2693
MU,17,87.3693
MU,18,82.4115
MU,19,84.8455
MU,20,81.3312
MU,21,78.8998
MU,22,77.3957
MU,23,80.8795
MU,24,79.6051
MU,25,76.9524
MU,26,81.9757
MU,27,82.0842
MU,28,82.6924
MU,29,84.8283
MU,30,86.3232
MU,31,87.1274
MU,32,89.6830
MU,33,89.0143
MU,34,89.1880
MU,35,86.1602
MU,36,82.6448
MU,37,82.9885
MU,38,85.3621
MU,39,86.0288
MU,40,87.5885
MU,41,88.5341
MU,42,86.8631
MU,43,86.1773
MU,44,89.0161
MU,45,88.9424
MU,46,88.2918
MU,47,89.1989
MU,48,89.0794
MU,49,88.5943
MU,50,87.7771
MU,51,91.4108
MU,52,89.6909
MU,53,89.8320
MU,54,87.3530
MU,55,91.3402
MU,56,90.6502
MU,57,92.7470
MU,58,91.5871
MU,59,86.4609
MU,60,83.2919
MU,61,80.9597
MU,62,78.8118
MU,63,79.4334
MU,64,79.0736
MU,65,79.0096
MU,66,80.3972
MU,67,81.8164
MU,68,80.8056
MU,69,80.9356
MU,70,82.8857
MU,71,86.9647
MU,72,88.7998
MU,73,86.7566
MU,74,82.7572
MU,75,77.1069
MU,76,78.9742
MU,77,79.0438
MU,78,81.5816
MU,79,81.7527
MU,80,78.4703
MU,81,78.2117
MU,82,75.7983
MU,83,74.1835
MU,84,74.7401
MU,85,73.6537
MU,86,75.8367
MU,87,79.0027
MU,88,76.2159
MU,89,77.8259
MU,90,80.9092
MU,91,80.1105
MU,92,83.4261
MU,93,82.9202
MU,94,83.3078
MU,95,84.2964
MU,96,84.1625
MU,97,86.0858
MU,98,85.3546
MU,99,85.9905
MU,100,89.0438
MU,101,87.9520
MU,102,88.5438
MU,103,88.1354
MU,104,90.1380
MU,105,94.3642
MU,106,96.7904
MU,107,95.1608
MU,108,94.7667
MU,109,90.7276
MU,110,87.2814
MU,111,84.8858
MU,112,88.9709
MU,113,92.3841
MU,114,90.5631
MU,115,94.4008
MU,116,95.6588
MU,117,95.7002
MU,118,96.8997
MU,119,102.9795
MU,120,100.1881
MU,121,98.7498
MU,122,103.5081
MU,123,105.9343
MU,124,106.7956
MU,125,105.2044
MU,126,104.1434
MU,127,100.9489
MU,128,102.2160
MU,129,102.5990
MU,130,101.8170
MU,131,98.2129
MU,132,94.0906
MU,133,95.3627
MU,134,97.4984
MU,135,97.1628
MU,136,97.0414
MU,137,95.4491
MU,138,90.8727
MU,139,93.0725
MU,140,94.0943
MU,141,89.8560
MU,142,85.8487
MU,143,88.7822
MU,144,89.8232
MU,145,93.2951
MU,146,92.1208
MU,147,90.8840
MU,148,87.7949
MU,149,84.7084
MU,150,82.4973
MU,151,81.4571
MU,152,79.5258
MU,153,80.2352
MU,154,81.8827
MU,155,81.2584
MU,156,84.0482
MU,157,82.9094
MU,158,80.2405
MU,159,78.5691
MU,160,77.4767
MU,161,75.8160
MU,162,71.7728
MU,163,69.5336
MU,164,69.3671
MU,165,67.7564
MU,166,67.4051
MU,167,70.8063
MU,168,71.1549
MU,169,70.3879
MU,170,71.4813
MU,171,73.7405
MU,172,75.9386
MU,173,73.1011
MU,174,69.6561
MU,175,71.5372
MU,176,70.4497
MU,177,72.3116
MU,178,74.9947
MU,179,76.8817
MU,180,74.1245
MU,181,76.8596
MU,182,76.4714
MU,183,75.2213
MU,184,75.3518
MU,185,75.5289
MU,186,75.0559
MU,187,77.6087
MU,188,74.1070
MU,189,75.1261
MU,190,68.8858
MU,191,73.5300
MU,192,78.2002
MU,193,82.1303
MU,194,85.1997
MU,195,87.7722
MU,196,87.8757
MU,197,87.5049
MU,198,92.7074
MU,199,90.1371
MU,200,88.8298
MU,201,87.7523
MU,202,83.3172
MU,203,84.2975
MU,204,82.5603
MU,205,82.5298
MU,206,78.7374
MU,207,79.9509
MU,208,80.5893
MU,209,79.9601
MU,210,82.5669
MU,211,84.2363
MU,212,84.9495
MU,213,84.7759
MU,214,85.8649
MU,215,87.3928
MU,216,88.0810
MU,217,88.5702
MU,218,88.2945
MU,219,91.0833
MU,220,85.6645
MU,221,84.2211
MU,222,82.2688
MU,223,80.7487
MU,224,78.8275
MU,225,81.4912
MU,226,80.5633
MU,227,81.6918
MU,228,78.7621
MU,229,81.6054
MU,230,84.1822
MU,231,83.1487
MU,232,85.0703
MU,233,90.3950
MU,234,90.4688
MU,235,90.0838
MU,236,89.2694
MU,237,94.2086
MU,238,95.9476
MU,239,97.5391
MU,240,96.5674
MU,241,98.1033
MU,242,97.1560
MU,243,98.3982
MU,244,104.0744
MU,245,102.1870
MU,246,104.0627
MU,247,103.9850
MU,248,107.9862
MU,249,109.9640
MU,250,114.2833
MU,251,117.0707
MU,252,112.5593
MU,253,115.2075
MU,254,117.2346
MU,255,120.5306
MU,256,130.4432
MU,257,132.2334
MU,258,128.5373
MU,259,133.5343
MU,260,123.9982
MU,261,125.1215
MU,262,127.3742
MU,263,129.4887
MU,264,136.6702
MU,265,133.2434
MU,266,125.9940
MU,267,127.7205
MU,268,132.0369
MU,269,132.3588
MU,270,134.7713
MU,271,132.2303
MU,272,127.9630
MU,273,120.3934
MU,274,119.7275
MU,275,117.7382
MU,276,123.6308
MU,277,126.0311
MU,278,128.9279
MU,279,129.4059
MU,280,126.7803
MU,281,122.2694
MU,282,118.8332
MU,283,121.5680
MU,284,118.8120
MU,285,118.1434
MU,286,116.2895
MU,287,116.7228
MU,288,122.1490
MU,289,121.5375
MU,290,121.8736
MU,291,121.1341
MU,292,125.0132
MU,293,124.4121
MU,294,125.1643
MU,295,125.0358
MU,296,123.6571
MU,297,126.7725
MU,298,129.4582
MU,299,129.2260
MU,300,126.9060
MU,301,129.4017
MU,302,126.5289
MU,303,126.9281
MU,304,123.3027
MU,305,131.6352
MU,306,131.0491
MU,307,129.5631
MU,308,123.6996
MU,309,121.1553
MU,310,121.9513
MU,311,127.6433
MU,312,132.3376
MU,313,133.7710
MU,314,135.7486
MU,315,132.5914
MU,316,136.2738
MU,317,134.7489
MU,318,134.4549
MU,319,142.2395
MU,320,142.9298
MU,321,143.3138
MU,322,136.2693
MU,323,133.1169
MU,324,125.8720
MU,325,121.3982
MU,326,124.1392
MU,327,120.1431
MU,328,120.7208
MU,329,123.9470
MU,330,116.8452
MU,331,120.6869
MU,332,117.9717
MU,333,116.6174
MU,334,119.9299
MU,335,121.6551
MU,336,123.5124
MU,337,122.1170
MU,338,119.0899
MU,339,121.1929
MU,340,118.6440
MU,341,120.0197
MU,342,121.5424
MU,343,116.7714
MU,344,116.2302
MU,345,114.7536
MU,346,117.7246
MU,347,118.0129
MU,348,114.0200
MU,349,115.6059
MU,350,113.3496
MU,351,115.1702
MU,352,120.2214
MU,353,127.6087
MU,354,128.4269
MU,355,128.4732
MU,356,123.1392
MU,357,124.2580
MU,358,118.5587
MU,359,120.0182
MU,360,121.0938
MU,361,117.2803
MU,362,120.4240
MU,363,118.6273
MU,364,115.5673
MU,365,110.8048
MU,366,116.0186
MU,367,111.0541
MU,368,110.4265
MU,369,113.0584
MU,370,112.9614
MU,371,111.7434
MU,372,109.4556
MU,373,109.7149
MU,374,109.6493
MU,375,108.1313
MU,376,106.0047
MU,377,105.2151
MU,378,107.4189
MU,379,105.8681
MU,380,105.6513
MU,381,107.8203
MU,382,110.2437
MU,383,112.5445
MU,384,117.9259
MU,385,117.5269
MU,386,115.9412
MU,387,110.2104
MU,388,108.8647
MU,389,109.6162
MU,390,108.7268
MU,391,110.3679
MU,392,114.4960
MU,393,114.0492
MU,394,116.6318
MU,395,112.8983
MU,396,113.6486
MU,397,113.5113
MU,398,115.4125
MU,399,110.4947
MU,400,116.0041
MU,401,117.9772
MU,402,117.3999
MU,403,113.1900
MU,404,111.3733
MU,405,110.5791
MU,406,107.1219
MU,407,103.1173
MU,408,104.9504
MU,409,107.5591
MU,410,108.8550
MU,411,106.0642
MU,412,106.1996
MU,413,107.5383
MU,414,105.5733
MU,415,107.2810
MU,416,105.8524
MU,417,102.5652
MU,418,101.8881
MU,419,99.4668
MU,420,101.9445
MU,421,99.9700
MU,422,101.7339
MU,423,98.1021
MU,424,98.7554
MU,425,99.0869
MU,426,97.5787
MU,427,98.1909
MU,428,100.3499
MU,429,98.3950
MU,430,98.0734
MU,431,96.1301
MU,432,98.7746
MU,433,98.0820
MU,434,95.5507
MU,435,93.3290
MU,436,96.4270
MU,437,94.8088
MU,438,99.6170
MU,439,96.3422
MU,440,96.3810
MU,441,92.0169
MU,442,93.3359
MU,443,96.1113
MU,444,97.6627
MU,445,105.0765
MU,446,106.9468
MU,447,105.7660
MU,448,108.5790
MU,449,109.6801
MU,450,108.8799
MU,451,107.0589
MU,452,111.3727
MU,453,113.5098
MU,454,111.5589
MU,455,113.4462
MU,456,112.2948
MU,457,116.4661
MU,458,116.9171
MU,459,110.6954
MU,460,109.9749
MU,461,110.3894
MU,462,108.2001
MU,463,112.6929
MU,464,111.9870
MU,465,112.4886
MU,466,112.6932
MU,467,115.2850
MU,468,114.7370
MU,469,110.8162
MU,470,107.8787
MU,471,105.4169
MU,472,108.2260
MU,473,107.3576
MU,474,102.6662
MU,475,104.3838
MU,476,101.5340
MU,477,102.0155
MU,478,96.4038
MU,479,95.0960
MU,480,92.6756
MU,481,98.2756
MU,482,98.0765
MU,483,98.9739
MU,484,97.6772
MU,485,98.2148
MU,486,93.4186
MU,487,92.7470
MU,488,98.8856
MU,489,101.1046
MU,490,103.1791
MU,491,106.7525
MU,492,114.3703
MU,493,119.2665
MU,494,122.9230
MU,495,122.2340
MU,496,118.4887
MU,497,113.8472
MU,498,119.0034
MU,499,118.8089
MU,500,116.6058
MU,501,119.5249
MU,502,119.1863
MU,503,116.2623
MU,504,116.6751
PANW,0,300.0000
PANW,1,299.3187
PANW,2,307.5617
PANW,3,315.4258
PANW,4,314.3760
PANW,5,309.3265
PANW,6,301.3185
PANW,7,300.4397
PANW,8,295.8883
PANW,9,291.4508
PANW,10,285.5132
PANW,11,283.7871
PANW,12,289.5449
PANW,13,281.9066
PANW,14,282.3936
PANW,15,286.3639
PANW,16,300.1858
PANW,17,294.5451
PANW,18,286.1972
PANW,19,294.2568
PANW,20,282.6382
PANW,21,277.5103
PANW,22,275.0370
PANW,23,279.3309
PANW,24,270.9415
PANW,25,267.2041
PANW,26,272.1902
PANW,27,275.0498
PANW,28,267.8921
PANW,29,265.3230
PANW,30,260.7610
PANW,31,262.2686
PANW,32,267.4996
PANW,33,266.2189
PANW,34,266.4396
PANW,35,256.4788
PANW,36,254.3078
PANW,37,261.2264
PANW,38,267.2633
PANW,39,282.1135
PANW,40,285.0511
PANW,41,284.8504
PANW,42,280.0472
PANW,43,274.5211
PANW,44,278.8756
PANW,45,276.6959
PANW,46,269.5560
PANW,47,273.2179
PANW,48,266.5898
PANW,49,271.7678
PANW,50,272.0285
PANW,51,271.4662
PANW,52,264.1154
PANW,53,262.4724
PANW,54,254.8173
PANW,55,265.8382
PANW,56,260.7134
PANW,57,264.5166
PANW,58,265.1119
PANW,59,247.6708
PANW,60,244.0316
PANW,61,236.9593
PANW,62,232.6153
PANW,63,245.8614
PANW,64,246.4338
PANW,65,256.4451
PANW,66,265.3306
PANW,67,272.2215
PANW,68,270.9697
PANW,69,264.5154
PANW,70,267.8271
PANW,71,277.6334
PANW,72,282.5647
PANW,73,270.4135
PANW,74,260.2529
PANW,75,240.9370
PANW,76,233.4754
PANW,77,236.5578
PANW,78,246.1143
PANW,79,235.1627
PANW,80,230.6406
PANW,81,236.7936
PANW,82,235.9643
PANW,83,237.7881
PANW,84,231.8439
PANW,85,236.7748
PANW,86,236.0931
PANW,87,238.1515
PANW,88,234.0226
PANW,89,228.6681
PANW,90,242.4455
PANW,91,239.8412
PANW,92,240.9486
PANW,93,239.3656
PANW,94,240.2165
PANW,95,242.7404
PANW,96,247.3307
PANW,97,243.5439
PANW,98,234.3741
PANW,99,240.3182
PANW,100,250.8761
PANW,101,247.7003
PANW,102,241.7449
PANW,103,240.8657
PANW,104,246.7317
PANW,105,238.7700
PANW,106,246.6511
PANW,107,247.8890
PANW,108,249.9353
PANW,109,240.1827
PANW,110,229.6590
PANW,111,220.8011
PANW,112,228.7699
PANW,113,234.4865
PANW,114,232.8941
PANW,115,235.1294
PANW,116,239.0637
PANW,117,235.7625
PANW,118,234.8396
PANW,119,244.1233
PANW,120,240.3927
PANW,121,240.8943
PANW,122,241.7987
PANW,123,238.0134
PANW,124,255.5454
PANW,125,255.2551
PANW,126,258.3647
PANW,127,256.9876
PANW,128,260.6314
PANW,129,264.1765
PANW,130,260.9248
PANW,131,252.1121
PANW,132,242.8717
PANW,133,235.0783
PANW,134,244.4181
PANW,135,244.3556
PANW,136,244.9759
PANW,137,241.2547
PANW,138,234.6661
PANW,139,238.3874
PANW,140,231.0736
PANW,141,220.3894
PANW,142,212.3313
PANW,143,214.1198
PANW,144,219.1989
PANW,145,220.0523
PANW,146,215.1097
PANW,147,210.5790
PANW,148,206.6082
PANW,149,198.2316
PANW,150,188.8100
PANW,151,185.6504
PANW,152,191.1012
PANW,153,189.6346
PANW,154,188.0296
PANW,155,189.8559
PANW,156,203.6867
PANW,157,202.6079
PANW,158,194.3326
PANW,159,188.2015
PANW,160,187.6004
PANW,161,181.3002
PANW,162,177.0257
PANW,163,169.6543
PANW,164,173.7138
PANW,165,172.0114
PANW,166,170.0157
PANW,167,174.1038
PANW,168,172.6367
PANW,169,168.4816
PANW,170,169.1295
PANW,171,168.2068
PANW,172,177.5046
PANW,173,175.7280
PANW,174,171.6311
PANW,175,173.1333
PANW,176,167.0293
PANW,177,172.8276
PANW,178,181.1183
PANW,179,184.0285
PANW,180,182.0965
PANW,181,186.9970
PANW,182,185.9015
PANW,183,182.3940
PANW,184,186.1768
PANW,185,187.6444
PANW,186,186.3755
PANW,187,180.7652
PANW,188,179.2138
PANW,189,176.7931
PANW,190,172.0910
PANW,191,181.1797
PANW,192,183.8291
PANW,193,186.7103
PANW,194,193.3309
PANW,195,201.7548
PANW,196,200.4103
PANW,197,200.9982
PANW,198,204.6863
PANW,199,206.8136
PANW,200,202.3605
PANW,201,198.0941
PANW,202,196.9526
PANW,203,198.9259
PANW,204,200.4988
PANW,205,202.0142
PANW,206,193.8571
PANW,207,192.9034
PANW,208,197.5757
PANW,209,198.2631
PANW,210,198.5813
PANW,211,195.2425
PANW,212,198.8412
PANW,213,197.3925
PANW,214,200.3602
PANW,215,199.1426
PANW,216,202.2298
PANW,217,204.8068
PANW,218,205.0168
PANW,219,206.3579
PANW,220,197.2627
PANW,221,199.2993
PANW,222,200.2258
PANW,223,197.9842
PANW,224,198.3236
PANW,225,195.9518
PANW,226,203.7291
PANW,227,203.7483
PANW,228,201.3757
PANW,229,204.7747
PANW,230,207.6468
PANW,231,201.2796
PANW,232,208.7297
PANW,233,215.8065
PANW,234,219.4012
PANW,235,216.2389
PANW,236,208.7531
PANW,237,214.8126
PANW,238,212.8839
PANW,239,211.3227
PANW,240,202.4738
PANW,241,203.4448
PANW,242,199.5359
PANW,243,205.7159
PANW,244,210.7061
PANW,245,203.6600
PANW,246,214.9588
PANW,247,206.6090
PANW,248,212.7455
PANW,249,208.5563
PANW,250,214.1671
PANW,251,217.0771
PANW,252,209.1661
PANW,253,209.3611
PANW,254,208.6279
PANW,255,208.6263
PANW,256,218.5041
PANW,257,217.0498
PANW,258,210.8776
PANW,259,223.4856
PANW,260,221.0428
PANW,261,220.9607
PANW,262,222.2187
PANW,263,222.1759
PANW,264,225.1113
PANW,265,221.8739
PANW,266,209.0971
PANW,267,207.6023
PANW,268,211.5714
PANW,269,212.3344
PANW,270,216.1940
PANW,271,222.1117
PANW,272,221.6331
PANW,273,212.2658
PANW,274,218.4312
PANW,275,218.7387
PANW,276,228.8738
PANW,277,243.6775
PANW,278,250.1044
PANW,279,244.6522
PANW,280,241.5898
PANW,281,234.7011
PANW,282,231.5280
PANW,283,229.1348
PANW,284,226.9587
PANW,285,225.5433
PANW,286,228.7507
PANW,287,228.3147
PANW,288,235.6620
PANW,289,235.3853
PANW,290,237.7012
PANW,291,242.5071
PANW,292,245.7226
PANW,293,242.3541
PANW,294,242.3509
PANW,295,249.7373
PANW,296,249.4870
PANW,297,252.0951
PANW,298,254.6695
PANW,299,255.7712
PANW,300,257.8480
PANW,301,256.8600
PANW,302,256.7887
PANW,303,250.9360
PANW,304,250.4386
PANW,305,252.3041
PANW,306,258.4833
PANW,307,257.2970
PANW,308,255.6505
PANW,309,250.0139
PANW,310,249.8354
PANW,311,263.5791
PANW,312,270.5244
PANW,313,276.6059
PANW,314,275.3617
PANW,315,277.6764
PANW,316,280.9198
PANW,317,273.2836
PANW,318,273.3192
PANW,319,275.5558
PANW,320,285.3970
PANW,321,286.9753
PANW,322,281.2569
PANW,323,279.5562
PANW,324,267.9848
PANW,325,253.0047
PANW,326,252.0610
PANW,327,242.6113
PANW,328,245.4126
PANW,329,250.0293
PANW,330,248.4731
PANW,331,249.0207
PANW,332,248.4498
PANW,333,245.5470
PANW,334,248.4240
PANW,335,250.6005
PANW,336,253.8430
PANW,337,260.5656
PANW,338,258.4754
PANW,339,265.9429
PANW,340,257.7117
PANW,341,263.8641
PANW,342,267.4402
PANW,343,258.8720
PANW,344,258.7207
PANW,345,261.4106
PANW,346,260.9376
PANW,347,268.8874
PANW,348,262.2216
PANW,349,264.3693
PANW,350,264.0494
PANW,351,265.6268
PANW,352,267.2015
PANW,353,265.4957
PANW,354,272.5330
PANW,355,269.7259
PANW,356,261.6774
PANW,357,266.6384
PANW,358,266.2326
PANW,359,271.8792
PANW,360,278.3605
PANW,361,268.8307
PANW,362,280.4844
PANW,363,272.0949
PANW,364,266.9481
PANW,365,261.8062
PANW,366,272.7547
PANW,367,265.3029
PANW,368,259.1113
PANW,369,266.2308
PANW,370,262.1469
PANW,371,261.6408
PANW,372,262.7877
PANW,373,266.0795
PANW,374,264.0179
PANW,375,259.8574
PANW,376,263.0328
PANW,377,263.6192
PANW,378,269.3179
PANW,379,260.2262
PANW,380,264.0446
PANW,381,258.4450
PANW,382,265.8246
PANW,383,270.8828
PANW,384,279.5199
PANW,385,268.4007
PANW,386,264.4356
PANW,387,253.9351
PANW,388,250.4390
PANW,389,250.3906
PANW,390,252.2206
PANW,391,257.1794
PANW,392,264.7955
PANW,393,273.1655
PANW,394,267.8544
PANW,395,266.1958
PANW,396,261.8672
PANW,397,264.1985
PANW,398,257.9563
PANW,399,245.7962
PANW,400,251.0062
PANW,401,260.2903
PANW,402,255.8321
PANW,403,251.6816
PANW,404,243.6884
PANW,405,242.3448
PANW,406,244.5240
PANW,407,241.2703
PANW,408,249.2648
PANW,409,255.3031
PANW,410,248.3154
PANW,411,253.9702
PANW,412,248.9090
PANW,413,254.3068
PANW,414,246.2327
PANW,415,249.0246
PANW,416,246.5017
PANW,417,244.8120
PANW,418,240.3819
PANW,419,236.7357
PANW,420,244.5476
PANW,421,252.2567
PANW,422,256.4610
PANW,423,255.7941
PANW,424,258.6934
PANW,425,252.6698
PANW,426,253.9126
PANW,427,253.8204
PANW,428,258.8448
PANW,429,256.1611
PANW,430,259.7725
PANW,431,269.6312
PANW,432,277.9492
PANW,433,280.2973
PANW,434,274.0706
PANW,435,276.3186
PANW,436,273.5492
PANW,437,269.8552
PANW,438,287.8472
PANW,439,285.0448
PANW,440,284.0844
PANW,441,275.9793
PANW,442,282.0964
PANW,443,293.3286
PANW,444,296.0416
PANW,445,300.6173
PANW,446,301.1794
PANW,447,306.5912
PANW,448,314.5945
PANW,449,314.9430
PANW,450,319.6227
PANW,451,327.5731
PANW,452,328.6619
PANW,453,331.3838
PANW,454,332.7778
PANW,455,350.6793
PANW,456,343.9374
PANW,457,361.1821
PANW,458,361.9218
PANW,459,347.3500
PANW,460,342.9936
PANW,461,343.1402
PANW,462,349.5530
PANW,463,373.8473
PANW,464,377.9093
PANW,465,383.1553
PANW,466,381.7400
PANW,467,401.1317
PANW,468,395.9325
PANW,469,402.8317
PANW,470,388.0199
PANW,471,383.0326
PANW,472,383.8469
PANW,473,378.1501
PANW,474,368.3778
PANW,475,383.0558
PANW,476,375.8154
PANW,477,388.9267
PANW,478,385.7173
PANW,479,385.8911
PANW,480,369.4863
PANW,481,383.4841
PANW,482,388.3558
PANW,483,393.7627
PANW,484,409.3521
PANW,485,409.0435
PANW,486,402.9302
PANW,487,394.1429
PANW,488,418.6959
PANW,489,427.1522
PANW,490,430.4194
PANW,491,449.1568
PANW,492,464.9487
PANW,493,474.0665
PANW,494,476.3151
PANW,495,500.0667
PANW,496,491.8557
PANW,497,473.5536
PANW,498,505.6764
PANW,499,506.1202
PANW,500,496.1985
PANW,501,496.7922
PANW,502,502.0199
PANW,503,490.6758
PANW,504,495.7261
SNPS,0,520.0000
SNPS,1,520.1331
SNPS,2,521.9217
SNPS,3,521.1323
SNPS,4,528.4443
SNPS,5,535.2511
SNPS,6,523.4095
SNPS,7,525.8810
SNPS,8,510.5651
SNPS,9,516.0777
SNPS,10,515.2317
SNPS,11,498.4985
SNPS,12,504.6974
SNPS,13,490.3408
SNPS,14,496.0338
SNPS,15,499.6460
SNPS,16,531.5942
SNPS,17,525.2846
SNPS,18,511.5036
SNPS,19,531.0526
SNPS,20,522.7391
SNPS,21,507.3227
SNPS,22,520.0795
SNPS,23,524.5297
SNPS,24,522.8311
SNPS,25,524.0319
SNPS,26,544.4790
SNPS,27,562.4693
SNPS,28,572.0337
SNPS,29,579.2830
SNPS,30,583.3839
SNPS,31,595.3703
SNPS,32,600.8998
SNPS,33,598.1912
SNPS,34,615.9295
SNPS,35,599.0510
SNPS,36,595.4391
SNPS,37,594.1955
SNPS,38,603.7350
SNPS,39,601.4582
SNPS,40,612.5303
SNPS,41,614.2326
SNPS,42,609.9745
SNPS,43,603.1025
SNPS,44,615.0731
SNPS,45,604.1905
SNPS,46,596.6196
SNPS,47,598.6937
SNPS,48,597.5706
SNPS,49,590.4362
SNPS,50,591.5725
SNPS,51,602.4744
SNPS,52,586.1410
SNPS,53,594.7300
SNPS,54,592.2304
SNPS,55,593.0461
SNPS,56,580.6880
SNPS,57,586.0483
SNPS,58,571.1832
SNPS,59,557.1427
SNPS,60,556.5553
SNPS,61,548.3094
SNPS,62,547.2187
SNPS,63,563.1301
SNPS,64,567.8461
SNPS,65,552.9253
SNPS,66,570.3104
SNPS,67,572.7380
SNPS,68,581.5780
SNPS,69,578.1104
SNPS,70,597.7724
SNPS,71,622.7392
SNPS,72,624.6822
SNPS,73,617.0722
SNPS,74,615.4631
SNPS,75,584.8359
SNPS,76,576.9424
SNPS,77,587.5188
SNPS,78,608.8163
SNPS,79,602.9808
SNPS,80,600.0127
SNPS,81,610.1772
SNPS,82,603.0313
SNPS,83,593.9237
SNPS,84,600.9076
SNPS,85,622.8378
SNPS,86,620.8493
SNPS,87,630.1360
SNPS,88,618.6985
SNPS,89,623.8957
SNPS,90,642.1461
SNPS,91,645.8374
SNPS,92,659.3708
SNPS,93,647.2582
SNPS,94,668.5899
SNPS,95,675.8526
SNPS,96,700.2573
SNPS,97,687.1491
SNPS,98,675.1262
SNPS,99,682.8226
SNPS,100,701.6857
SNPS,101,689.1794
SNPS,102,670.6612
SNPS,103,657.6533
SNPS,104,663.8975
SNPS,105,660.4485
SNPS,106,670.5090
SNPS,107,670.0946
SNPS,108,683.6630
SNPS,109,662.0688
SNPS,110,643.4148
SNPS,111,640.6150
SNPS,112,663.5229
SNPS,113,673.4114
SNPS,114,664.1569
SNPS,115,668.4149
SNPS,116,665.0201
SNPS,117,668.6994
SNPS,118,665.0441
SNPS,119,682.7542
SNPS,120,689.1211
SNPS,121,683.3402
SNPS,122,689.4544
SNPS,123,689.0568
SNPS,124,706.7875
SNPS,125,690.3212
SNPS,126,697.9888
SNPS,127,693.4786
SNPS,128,696.8781
SNPS,129,692.1621
SNPS,130,661.5015
SNPS,131,644.2958
SNPS,132,614.9886
SNPS,133,606.4522
SNPS,134,607.9030
SNPS,135,607.9812
SNPS,136,608.1190
SNPS,137,598.8081
SNPS,138,590.5223
SNPS,139,611.6080
SNPS,140,597.4626
SNPS,141,581.7004
SNPS,142,564.7381
SNPS,143,559.3054
SNPS,144,561.2791
SNPS,145,567.9914
SNPS,146,564.0852
SNPS,147,553.2484
SNPS,148,537.5037
SNPS,149,523.9692
SNPS,150,508.1177
SNPS,151,494.2540
SNPS,152,495.2636
SNPS,153,490.9291
SNPS,154,492.4248
SNPS,155,500.0308
SNPS,156,509.6800
SNPS,157,504.4259
SNPS,158,486.5618
SNPS,159,485.0186
SNPS,160,483.0779
SNPS,161,489.9897
SNPS,162,477.7048
SNPS,163,453.5353
SNPS,164,457.1335
SNPS,165,451.9656
SNPS,166,445.2377
SNPS,167,456.6890
SNPS,168,449.3582
SNPS,169,441.7643
SNPS,170,438.5291
SNPS,171,443.1101
SNPS,172,446.6811
SNPS,173,441.3276
SNPS,174,426.6673
SNPS,175,428.1029
SNPS,176,418.4768
SNPS,177,428.2465
SNPS,178,433.3010
SNPS,179,442.7059
SNPS,180,445.3487
SNPS,181,436.7083
SNPS,182,434.4929
SNPS,183,421.8773
SNPS,184,424.8574
SNPS,185,425.2119
SNPS,186,430.0702
SNPS,187,425.0070
SNPS,188,405.6371
SNPS,189,406.7140
SNPS,190,392.8047
SNPS,191,405.7661
SNPS,192,413.8670
SNPS,193,418.2746
SNPS,194,416.1818
SNPS,195,424.6693
SNPS,196,424.0975
SNPS,197,420.3168
SNPS,198,439.3053
SNPS,199,440.6960
SNPS,200,441.9446
SNPS,201,425.1503
SNPS,202,425.9794
SNPS,203,422.7603
SNPS,204,421.4169
SNPS,205,419.4948
SNPS,206,411.2630
SNPS,207,413.6535
SNPS,208,423.2951
SNPS,209,433.7160
SNPS,210,429.0193
SNPS,211,431.7852
SNPS,212,433.3806
SNPS,213,433.5655
SNPS,214,439.3295
SNPS,215,448.9973
SNPS,216,452.5673
SNPS,217,449.9272
SNPS,218,444.3178
SNPS,219,445.0113
SNPS,220,422.5931
SNPS,221,424.4515
SNPS,222,438.4202
SNPS,223,434.2839
SNPS,224,435.1630
SNPS,225,429.8074
SNPS,226,446.4523
SNPS,227,442.1946
SNPS,228,443.1664
SNPS,229,440.2331
SNPS,230,438.5234
SNPS,231,446.1512
SNPS,232,455.0143
SNPS,233,467.3487
SNPS,234,465.4166
SNPS,235,461.1804
SNPS,236,457.0882
SNPS,237,462.0376
SNPS,238,472.4118
SNPS,239,486.9495
SNPS,240,472.8821
SNPS,241,470.7220
SNPS,242,466.6093
SNPS,243,476.8397
SNPS,244,497.6352
SNPS,245,500.1415
SNPS,246,510.7301
SNPS,247,498.4429
SNPS,248,503.8951
SNPS,249,507.9714
SNPS,250,508.7722
SNPS,251,513.2303
SNPS,252,504.6946
SNPS,253,517.0456
SNPS,254,512.3350
SNPS,255,512.9291
SNPS,256,536.1833
SNPS,257,534.6991
SNPS,258,520.3939
SNPS,259,534.0182
SNPS,260,517.2350
SNPS,261,520.5360
SNPS,262,520.1400
SNPS,263,520.3770
SNPS,264,526.9718
SNPS,265,532.5711
SNPS,266,502.3408
SNPS,267,511.4807
SNPS,268,527.9568
SNPS,269,531.8876
SNPS,270,537.8427
SNPS,271,537.8130
SNPS,272,534.8145
SNPS,273,514.2230
SNPS,274,504.9920
SNPS,275,504.9314
SNPS,276,509.2781
SNPS,277,527.5200
SNPS,278,532.3085
SNPS,279,526.1835
SNPS,280,533.4918
SNPS,281,527.4192
SNPS,282,521.6069
SNPS,283,528.6620
SNPS,284,522.6701
SNPS,285,520.2784
SNPS,286,533.5352
SNPS,287,528.0189
SNPS,288,541.6948
SNPS,289,532.4514
SNPS,290,533.5289
SNPS,291,538.9596
SNPS,292,544.4050
SNPS,293,547.7441
SNPS,294,544.4456
SNPS,295,561.9409
SNPS,296,552.7882
SNPS,297,571.0760
SNPS,298,572.2906
SNPS,299,563.3559
SNPS,300,563.7802
SNPS,301,562.7878
SNPS,302,547.0533
SNPS,303,559.7332
SNPS,304,561.6351
SNPS,305,587.3871
SNPS,306,581.2088
SNPS,307,567.9347
SNPS,308,558.6329
SNPS,309,543.5233
SNPS,310,554.7059
SNPS,311,566.2237
SNPS,312,582.6029
SNPS,313,600.6371
SNPS,314,596.3828
SNPS,315,594.8843
SNPS,316,617.3595
SNPS,317,617.9179
SNPS,318,623.1096
SNPS,319,628.1174
SNPS,320,635.2268
SNPS,321,640.1978
SNPS,322,625.6893
SNPS,323,635.1598
SNPS,324,625.3304
SNPS,325,606.2565
SNPS,326,614.4971
SNPS,327,593.1280
SNPS,328,594.1790
SNPS,329,587.8340
SNPS,330,589.6407
SNPS,331,593.9218
SNPS,332,573.1710
SNPS,333,562.1854
SNPS,334,568.2040
SNPS,335,566.4361
SNPS,336,565.6754
SNPS,337,562.0662
SNPS,338,551.7320
SNPS,339,558.8995
SNPS,340,534.7108
SNPS,341,546.2087
SNPS,342,557.9530
SNPS,343,552.8909
SNPS,344,567.6939
SNPS,345,566.0103
SNPS,346,579.3501
SNPS,347,578.7481
SNPS,348,568.9216
SNPS,349,567.0272
SNPS,350,559.0152
SNPS,351,562.8770
SNPS,352,585.2359
SNPS,353,597.1221
SNPS,354,598.4081
SNPS,355,597.9510
SNPS,356,581.9986
SNPS,357,591.9707
SNPS,358,586.9587
SNPS,359,590.4968
SNPS,360,607.2817
SNPS,361,591.6106
SNPS,362,594.4729
SNPS,363,578.3534
SNPS,364,569.3950
SNPS,365,571.0111
SNPS,366,606.0058
SNPS,367,590.3134
SNPS,368,575.8052
SNPS,369,589.1157
SNPS,370,584.2793
SNPS,371,571.2133
SNPS,372,569.4263
SNPS,373,592.0886
SNPS,374,588.9280
SNPS,375,600.6787
SNPS,376,603.8686
SNPS,377,618.6133
SNPS,378,631.6566
SNPS,379,629.4126
SNPS,380,630.9403
SNPS,381,628.3775
SNPS,382,628.4419
SNPS,383,643.5250
SNPS,384,683.9473
SNPS,385,664.0866
SNPS,386,667.8899
SNPS,387,644.6977
SNPS,388,634.9229
SNPS,389,642.6087
SNPS,390,635.4238
SNPS,391,634.2103
SNPS,392,652.2325
SNPS,393,661.2357
SNPS,394,659.4778
SNPS,395,656.5332
SNPS,396,655.9341
SNPS,397,660.4295
SNPS,398,658.9596
SNPS,399,633.5320
SNPS,400,651.4521
SNPS,401,661.0017
SNPS,402,658.6316
SNPS,403,641.1966
SNPS,404,635.0311
SNPS,405,634.9538
SNPS,406,628.6698
SNPS,407,616.4418
SNPS,408,622.5188
SNPS,409,636.4347
SNPS,410,634.7350
SNPS,411,653.4412
SNPS,412,658.3411
SNPS,413,661.0505
SNPS,414,655.7624
SNPS,415,646.9881
SNPS,416,636.6351
SNPS,417,620.6270
SNPS,418,622.7112
SNPS,419,611.8434
SNPS,420,626.1642
SNPS,421,630.4555
SNPS,422,638.4389
SNPS,423,634.3752
SNPS,424,637.7704
SNPS,425,639.0231
SNPS,426,635.4345
SNPS,427,644.9517
SNPS,428,650.8035
SNPS,429,637.8866
SNPS,430,625.9955
SNPS,431,633.4949
SNPS,432,651.6673
SNPS,433,652.9958
SNPS,434,637.1615
SNPS,435,642.7469
SNPS,436,649.4465
SNPS,437,632.5974
SNPS,438,649.0407
SNPS,439,614.3751
SNPS,440,621.7548
SNPS,441,615.8407
SNPS,442,617.4339
SNPS,443,645.7538
SNPS,444,648.1025
SNPS,445,670.1430
SNPS,446,684.5277
SNPS,447,686.9642
SNPS,448,689.0753
SNPS,449,679.3781
SNPS,450,683.9444
SNPS,451,676.8421
SNPS,452,665.1949
SNPS,453,666.4540
SNPS,454,682.5152
SNPS,455,691.8267
SNPS,456,685.3384
SNPS,457,697.9925
SNPS,458,682.8614
SNPS,459,676.3873
SNPS,460,676.9177
SNPS,461,682.1008
SNPS,462,698.3301
SNPS,463,727.2131
SNPS,464,726.8872
SNPS,465,734.3596
SNPS,466,723.4900
SNPS,467,757.1680
SNPS,468,771.9384
SNPS,469,756.0385
SNPS,470,741.0565
SNPS,471,710.8080
SNPS,472,696.4114
SNPS,473,698.4284
SNPS,474,688.1010
SNPS,475,707.5161
SNPS,476,698.6797
SNPS,477,698.2565
SNPS,478,680.9423
SNPS,479,675.1407
SNPS,480,660.3848
SNPS,481,685.5219
SNPS,482,673.1665
SNPS,483,684.3624
SNPS,484,704.5098
SNPS,485,707.0292
SNPS,486,699.0421
SNPS,487,704.4158
SNPS,488,742.0932
SNPS,489,750.6820
SNPS,490,753.1364
SNPS,491,755.9532
SNPS,492,784.2574
SNPS,493,807.3456
SNPS,494,826.6118
SNPS,495,833.4188
SNPS,496,831.3119
SNPS,497,796.1333
SNPS,498,807.7181
SNPS,499,795.1156
SNPS,500,767.5498
SNPS,501,758.8838
SNPS,502,755.2083
SNPS,503,749.8058
SNPS,504,763.2197
LRCX,0,85.0000
LRCX,1,84.3806
LRCX,2,83.8397
LRCX,3,84.7330
LRCX,4,83.8857
LRCX,5,84.4266
LRCX,6,83.4750
LRCX,7,84.3054
LRCX,8,81.6306
LRCX,9,81.6804
LRCX,10,81.9485
LRCX,11,79.9992
LRCX,12,80.1685
LRCX,13,79.3129
LRCX,14,80.5477
LRCX,15,80.0730
LRCX,16,83.4012
LRCX,17,82.4570
LRCX,18,79.2952
LRCX,19,85.2154
LRCX,20,81.6398
LRCX,21,79.2739
LRCX,22,79.0506
LRCX,23,79.9007
LRCX,24,76.4762
LRCX,25,75.3625
LRCX,26,79.5870
LRCX,27,84.0065
LRCX,28,86.6919
LRCX,29,86.1761
LRCX,30,86.3372
LRCX,31,88.2120
LRCX,32,90.5191
LRCX,33,87.9003
LRCX,34,89.8354
LRCX,35,87.7555
LRCX,36,86.8327
LRCX,37,85.9053
LRCX,38,85.5600
LRCX,39,87.5958
LRCX,40,87.7647
LRCX,41,90.0453
LRCX,42,89.5309
LRCX,43,88.0785
LRCX,44,92.9682
LRCX,45,87.7696
LRCX,46,84.8442
LRCX,47,84.4485
LRCX,48,87.7473
LRCX,49,88.0662
LRCX,50,86.5312
LRCX,51,88.3016
LRCX,52,86.6313
LRCX,53,87.0629
LRCX,54,86.5617
LRCX,55,88.4258
LRCX,56,85.8434
LRCX,57,85.2662
LRCX,58,85.5867
LRCX,59,80.9093
LRCX,60,76.7024
LRCX,61,75.2358
LRCX,62,75.3408
LRCX,63,79.1426
LRCX,64,78.6495
LRCX,65,79.2986
LRCX,66,78.9897
LRCX,67,79.6297
LRCX,68,78.7049
LRCX,69,77.5523
LRCX,70,79.8988
LRCX,71,86.2094
LRCX,72,87.2597
LRCX,73,85.3869
LRCX,74,84.5479
LRCX,75,79.6679
LRCX,76,78.9510
LRCX,77,79.6522
LRCX,78,81.9871
LRCX,79,79.5227
LRCX,80,77.1705
LRCX,81,77.1178
LRCX,82,77.3250
LRCX,83,76.9536
LRCX,84,78.1541
LRCX,85,78.3961
LRCX,86,76.9000
LRCX,87,75.4208
LRCX,88,72.9995
LRCX,89,72.0468
LRCX,90,75.3928
LRCX,91,71.7392
LRCX,92,74.0791
LRCX,93,74.1371
LRCX,94,74.0046
LRCX,95,74.7627
LRCX,96,75.1085
LRCX,97,76.2865
LRCX,98,75.9667
LRCX,99,77.1922
LRCX,100,79.8233
LRCX,101,80.0420
LRCX,102,78.1714
LRCX,103,76.8252
LRCX,104,78.8405
LRCX,105,78.3430
LRCX,106,79.0068
LRCX,107,78.7740
LRCX,108,77.0034
LRCX,109,75.2187
LRCX,110,70.7646
LRCX,111,68.7301
LRCX,112,70.1432
LRCX,113,70.7013
LRCX,114,68.4842
LRCX,115,71.3912
LRCX,116,72.7153
LRCX,117,72.0199
LRCX,118,70.8531
LRCX,119,73.8776
LRCX,120,75.7619
LRCX,121,75.4725
LRCX,122,75.6700
LRCX,123,75.4076
LRCX,124,76.7193
LRCX,125,76.5416
LRCX,126,76.5496
LRCX,127,72.8227
LRCX,128,71.8565
LRCX,129,72.5146
LRCX,130,68.8462
LRCX,131,68.2951
LRCX,132,65.2475
LRCX,133,63.2502
LRCX,134,64.0866
LRCX,135,64.1633
LRCX,136,65.4847
LRCX,137,61.4298
LRCX,138,59.2179
LRCX,139,62.4166
LRCX,140,62.1055
LRCX,141,61.9500
LRCX,142,59.2019
LRCX,143,58.8863
LRCX,144,59.0055
LRCX,145,60.4439
LRCX,146,59.1631
LRCX,147,58.4341
LRCX,148,56.4089
LRCX,149,55.4846
LRCX,150,54.8148
LRCX,151,51.5000
LRCX,152,52.4194
LRCX,153,51.9389
LRCX,154,51.8202
LRCX,155,54.1126
LRCX,156,56.0342
LRCX,157,55.2045
LRCX,158,54.0279
LRCX,159,52.1386
LRCX,160,52.0723
LRCX,161,50.0658
LRCX,162,47.5845
LRCX,163,45.1016
LRCX,164,45.8469
LRCX,165,44.6573
LRCX,166,43.6988
LRCX,167,44.2008
LRCX,168,43.8077
LRCX,169,42.3808
LRCX,170,42.8013
LRCX,171,43.6801
LRCX,172,45.9061
LRCX,173,45.4797
LRCX,174,43.3157
LRCX,175,43.7265
LRCX,176,43.6972
LRCX,177,44.2723
LRCX,178,44.8340
LRCX,179,45.8170
LRCX,180,45.1418
LRCX,181,44.8767
LRCX,182,44.8962
LRCX,183,43.8271
LRCX,184,43.7775
LRCX,185,44.7268
LRCX,186,44.4617
LRCX,187,44.5375
LRCX,188,42.3520
LRCX,189,42.3001
LRCX,190,40.7255
LRCX,191,43.0181
LRCX,192,44.3016
LRCX,193,45.9629
LRCX,194,46.7269
LRCX,195,48.7634
LRCX,196,50.1773
LRCX,197,50.4997
LRCX,198,52.6583
LRCX,199,52.9808
LRCX,200,50.9395
LRCX,201,51.5034
LRCX,202,49.8603
LRCX,203,50.5812
LRCX,204,49.6868
LRCX,205,51.2373
LRCX,206,49.2042
LRCX,207,49.4054
LRCX,208,51.4015
LRCX,209,51.7663
LRCX,210,52.8684
LRCX,211,54.8161
LRCX,212,57.1875
LRCX,213,56.2119
LRCX,214,56.6296
LRCX,215,57.3845
LRCX,216,58.0068
LRCX,217,59.3328
LRCX,218,58.5962
LRCX,219,61.4748
LRCX,220,60.4048
LRCX,221,59.2882
LRCX,222,59.3133
LRCX,223,57.8875
LRCX,224,59.4907
LRCX,225,59.6837
LRCX,226,62.2577
LRCX,227,64.5803
LRCX,228,63.2811
LRCX,229,63.2099
LRCX,230,64.3782
LRCX,231,64.3069
LRCX,232,65.0227
LRCX,233,66.9526
LRCX,234,66.3253
LRCX,235,67.2624
LRCX,236,66.1028
LRCX,237,69.4736
LRCX,238,70.4569
LRCX,239,71.3329
LRCX,240,71.8060
LRCX,241,71.6105
LRCX,242,71.6060
LRCX,243,74.1764
LRCX,244,77.4407
LRCX,245,74.7117
LRCX,246,77.9818
LRCX,247,76.8161
LRCX,248,76.3116
LRCX,249,77.5243
LRCX,250,80.7401
LRCX,251,81.7938
LRCX,252,81.1225
LRCX,253,81.6571
LRCX,254,80.6811
LRCX,255,79.8531
LRCX,256,82.6738
LRCX,257,83.8316
LRCX,258,82.2112
LRCX,259,87.5228
LRCX,260,84.5073
LRCX,261,85.7815
LRCX,262,84.8854
LRCX,263,84.4012
LRCX,264,86.9884
LRCX,265,87.8011
LRCX,266,83.2550
LRCX,267,84.7953
LRCX,268,85.6333
LRCX,269,85.0531
LRCX,270,85.4738
LRCX,271,85.7255
LRCX,272,86.5022
LRCX,273,85.3346
LRCX,274,86.5128
LRCX,275,85.0811
LRCX,276,87.1906
LRCX,277,86.4726
LRCX,278,87.7340
LRCX,279,87.4473
LRCX,280,87.6278
LRCX,281,85.8996
LRCX,282,83.9571
LRCX,283,84.3010
LRCX,284,83.2850
LRCX,285,81.2007
LRCX,286,83.3602
LRCX,287,84.4377
LRCX,288,84.8473
LRCX,289,83.3955
LRCX,290,84.4344
LRCX,291,85.3151
LRCX,292,86.7681
LRCX,293,87.7268
LRCX,294,88.2551
LRCX,295,91.8458
LRCX,296,90.0917
LRCX,297,90.6189
LRCX,298,89.8086
LRCX,299,90.9967
LRCX,300,90.9601
LRCX,301,93.1965
LRCX,302,93.7969
LRCX,303,95.7189
LRCX,304,98.2138
LRCX,305,103.3749
LRCX,306,105.8124
LRCX,307,102.0477
LRCX,308,102.4441
LRCX,309,102.0788
LRCX,310,103.8068
LRCX,311,104.2734
LRCX,312,108.2939
LRCX,313,108.6331
LRCX,314,109.9859
LRCX,315,111.9291
LRCX,316,114.2677
LRCX,317,113.8834
LRCX,318,112.7154
LRCX,319,116.2602
LRCX,320,117.7788
LRCX,321,114.1886
LRCX,322,112.4447
LRCX,323,111.3424
LRCX,324,105.3502
LRCX,325,101.4295
LRCX,326,105.0225
LRCX,327,101.6648
LRCX,328,102.9218
LRCX,329,104.9118
LRCX,330,103.6764
LRCX,331,106.3355
LRCX,332,105.8029
LRCX,333,103.6348
LRCX,334,108.1919
LRCX,335,108.6976
LRCX,336,111.1422
LRCX,337,114.5893
LRCX,338,115.0089
LRCX,339,115.9353
LRCX,340,114.7544
LRCX,341,120.5744
LRCX,342,121.5473
LRCX,343,116.1573
LRCX,344,116.7004
LRCX,345,118.5897
LRCX,346,119.5789
LRCX,347,117.5235
LRCX,348,112.8612
LRCX,349,112.1888
LRCX,350,112.3988
LRCX,351,110.7321
LRCX,352,112.2144
LRCX,353,112.4479
LRCX,354,109.4530
LRCX,355,107.4292
LRCX,356,102.8095
LRCX,357,101.8236
LRCX,358,99.7226
LRCX,359,104.2674
LRCX,360,103.5988
LRCX,361,102.2598
LRCX,362,103.8284
LRCX,363,101.6545
LRCX,364,99.5135
LRCX,365,97.3803
LRCX,366,104.2937
LRCX,367,102.7097
LRCX,368,102.3522
LRCX,369,104.1492
LRCX,370,104.7120
LRCX,371,103.4332
LRCX,372,104.8089
LRCX,373,108.1726
LRCX,374,109.1475
LRCX,375,109.5295
LRCX,376,106.2782
LRCX,377,110.7050
LRCX,378,111.2338
LRCX,379,110.3281
LRCX,380,111.4243
LRCX,381,112.7556
LRCX,382,112.1006
LRCX,383,119.5276
LRCX,384,121.9559
LRCX,385,119.3474
LRCX,386,119.2829
LRCX,387,113.7450
LRCX,388,114.1558
LRCX,389,114.0554
LRCX,390,115.5162
LRCX,391,119.0044
LRCX,392,120.1107
LRCX,393,124.3049
LRCX,394,122.2431
LRCX,395,122.1370
LRCX,396,121.1296
LRCX,397,122.9427
LRCX,398,125.1233
LRCX,399,118.2251
LRCX,400,123.2762
LRCX,401,125.5924
LRCX,402,124.8206
LRCX,403,117.3565
LRCX,404,116.3944
LRCX,405,115.8348
LRCX,406,114.6975
LRCX,407,108.8909
LRCX,408,109.2651
LRCX,409,113.3260
LRCX,410,110.6872
LRCX,411,108.6364
LRCX,412,111.8803
LRCX,413,116.7902
LRCX,414,114.9905
LRCX,415,115.2986
LRCX,416,119.3707
LRCX,417,117.1963
LRCX,418,115.3935
LRCX,419,111.8347
LRCX,420,112.3421
LRCX,421,110.6998
LRCX,422,110.9127
LRCX,423,108.9858
LRCX,424,110.5562
LRCX,425,109.8878
LRCX,426,111.6125
LRCX,427,114.2626
LRCX,428,114.6772
LRCX,429,112.3784
LRCX,430,113.4017
LRCX,431,114.9344
LRCX,432,120.5345
LRCX,433,122.3234
LRCX,434,117.3202
LRCX,435,116.1343
LRCX,436,117.4745
LRCX,437,115.7717
LRCX,438,122.5410
LRCX,439,120.4487
LRCX,440,123.5591
LRCX,441,121.1237
LRCX,442,124.9063
LRCX,443,131.2369
LRCX,444,134.4223
LRCX,445,136.9160
LRCX,446,138.0921
LRCX,447,135.9189
LRCX,448,138.7563
LRCX,449,135.8346
LRCX,450,140.4570
LRCX,451,140.1943
LRCX,452,141.2608
LRCX,453,138.8467
LRCX,454,140.4317
LRCX,455,145.8654
LRCX,456,141.4206
LRCX,457,141.8665
LRCX,458,142.4271
LRCX,459,138.1393
LRCX,460,136.2858
LRCX,461,136.2679
LRCX,462,136.4421
LRCX,463,142.4005
LRCX,464,142.8942
LRCX,465,146.4241
LRCX,466,149.6061
LRCX,467,153.1584
LRCX,468,155.4900
LRCX,469,153.6030
LRCX,470,149.2882
LRCX,471,147.1847
LRCX,472,149.0068
LRCX,473,149.5645
LRCX,474,146.9306
LRCX,475,149.2285
LRCX,476,154.0158
LRCX,477,161.0749
LRCX,478,150.2925
LRCX,479,152.4282
LRCX,480,147.8826
LRCX,481,160.1113
LRCX,482,161.8056
LRCX,483,161.4135
LRCX,484,166.8174
LRCX,485,166.1826
LRCX,486,164.0448
LRCX,487,162.9384
LRCX,488,170.6042
LRCX,489,174.7508
LRCX,490,179.5613
LRCX,491,184.1558
LRCX,492,195.5764
LRCX,493,202.8726
LRCX,494,201.3298
LRCX,495,205.5668
LRCX,496,199.4207
LRCX,497,193.2997
LRCX,498,201.2626
LRCX,499,201.7902
LRCX,500,202.1491
LRCX,501,198.4167
LRCX,502,197.3033
LRCX,503,197.2349
LRCX,504,201.7381
KLAC,0,680.0000
KLAC,1,683.3274
KLAC,2,664.4335
KLAC,3,667.6985
KLAC,4,671.2855
KLAC,5,667.4010
KLAC,6,660.4294
KLAC,7,662.3449
KLAC,8,640.2850
KLAC,9,648.9249
KLAC,10,634.4274
KLAC,11,630.9736
KLAC,12,628.5897
KLAC,13,622.4047
KLAC,14,628.3008
KLAC,15,614.1922
KLAC,16,634.5531
KLAC,17,621.6985
KLAC,18,586.4631
KLAC,19,618.9589
KLAC,20,610.8977
KLAC,21,611.8809
KLAC,22,604.8508
KLAC,23,612.9770
KLAC,24,608.3109
KLAC,25,602.8945
KLAC,26,629.1728
KLAC,27,649.7308
KLAC,28,644.3050
KLAC,29,647.6830
KLAC,30,644.8034
KLAC,31,653.8072
KLAC,32,665.2777
KLAC,33,647.5531
KLAC,34,663.0507
KLAC,35,662.8825
KLAC,36,662.0241
KLAC,37,668.2478
KLAC,38,678.6707
KLAC,39,706.5293
KLAC,40,724.9815
KLAC,41,736.7394
KLAC,42,716.1607
KLAC,43,685.4590
KLAC,44,706.9640
KLAC,45,710.3622
KLAC,46,696.2061
KLAC,47,697.3661
KLAC,48,685.8505
KLAC,49,680.2468
KLAC,50,673.2665
KLAC,51,678.9460
KLAC,52,666.7896
KLAC,53,691.6228
KLAC,54,687.7309
KLAC,55,713.8231
KLAC,56,674.0115
KLAC,57,668.0197
KLAC,58,673.1155
KLAC,59,659.9536
KLAC,60,627.0444
KLAC,61,609.2943
KLAC,62,622.0064
KLAC,63,652.3361
KLAC,64,653.3343
KLAC,65,662.3626
KLAC,66,679.3835
KLAC,67,685.5877
KLAC,68,680.6273
KLAC,69,670.5162
KLAC,70,683.6059
KLAC,71,706.8357
KLAC,72,711.0794
KLAC,73,699.7763
KLAC,74,698.3624
KLAC,75,665.9484
KLAC,76,674.9487
KLAC,77,693.9573
KLAC,78,715.0287
KLAC,79,686.0943
KLAC,80,699.3363
KLAC,81,722.4129
KLAC,82,717.4404
KLAC,83,725.5018
KLAC,84,736.7562
KLAC,85,718.6738
KLAC,86,709.6204
KLAC,87,728.6748
KLAC,88,711.4113
KLAC,89,713.2768
KLAC,90,748.3266
KLAC,91,744.2447
KLAC,92,762.5282
KLAC,93,744.1969
KLAC,94,754.4173
KLAC,95,750.1554
KLAC,96,760.9050
KLAC,97,756.1690
KLAC,98,738.1347
KLAC,99,745.1262
KLAC,100,772.7990
KLAC,101,758.2512
KLAC,102,720.4596
KLAC,103,705.2974
KLAC,104,722.5592
KLAC,105,714.7415
KLAC,106,723.0613
KLAC,107,706.1130
KLAC,108,694.1768
KLAC,109,654.8946
KLAC,110,637.2058
KLAC,111,637.7341
KLAC,112,655.1166
KLAC,113,648.9487
KLAC,114,641.7120
KLAC,115,647.9926
KLAC,116,652.0639
KLAC,117,630.5022
KLAC,118,612.4712
KLAC,119,661.6404
KLAC,120,667.0675
KLAC,121,659.0629
KLAC,122,661.8801
KLAC,123,656.3512
KLAC,124,674.4422
KLAC,125,662.2308
KLAC,126,656.1903
KLAC,127,656.7203
KLAC,128,651.5077
KLAC,129,648.9238
KLAC,130,628.8321
KLAC,131,608.1097
KLAC,132,585.2725
KLAC,133,568.4002
KLAC,134,589.5686
KLAC,135,571.4723
KLAC,136,581.4447
KLAC,137,576.1798
KLAC,138,552.7550
KLAC,139,565.1829
KLAC,140,556.2404
KLAC,141,544.1423
KLAC,142,515.2742
KLAC,143,510.6713
KLAC,144,520.3771
KLAC,145,527.4988
KLAC,146,527.5154
KLAC,147,513.2657
KLAC,148,505.1665
KLAC,149,495.5299
KLAC,150,481.6015
KLAC,151,470.7837
KLAC,152,482.2926
KLAC,153,475.3770
KLAC,154,487.5745
KLAC,155,488.6167
KLAC,156,495.2829
KLAC,157,497.0022
KLAC,158,485.3525
KLAC,159,473.3588
KLAC,160,454.2465
KLAC,161,437.7875
KLAC,162,428.7723
KLAC,163,426.9256
KLAC,164,427.5417
KLAC,165,430.4280
KLAC,166,424.2323
KLAC,167,433.4770
KLAC,168,430.1554
KLAC,169,416.3155
KLAC,170,424.6398
KLAC,171,432.0424
KLAC,172,451.2468
KLAC,173,442.6444
KLAC,174,431.9267
KLAC,175,433.3393
KLAC,176,434.5090
KLAC,177,445.9788
KLAC,178,452.8850
KLAC,179,467.1831
KLAC,180,467.6050
KLAC,181,471.8508
KLAC,182,475.1259
KLAC,183,464.5719
KLAC,184,484.0562
KLAC,185,475.6482
KLAC,186,465.6032
KLAC,187,453.6123
KLAC,188,442.4313
KLAC,189,440.4359
KLAC,190,415.1874
KLAC,191,429.8509
KLAC,192,425.9961
KLAC,193,440.3608
KLAC,194,435.3750
KLAC,195,448.2486
KLAC,196,464.7756
KLAC,197,447.3593
KLAC,198,467.4439
KLAC,199,476.6535
KLAC,200,469.0582
KLAC,201,455.1241
KLAC,202,435.0961
KLAC,203,446.0805
KLAC,204,445.9754
KLAC,205,449.8097
KLAC,206,443.9379
KLAC,207,456.7559
KLAC,208,467.0284
KLAC,209,467.6620
KLAC,210,468.2139
KLAC,211,457.5794
KLAC,212,479.1101
KLAC,213,474.4610
KLAC,214,473.4797
KLAC,215,483.7398
KLAC,216,489.1583
KLAC,217,493.1714
KLAC,218,489.2626
KLAC,219,492.2263
KLAC,220,477.3917
KLAC,221,469.6081
KLAC,222,477.7257
KLAC,223,480.7086
KLAC,224,481.5663
KLAC,225,483.9773
KLAC,226,488.3153
KLAC,227,478.0685
KLAC,228,473.2514
KLAC,229,491.7079
KLAC,230,503.7898
KLAC,231,491.2281
KLAC,232,500.7629
KLAC,233,510.3702
KLAC,234,508.3576
KLAC,235,507.5595
KLAC,236,505.3575
KLAC,237,523.4861
KLAC,238,516.5663
KLAC,239,513.5911
KLAC,240,488.9747
KLAC,241,494.5817
KLAC,242,493.8199
KLAC,243,505.6582
KLAC,244,503.0061
KLAC,245,485.1335
KLAC,246,496.2638
KLAC,247,481.2945
KLAC,248,473.9294
KLAC,249,466.3707
KLAC,250,464.7581
KLAC,251,468.9519
KLAC,252,470.2608
KLAC,253,467.2313
KLAC,254,466.2571
KLAC,255,461.1213
KLAC,256,491.3485
KLAC,257,492.8418
KLAC,258,478.0857
KLAC,259,501.0441
KLAC,260,496.8844
KLAC,261,497.9120
KLAC,262,487.7608
KLAC,263,488.1753
KLAC,264,505.7556
KLAC,265,505.2360
KLAC,266,489.6733
KLAC,267,494.4101
KLAC,268,510.8783
KLAC,269,502.0336
KLAC,270,507.8028
KLAC,271,507.2325
KLAC,272,508.4524
KLAC,273,483.8466
KLAC,274,488.0345
KLAC,275,495.3478
KLAC,276,507.6414
KLAC,277,511.9402
KLAC,278,531.7430
KLAC,279,525.2924
KLAC,280,526.8886
KLAC,281,525.8770
KLAC,282,532.1489
KLAC,283,526.9978
KLAC,284,523.6003
KLAC,285,521.9532
KLAC,286,539.3469
KLAC,287,532.7408
KLAC,288,528.2827
KLAC,289,528.4323
KLAC,290,536.8449
KLAC,291,546.9949
KLAC,292,554.6439
KLAC,293,540.9489
KLAC,294,544.9750
KLAC,295,572.5964
KLAC,296,569.2575
KLAC,297,574.1647
KLAC,298,578.0190
KLAC,299,572.3214
KLAC,300,559.9265
KLAC,301,560.5798
KLAC,302,562.6850
KLAC,303,561.3295
KLAC,304,550.9658
KLAC,305,558.4643
KLAC,306,558.3336
KLAC,307,574.0083
KLAC,308,560.1791
KLAC,309,546.5845
KLAC,310,563.0467
KLAC,311,580.9059
KLAC,312,616.6241
KLAC,313,630.8602
KLAC,314,643.7576
KLAC,315,632.9246
KLAC,316,671.0346
KLAC,317,650.3433
KLAC,318,640.0442
KLAC,319,659.8671
KLAC,320,692.7174
KLAC,321,670.9721
KLAC,322,664.9068
KLAC,323,656.4614
KLAC,324,634.8566
KLAC,325,614.0000
KLAC,326,633.4672
KLAC,327,599.7511
KLAC,328,587.5228
KLAC,329,591.2933
KLAC,330,590.0002
KLAC,331,580.9745
KLAC,332,566.1867
KLAC,333,560.1647
KLAC,334,551.0397
KLAC,335,540.8526
KLAC,336,529.4080
KLAC,337,527.0711
KLAC,338,524.0983
KLAC,339,529.4667
KLAC,340,521.3552
KLAC,341,545.0880
KLAC,342,561.4093
KLAC,343,558.5715
KLAC,344,565.7686
KLAC,345,569.7111
KLAC,346,582.3453
KLAC,347,577.8153
KLAC,348,568.6768
KLAC,349,569.5887
KLAC,350,555.9339
KLAC,351,552.9203
KLAC,352,564.9727
KLAC,353,551.2600
KLAC,354,547.6114
KLAC,355,548.2728
KLAC,356,546.2567
KLAC,357,549.3683
KLAC,358,539.7513
KLAC,359,558.9099
KLAC,360,571.7186
KLAC,361,559.2391
KLAC,362,581.4937
KLAC,363,556.9311
KLAC,364,555.2731
KLAC,365,540.3168
KLAC,366,572.0234
KLAC,367,562.0658
KLAC,368,559.0667
KLAC,369,588.2046
KLAC,370,572.2373
KLAC,371,568.4042
KLAC,372,577.6279
KLAC,373,601.5530
KLAC,374,610.9866
KLAC,375,605.6280
KLAC,376,585.4453
KLAC,377,588.5453
KLAC,378,588.8858
KLAC,379,575.6496
KLAC,380,590.0325
KLAC,381,586.1875
KLAC,382,611.1291
KLAC,383,599.3594
KLAC,384,612.4328
KLAC,385,596.6129
KLAC,386,579.1334
KLAC,387,561.9902
KLAC,388,571.2182
KLAC,389,581.5989
KLAC,390,569.4585
KLAC,391,574.3969
KLAC,392,578.1407
KLAC,393,575.4462
KLAC,394,554.9041
KLAC,395,537.1573
KLAC,396,530.8880
KLAC,397,535.5943
KLAC,398,532.8213
KLAC,399,507.0788
KLAC,400,519.2940
KLAC,401,526.7977
KLAC,402,522.7149
KLAC,403,509.4942
KLAC,404,494.4457
KLAC,405,494.3809
KLAC,406,482.5152
KLAC,407,476.0659
KLAC,408,482.9343
KLAC,409,495.3873
KLAC,410,500.8717
KLAC,411,500.5339
KLAC,412,495.1981
KLAC,413,508.1039
KLAC,414,496.9608
KLAC,415,509.3721
KLAC,416,509.8676
KLAC,417,500.9914
KLAC,418,497.6541
KLAC,419,496.1428
KLAC,420,515.6028
KLAC,421,520.7213
KLAC,422,523.1307
KLAC,423,509.3439
KLAC,424,509.0625
KLAC,425,505.4362
KLAC,426,497.7633
KLAC,427,504.2850
KLAC,428,495.8820
KLAC,429,491.7275
KLAC,430,485.4773
KLAC,431,480.6876
KLAC,432,504.6287
KLAC,433,509.6499
KLAC,434,505.1596
KLAC,435,509.3372
KLAC,436,508.8749
KLAC,437,506.8123
KLAC,438,536.5996
KLAC,439,517.9121
KLAC,440,524.1727
KLAC,441,510.5271
KLAC,442,536.5360
KLAC,443,555.8915
KLAC,444,558.2006
KLAC,445,572.3388
KLAC,446,569.4715
KLAC,447,555.9364
KLAC,448,556.7003
KLAC,449,552.2012
KLAC,450,547.1421
KLAC,451,538.8240
KLAC,452,545.9043
KLAC,453,548.9914
KLAC,454,541.2343
KLAC,455,545.6265
KLAC,456,542.8966
KLAC,457,554.2276
KLAC,458,565.5092
KLAC,459,564.1007
KLAC,460,554.0039
KLAC,461,560.4913
KLAC,462,552.0800
KLAC,463,561.4478
KLAC,464,570.2938
KLAC,465,585.6724
KLAC,466,570.6251
KLAC,467,590.5197
KLAC,468,592.8522
KLAC,469,580.7000
KLAC,470,559.2829
KLAC,471,540.6360
KLAC,472,530.3618
KLAC,473,526.2398
KLAC,474,514.7393
KLAC,475,514.2021
KLAC,476,518.1350
KLAC,477,545.2976
KLAC,478,523.3961
KLAC,479,529.8757
KLAC,480,500.2345
KLAC,481,531.4083
KLAC,482,540.2692
KLAC,483,542.5178
KLAC,484,557.5306
KLAC,485,551.1428
KLAC,486,548.4887
KLAC,487,544.4999
KLAC,488,576.3943
KLAC,489,589.6771
KLAC,490,593.6277
KLAC,491,615.0202
KLAC,492,637.3820
KLAC,493,656.1729
KLAC,494,669.8301
KLAC,495,673.0462
KLAC,496,669.8544
KLAC,497,646.0052
KLAC,498,667.0450
KLAC,499,678.3631
KLAC,500,670.3993
KLAC,501,677.7722
KLAC,502,691.2146
KLAC,503,685.0521
KLAC,504,692.2067
GOOGL,0,140.0000
GOOGL,1,139.2915
GOOGL,2,139.4030
GOOGL,3,143.1529
GOOGL,4,143.1780
GOOGL,5,148.2353
GOOGL,6,148.0026
GOOGL,7,151.6105
GOOGL,8,150.4955
GOOGL,9,148.6614
GOOGL,10,151.3727
GOOGL,11,150.8916
GOOGL,12,149.7659
GOOGL,13,149.6436
GOOGL,14,151.6579
GOOGL,15,150.7867
GOOGL,16,153.8095
GOOGL,17,150.3647
GOOGL,18,149.9590
GOOGL,19,155.5302
GOOGL,20,149.9544
GOOGL,21,148.0029
GOOGL,22,149.0522
GOOGL,23,155.3772
GOOGL,24,153.3374
GOOGL,25,156.0373
GOOGL,26,162.2155
GOOGL,27,162.5340
GOOGL,28,161.5922
GOOGL,29,165.0877
GOOGL,30,163.5681
GOOGL,31,164.0697
GOOGL,32,163.7786
GOOGL,33,158.3477
GOOGL,34,159.1541
GOOGL,35,152.5088
GOOGL,36,152.6467
GOOGL,37,157.5845
GOOGL,38,161.9782
GOOGL,39,165.5047
GOOGL,40,164.3413
GOOGL,41,163.3369
GOOGL,42,160.3129
GOOGL,43,156.9879
GOOGL,44,159.3147
GOOGL,45,157.8143
GOOGL,46,155.9419
GOOGL,47,158.5690
GOOGL,48,156.7542
GOOGL,49,155.9998
GOOGL,50,152.5835
GOOGL,51,154.3768
GOOGL,52,150.9919
GOOGL,53,152.0862
GOOGL,54,151.4085
GOOGL,55,159.1215
GOOGL,56,154.3882
GOOGL,57,152.7952
GOOGL,58,149.6399
GOOGL,59,145.0791
GOOGL,60,140.5516
GOOGL,61,136.7886
GOOGL,62,138.0383
GOOGL,63,141.7025
GOOGL,64,140.8080
GOOGL,65,137.3537
GOOGL,66,137.6410
GOOGL,67,141.2601
GOOGL,68,142.8273
GOOGL,69,144.3357
GOOGL,70,152.0501
GOOGL,71,156.6166
GOOGL,72,159.3269
GOOGL,73,157.4592
GOOGL,74,156.9265
GOOGL,75,149.8886
GOOGL,76,150.7279
GOOGL,77,154.6787
GOOGL,78,154.5239
GOOGL,79,155.5662
GOOGL,80,154.1783
GOOGL,81,157.8887
GOOGL,82,157.2712
GOOGL,83,159.3821
GOOGL,84,159.3900
GOOGL,85,157.1019
GOOGL,86,153.6956
GOOGL,87,153.9471
GOOGL,88,151.2733
GOOGL,89,153.9190
GOOGL,90,158.6067
GOOGL,91,158.1870
GOOGL,92,160.3963
GOOGL,93,155.5854
GOOGL,94,156.6549
GOOGL,95,157.9461
GOOGL,96,157.3467
GOOGL,97,155.0442
GOOGL,98,156.7134
GOOGL,99,161.0132
GOOGL,100,163.2913
GOOGL,101,163.1408
GOOGL,102,154.5657
GOOGL,103,153.9785
GOOGL,104,156.1521
GOOGL,105,159.6917
GOOGL,106,165.2229
GOOGL,107,163.9240
GOOGL,108,163.8624
GOOGL,109,159.1070
GOOGL,110,156.1658
GOOGL,111,151.8420
GOOGL,112,152.5707
GOOGL,113,157.1353
GOOGL,114,155.1897
GOOGL,115,157.8683
GOOGL,116,157.1107
GOOGL,117,155.6107
GOOGL,118,149.6070
GOOGL,119,156.7248
GOOGL,120,155.5489
GOOGL,121,153.6613
GOOGL,122,152.2163
GOOGL,123,150.7941
GOOGL,124,155.5201
GOOGL,125,149.1395
GOOGL,126,150.2258
GOOGL,127,144.9733
GOOGL,128,146.6362
GOOGL,129,147.6912
GOOGL,130,150.3754
GOOGL,131,149.4972
GOOGL,132,147.1178
GOOGL,133,145.1324
GOOGL,134,146.0487
GOOGL,135,149.0559
GOOGL,136,148.4223
GOOGL,137,147.3233
GOOGL,138,144.5842
GOOGL,139,144.7905
GOOGL,140,144.0869
GOOGL,141,139.5917
GOOGL,142,135.9490
GOOGL,143,137.0327
GOOGL,144,139.3216
GOOGL,145,141.4337
GOOGL,146,142.0996
GOOGL,147,139.5825
GOOGL,148,137.6635
GOOGL,149,134.3720
GOOGL,150,132.2561
GOOGL,151,128.2121
GOOGL,152,128.0498
GOOGL,153,128.5738
GOOGL,154,127.8052
GOOGL,155,129.3787
GOOGL,156,132.1616
GOOGL,157,133.1294
GOOGL,158,130.9402
GOOGL,159,130.3723
GOOGL,160,126.6636
GOOGL,161,127.1826
GOOGL,162,125.6910
GOOGL,163,121.9508
GOOGL,164,121.5796
GOOGL,165,120.8311
GOOGL,166,119.8653
GOOGL,167,122.3832
GOOGL,168,120.1811
GOOGL,169,120.2529
GOOGL,170,122.7406
GOOGL,171,126.6299
GOOGL,172,128.2681
GOOGL,173,126.3484
GOOGL,174,124.2335
GOOGL,175,122.8169
GOOGL,176,121.1207
GOOGL,177,124.8856
GOOGL,178,126.2645
GOOGL,179,130.0867
GOOGL,180,131.5474
GOOGL,181,134.0382
GOOGL,182,134.2557
GOOGL,183,133.0666
GOOGL,184,131.6508
GOOGL,185,132.5642
GOOGL,186,134.6203
GOOGL,187,136.5787
GOOGL,188,135.5773
GOOGL,189,135.8957
GOOGL,190,132.3057
GOOGL,191,135.7938
GOOGL,192,136.4498
GOOGL,193,136.9660
GOOGL,194,136.9411
GOOGL,195,141.6824
GOOGL,196,143.3896
GOOGL,197,139.9120
GOOGL,198,144.1190
GOOGL,199,142.8938
GOOGL,200,141.8370
GOOGL,201,138.4621
GOOGL,202,135.8951
GOOGL,203,139.3937
GOOGL,204,140.6095
GOOGL,205,141.2184
GOOGL,206,140.0867
GOOGL,207,139.7065
GOOGL,208,140.0699
GOOGL,209,141.0006
GOOGL,210,141.7817
GOOGL,211,146.3323
GOOGL,212,147.1230
GOOGL,213,147.8725
GOOGL,214,148.7672
GOOGL,215,147.7300
GOOGL,216,148.8880
GOOGL,217,152.5126
GOOGL,218,149.2441
GOOGL,219,151.6496
GOOGL,220,149.7497
GOOGL,221,150.1752
GOOGL,222,151.3045
GOOGL,223,148.6197
GOOGL,224,147.1180
GOOGL,225,145.4570
GOOGL,226,146.9593
GOOGL,227,147.8588
GOOGL,228,144.1744
GOOGL,229,145.9459
GOOGL,230,145.3239
GOOGL,231,144.4608
GOOGL,232,147.8641
GOOGL,233,149.6657
GOOGL,234,152.4713
GOOGL,235,149.5154
GOOGL,236,147.8011
GOOGL,237,154.7874
GOOGL,238,156.3510
GOOGL,239,160.1041
GOOGL,240,156.6472
GOOGL,241,155.7710
GOOGL,242,153.5013
GOOGL,243,156.1420
GOOGL,244,158.9205
GOOGL,245,154.5372
GOOGL,246,162.3346
GOOGL,247,160.1018
GOOGL,248,165.9860
GOOGL,249,165.2780
GOOGL,250,172.4752
GOOGL,251,176.1192
GOOGL,252,174.2121
GOOGL,253,177.4252
GOOGL,254,174.5668
GOOGL,255,174.9999
GOOGL,256,179.0072
GOOGL,257,174.9768
GOOGL,258,173.3164
GOOGL,259,177.1909
GOOGL,260,175.6297
GOOGL,261,176.3160
GOOGL,262,175.6372
GOOGL,263,178.5493
GOOGL,264,176.2333
GOOGL,265,179.2068
GOOGL,266,174.2407
GOOGL,267,172.1952
GOOGL,268,175.9403
GOOGL,269,178.9554
GOOGL,270,181.7300
GOOGL,271,178.3530
GOOGL,272,174.6974
GOOGL,273,174.3345
GOOGL,274,170.6171
GOOGL,275,165.8276
GOOGL,276,169.6156
GOOGL,277,172.3285
GOOGL,278,173.8046
GOOGL,279,174.5699
GOOGL,280,174.4930
GOOGL,281,170.9917
GOOGL,282,167.6178
GOOGL,283,165.0802
GOOGL,284,162.3571
GOOGL,285,162.8417
GOOGL,286,166.4085
GOOGL,287,163.3191
GOOGL,288,166.6824
GOOGL,289,167.2064
GOOGL,290,165.1685
GOOGL,291,164.9154
GOOGL,292,169.2124
GOOGL,293,168.8708
GOOGL,294,170.9762
GOOGL,295,169.0120
GOOGL,296,170.1770
GOOGL,297,176.4305
GOOGL,298,176.1245
GOOGL,299,176.6405
GOOGL,300,177.7842
GOOGL,301,178.1648
GOOGL,302,175.5284
GOOGL,303,173.2511
GOOGL,304,166.1612
GOOGL,305,169.9264
GOOGL,306,172.0835
GOOGL,307,174.0772
GOOGL,308,171.4087
GOOGL,309,172.1784
GOOGL,310,175.2474
GOOGL,311,176.6499
GOOGL,312,183.2993
GOOGL,313,188.1631
GOOGL,314,190.0823
GOOGL,315,193.1360
GOOGL,316,194.8127
GOOGL,317,194.7464
GOOGL,318,192.3284
GOOGL,319,192.9046
GOOGL,320,197.9051
GOOGL,321,193.6525
GOOGL,322,191.0239
GOOGL,323,190.9340
GOOGL,324,187.3246
GOOGL,325,184.2098
GOOGL,326,182.2026
GOOGL,327,178.3970
GOOGL,328,182.4876
GOOGL,329,184.0290
GOOGL,330,185.5586
GOOGL,331,184.3709
GOOGL,332,184.9671
GOOGL,333,183.6190
GOOGL,334,184.9775
GOOGL,335,182.3242
GOOGL,336,182.4873
GOOGL,337,183.8959
GOOGL,338,185.4685
GOOGL,339,185.2749
GOOGL,340,181.4748
GOOGL,341,182.1051
GOOGL,342,183.5568
GOOGL,343,178.1377
GOOGL,344,180.5087
GOOGL,345,181.3687
GOOGL,346,181.9673
GOOGL,347,180.4251
GOOGL,348,178.3601
GOOGL,349,179.1637
GOOGL,350,180.9508
GOOGL,351,182.8733
GOOGL,352,186.5789
GOOGL,353,188.8623
GOOGL,354,188.7758
GOOGL,355,183.0052
GOOGL,356,182.3946
GOOGL,357,183.0865
GOOGL,358,181.8962
GOOGL,359,184.4438
GOOGL,360,189.5817
GOOGL,361,182.0144
GOOGL,362,185.6690
GOOGL,363,181.4005
GOOGL,364,178.9353
GOOGL,365,178.6243
GOOGL,366,180.7414
GOOGL,367,179.6361
GOOGL,368,172.3467
GOOGL,369,174.1488
GOOGL,370,170.9488
GOOGL,371,167.4115
GOOGL,372,167.8301
GOOGL,373,168.7075
GOOGL,374,169.8736
GOOGL,375,171.1540
GOOGL,376,168.1902
GOOGL,377,167.5859
GOOGL,378,171.5535
GOOGL,379,170.1803
GOOGL,380,171.4823
GOOGL,381,179.1054
GOOGL,382,182.2705
GOOGL,383,181.3791
GOOGL,384,182.2146
GOOGL,385,179.7009
GOOGL,386,173.4049
GOOGL,387,171.5142
GOOGL,388,167.4594
GOOGL,389,168.4021
GOOGL,390,169.9002
GOOGL,391,175.7363
GOOGL,392,173.7947
GOOGL,393,169.5428
GOOGL,394,167.1112
GOOGL,395,169.4578
GOOGL,396,164.6166
GOOGL,397,166.2389
GOOGL,398,164.5428
GOOGL,399,159.2456
GOOGL,400,164.7474
GOOGL,401,168.2749
GOOGL,402,168.2921
GOOGL,403,169.2494
GOOGL,404,168.5735
GOOGL,405,169.7956
GOOGL,406,166.0876
GOOGL,407,165.1424
GOOGL,408,167.2279
GOOGL,409,171.1286
GOOGL,410,169.4445
GOOGL,411,168.6388
GOOGL,412,170.4133
GOOGL,413,173.0215
GOOGL,414,172.3321
GOOGL,415,167.0930
GOOGL,416,165.3882
GOOGL,417,160.9093
GOOGL,418,162.5329
GOOGL,419,158.5051
GOOGL,420,160.2654
GOOGL,421,157.8866
GOOGL,422,160.1413
GOOGL,423,158.5620
GOOGL,424,158.2281
GOOGL,425,160.4090
GOOGL,426,157.1322
GOOGL,427,157.9336
GOOGL,428,157.5868
GOOGL,429,157.4390
GOOGL,430,161.3755
GOOGL,431,159.6612
GOOGL,432,159.7230
GOOGL,433,158.3515
GOOGL,434,155.9447
GOOGL,435,158.3955
GOOGL,436,161.6723
GOOGL,437,159.8210
GOOGL,438,168.0439
GOOGL,439,166.4115
GOOGL,440,167.1597
GOOGL,441,162.1384
GOOGL,442,165.1853
GOOGL,443,166.3768
GOOGL,444,169.4700
GOOGL,445,174.6586
GOOGL,446,174.2990
GOOGL,447,171.0383
GOOGL,448,174.3846
GOOGL,449,174.5605
GOOGL,450,168.6865
GOOGL,451,172.1326
GOOGL,452,175.2161
GOOGL,453,176.5016
GOOGL,454,171.7485
GOOGL,455,176.3185
GOOGL,456,174.2030
GOOGL,457,177.2780
GOOGL,458,183.0454
GOOGL,459,177.3187
GOOGL,460,180.1743
GOOGL,461,184.0622
GOOGL,462,180.9636
GOOGL,463,182.8903
GOOGL,464,184.6897
GOOGL,465,183.8178
GOOGL,466,185.8401
GOOGL,467,187.3597
GOOGL,468,186.4957
GOOGL,469,182.6274
GOOGL,470,177.3703
GOOGL,471,178.9257
GOOGL,472,177.0550
GOOGL,473,177.7648
GOOGL,474,176.7995
GOOGL,475,179.7639
GOOGL,476,180.3532
GOOGL,477,179.4638
GOOGL,478,174.1783
GOOGL,479,172.9400
GOOGL,480,166.5024
GOOGL,481,170.9355
GOOGL,482,173.0993
GOOGL,483,176.5477
GOOGL,484,177.6495
GOOGL,485,175.2565
GOOGL,486,172.5855
GOOGL,487,170.1746
GOOGL,488,179.3574
GOOGL,489,184.3917
GOOGL,490,192.9902
GOOGL,491,199.6982
GOOGL,492,204.3109
GOOGL,493,208.9510
GOOGL,494,214.4363
GOOGL,495,213.0084
GOOGL,496,214.0704
GOOGL,497,208.9929
GOOGL,498,213.6527
GOOGL,499,211.5598
GOOGL,500,207.8268
GOOGL,501,209.4720
GOOGL,502,207.5696
GOOGL,503,208.8481
GOOGL,504,204.9655
META,0,480.0000
META,1,486.0946
META,2,485.5843
META,3,491.5143
META,4,505.6304
META,5,527.2950
META,6,536.2670
META,7,534.5163
META,8,506.1828
META,9,500.1939
META,10,504.7658
META,11,510.3868
META,12,523.8481
META,13,522.9324
META,14,524.8613
META,15,522.2617
META,16,519.7772
META,17,529.6457
META,18,513.9575
META,19,524.8686
META,20,502.8510
META,21,488.8921
META,22,491.6600
META,23,507.1152
META,24,495.6509
META,25,473.4221
META,26,486.3484
META,27,499.7923
META,28,505.6086
META,29,510.9481
META,30,505.2476
META,31,518.7792
META,32,520.5148
META,33,504.0855
META,34,507.8107
META,35,492.7835
META,36,482.4193
META,37,480.6242
META,38,485.9335
META,39,496.0194
META,40,494.2516
META,41,492.0967
META,42,487.3559
META,43,483.2352
META,44,480.9044
META,45,479.0735
META,46,469.7414
META,47,474.6179
META,48,467.0454
META,49,473.7268
META,50,458.8648
META,51,452.9883
META,52,452.9630
META,53,456.8213
META,54,460.9651
META,55,475.1843
META,56,473.4182
META,57,479.3036
META,58,477.7325
META,59,454.3351
META,60,453.1252
META,61,446.7265
META,62,447.2608
META,63,483.2672
META,64,476.3414
META,65,467.2563
META,66,479.1099
META,67,507.4347
META,68,516.5795
META,69,516.4778
META,70,524.4779
META,71,542.8417
META,72,547.1034
META,73,535.0445
META,74,523.6072
META,75,496.9829
META,76,502.0374
META,77,507.3407
META,78,528.8705
META,79,513.7530
META,80,516.3753
META,81,534.4192
META,82,530.3462
META,83,531.5557
META,84,539.7166
META,85,546.4172
META,86,529.1846
META,87,535.5398
META,88,520.0078
META,89,518.9567
META,90,544.8835
META,91,536.2882
META,92,534.8100
META,93,524.9335
META,94,538.6634
META,95,539.3248
META,96,535.5631
META,97,535.3849
META,98,536.5755
META,99,541.7132
META,100,564.3027
META,101,559.5916
META,102,543.4736
META,103,529.9540
META,104,542.3022
META,105,546.1986
META,106,564.7945
META,107,539.1877
META,108,535.1608
META,109,511.1430
META,110,503.1811
META,111,493.5633
META,112,504.2571
META,113,516.1238
META,114,503.3931
META,115,524.1888
META,116,500.4595
META,117,505.6413
META,118,485.9826
META,119,508.4838
META,120,504.7328
META,121,497.4933
META,122,500.8963
META,123,497.5721
META,124,510.6913
META,125,492.0042
META,126,501.8123
META,127,486.5069
META,128,488.4671
META,129,503.1084
META,130,502.9133
META,131,491.0301
META,132,471.7508
META,133,463.5883
META,134,472.8693
META,135,469.1541
META,136,478.5940
META,137,458.4193
META,138,449.8698
META,139,473.8359
META,140,466.2894
META,141,449.7691
META,142,439.0307
META,143,443.6084
META,144,433.7762
META,145,422.3624
META,146,422.5218
META,147,399.6129
META,148,386.4749
META,149,379.1195
META,150,364.4609
META,151,348.5490
META,152,354.4583
META,153,342.6122
META,154,354.5542
META,155,353.1889
META,156,374.9402
META,157,370.2904
META,158,374.2456
META,159,372.1073
META,160,361.7946
META,161,354.7235
META,162,346.5188
META,163,339.9821
META,164,342.8362
META,165,336.4552
META,166,336.2501
META,167,340.2394
META,168,333.7889
META,169,338.4534
META,170,338.6587
META,171,337.5492
META,172,339.6008
META,173,331.5801
META,174,321.9970
META,175,327.1767
META,176,318.9417
META,177,332.4025
META,178,337.4275
META,179,360.2654
META,180,352.8881
META,181,344.9165
META,182,346.8599
META,183,345.4598
META,184,348.9531
META,185,352.0626
META,186,348.6561
META,187,347.9581
META,188,344.8891
META,189,349.8429
META,190,337.5043
META,191,358.3914
META,192,372.3979
META,193,382.9591
META,194,377.4398
META,195,380.0011
META,196,382.4454
META,197,387.1330
META,198,392.5238
META,199,394.9039
META,200,392.0036
META,201,384.6827
META,202,380.9622
META,203,396.5292
META,204,402.5366
META,205,413.8403
META,206,400.8812
META,207,400.8669
META,208,407.7032
META,209,412.6407
META,210,415.9636
META,211,416.2266
META,212,432.3439
META,213,423.2047
META,214,423.0427
META,215,426.9569
META,216,439.7739
META,217,438.4072
META,218,431.9936
META,219,427.6512
META,220,415.3158
META,221,416.7050
META,222,418.9782
META,223,413.0141
META,224,416.1613
META,225,420.8878
META,226,419.5882
META,227,422.3998
META,228,410.6503
META,229,418.0184
META,230,421.6692
META,231,413.6238
META,232,415.2876
META,233,421.3890
META,234,430.5480
META,235,414.3293
META,236,403.2008
META,237,409.5244
META,238,418.9048
META,239,419.2178
META,240,399.6074
META,241,387.6078
META,242,385.5945
META,243,381.4028
META,244,387.9094
META,245,380.1681
META,246,397.2358
META,247,382.6305
META,248,387.9572
META,249,391.8126
META,250,392.9075
META,251,399.2746
META,252,393.5443
META,253,406.4422
META,254,403.9150
META,255,410.2112
META,256,430.3814
META,257,425.9471
META,258,428.8530
META,259,432.4869
META,260,414.6638
META,261,417.8726
META,262,421.2054
META,263,425.4941
META,264,434.7800
META,265,428.0675
META,266,412.9833
META,267,410.9156
META,268,421.9452
META,269,423.9882
META,270,426.2861
META,271,427.6301
META,272,416.6199
META,273,404.9105
META,274,402.1609
META,275,394.5331
META,276,406.8622
META,277,421.2480
META,278,421.3374
META,279,425.5606
META,280,425.3049
META,281,419.9088
META,282,415.6774
META,283,417.1190
META,284,409.5114
META,285,391.6947
META,286,399.9184
META,287,390.0522
META,288,397.1011
META,289,398.8089
META,290,406.0021
META,291,417.8532
META,292,428.3133
META,293,417.3646
META,294,418.8255
META,295,435.0912
META,296,425.7319
META,297,423.9162
META,298,430.6662
META,299,425.9158
META,300,438.7230
META,301,431.8130
META,302,424.7625
META,303,418.4198
META,304,408.8787
META,305,425.2364
META,306,429.1903
META,307,424.6034
META,308,423.5811
META,309,417.8659
META,310,411.8986
META,311,422.8688
META,312,445.4956
META,313,447.8332
META,314,434.5476
META,315,435.5383
META,316,439.6845
META,317,429.9329
META,318,422.1800
META,319,423.5000
META,320,430.1398
META,321,435.1598
META,322,427.3590
META,323,422.4721
META,324,408.6464
META,325,400.0872
META,326,400.7618
META,327,388.6892
META,328,390.1490
META,329,392.8800
META,330,388.9750
META,331,394.6863
META,332,381.7849
META,333,389.0667
META,334,399.3697
META,335,388.2405
META,336,386.1545
META,337,386.0282
META,338,389.8353
META,339,396.4894
META,340,392.8323
META,341,411.6790
META,342,414.0473
META,343,405.2422
META,344,421.6823
META,345,429.8141
META,346,432.5399
META,347,429.4104
META,348,430.7372
META,349,421.8850
META,350,430.3232
META,351,431.8510
META,352,439.0166
META,353,439.4673
META,354,436.2059
META,355,424.1480
META,356,420.6677
META,357,423.3859
META,358,417.9791
META,359,414.5970
META,360,418.3957
META,361,421.3597
META,362,431.6975
META,363,428.5709
META,364,418.4224
META,365,414.3586
META,366,419.9926
META,367,407.7543
META,368,396.3354
META,369,398.5706
META,370,384.5736
META,371,375.9134
META,372,378.4710
META,373,381.6211
META,374,377.6179
META,375,378.1305
META,376,375.1858
META,377,382.4664
META,378,379.1797
META,379,380.9169
META,380,383.7837
META,381,382.7776
META,382,389.1545
META,383,390.1555
META,384,399.0252
META,385,382.4174
META,386,381.6622
META,387,366.7655
META,388,357.9794
META,389,352.5285
META,390,345.2899
META,391,351.3254
META,392,351.2127
META,393,349.9537
META,394,335.4826
META,395,341.9790
META,396,336.3568
META,397,338.8299
META,398,336.6488
META,399,334.7701
META,400,336.5380
META,401,332.9369
META,402,330.9771
META,403,317.0144
META,404,319.2982
META,405,318.4806
META,406,317.9649
META,407,318.2726
META,408,325.2289
META,409,331.2451
META,410,335.0098
META,411,338.5980
META,412,332.9330
META,413,332.6034
META,414,334.3737
META,415,334.5270
META,416,333.9178
META,417,330.2077
META,418,330.7318
META,419,329.7759
META,420,331.3637
META,421,338.8257
META,422,336.5947
META,423,333.8377
META,424,340.8274
META,425,329.5367
META,426,329.2823
META,427,330.7367
META,428,330.2465
META,429,327.4888
META,430,329.3681
META,431,317.9582
META,432,320.4752
META,433,311.8549
META,434,308.0805
META,435,305.1755
META,436,305.1575
META,437,296.8116
META,438,311.2473
META,439,299.8406
META,440,307.4150
META,441,310.3498
META,442,312.1425
META,443,326.1596
META,444,331.4321
META,445,338.5563
META,446,349.1328
META,447,348.9813
META,448,347.5957
META,449,339.5822
META,450,335.8685
META,451,325.7671
META,452,327.9806
META,453,326.1172
META,454,323.8315
META,455,329.2827
META,456,322.6457
META,457,326.9173
META,458,336.6656
META,459,324.6836
META,460,335.8125
META,461,336.5053
META,462,327.1938
META,463,344.8329
META,464,334.0084
META,465,335.2107
META,466,345.7799
META,467,353.0172
META,468,360.0079
META,469,355.4842
META,470,341.7644
META,471,340.5831
META,472,346.8147
META,473,341.4558
META,474,334.4365
META,475,344.9803
META,476,348.7763
META,477,365.0021
META,478,355.5693
META,479,343.0842
META,480,326.6476
META,481,334.8828
META,482,330.2165
META,483,333.9256
META,484,340.3365
META,485,338.4038
META,486,339.9320
META,487,346.1735
META,488,361.9031
META,489,379.9898
META,490,383.6652
META,491,398.2708
META,492,416.4392
META,493,424.3914
META,494,426.3036
META,495,417.8805
META,496,414.1515
META,497,404.1929
META,498,423.3991
META,499,412.0653
META,500,405.0873
META,501,412.5371
META,502,419.1259
META,503,417.6868
META,504,419.3939
NFLX,0,600.0000
NFLX,1,598.5453
NFLX,2,591.9176
NFLX,3,600.9297
NFLX,4,588.8517
NFLX,5,608.6508
NFLX,6,604.2681
NFLX,7,598.4502
NFLX,8,576.7573
NFLX,9,554.3077
NFLX,10,546.0301
NFLX,11,544.5486
NFLX,12,542.4404
NFLX,13,528.2593
NFLX,14,531.9478
NFLX,15,533.7098
NFLX,16,546.4888
NFLX,17,539.3932
NFLX,18,519.5472
NFLX,19,543.1214
NFLX,20,503.5000
NFLX,21,498.2302
NFLX,22,490.0769
NFLX,23,508.7628
NFLX,24,508.9142
NFLX,25,506.0914
NFLX,26,523.8032
NFLX,27,539.9648
NFLX,28,533.4227
NFLX,29,544.4531
NFLX,30,541.6548
NFLX,31,548.6308
NFLX,32,556.5485
NFLX,33,549.6190
NFLX,34,562.1538
NFLX,35,525.2489
NFLX,36,512.0379
NFLX,37,514.9540
NFLX,38,521.3568
NFLX,39,540.2389
NFLX,40,550.5321
NFLX,41,543.4444
NFLX,42,536.7917
NFLX,43,530.6950
NFLX,44,528.1344
NFLX,45,527.1138
NFLX,46,522.9112
NFLX,47,509.5649
NFLX,48,515.3855
NFLX,49,521.8188
NFLX,50,520.9752
NFLX,51,511.3188
NFLX,52,488.6471
NFLX,53,500.2260
NFLX,54,482.0020
NFLX,55,494.8268
NFLX,56,492.8194
NFLX,57,500.9865
NFLX,58,481.3407
NFLX,59,465.8861
NFLX,60,459.0685
NFLX,61,447.8615
NFLX,62,440.3310
NFLX,63,458.5619
NFLX,64,456.9593
NFLX,65,450.7312
NFLX,66,455.0463
NFLX,67,455.6624
NFLX,68,454.4291
NFLX,69,456.2078
NFLX,70,470.0473
NFLX,71,489.0151
NFLX,72,484.8871
NFLX,73,480.9760
NFLX,74,469.6950
NFLX,75,455.0153
NFLX,76,465.5291
NFLX,77,465.4907
NFLX,78,486.3581
NFLX,79,482.0609
NFLX,80,478.5837
NFLX,81,467.5287
NFLX,82,452.7417
NFLX,83,472.1230
NFLX,84,478.0087
NFLX,85,478.1067
NFLX,86,472.6918
NFLX,87,477.2049
NFLX,88,465.5500
NFLX,89,459.5311
NFLX,90,476.2097
NFLX,91,446.4599
NFLX,92,469.4706
NFLX,93,443.1072
NFLX,94,439.1466
NFLX,95,433.3958
NFLX,96,437.5082
NFLX,97,427.9612
NFLX,98,426.0393
NFLX,99,435.2881
NFLX,100,443.4578
NFLX,101,435.9002
NFLX,102,418.4692
NFLX,103,418.1746
NFLX,104,434.9207
NFLX,105,435.1624
NFLX,106,460.4244
NFLX,107,451.7342
NFLX,108,439.0341
NFLX,109,413.4182
NFLX,110,399.6718
NFLX,111,391.2217
NFLX,112,393.8018
NFLX,113,394.8169
NFLX,114,375.4661
NFLX,115,389.3083
NFLX,116,377.1625
NFLX,117,371.2509
NFLX,118,368.0091
NFLX,119,380.6420
NFLX,120,386.3042
NFLX,121,375.9314
NFLX,122,379.7596
NFLX,123,383.9625
NFLX,124,390.5295
NFLX,125,383.3897
NFLX,126,388.7450
NFLX,127,382.1685
NFLX,128,394.0163
NFLX,129,397.3106
NFLX,130,384.2311
NFLX,131,367.1876
NFLX,132,351.7829
NFLX,133,343.4616
NFLX,134,349.7894
NFLX,135,350.8032
NFLX,136,346.0828
NFLX,137,341.7483
NFLX,138,332.6131
NFLX,139,336.8119
NFLX,140,343.7469
NFLX,141,340.5482
NFLX,142,329.1575
NFLX,143,340.7050
NFLX,144,337.1558
NFLX,145,345.6867
NFLX,146,343.6732
NFLX,147,339.5852
NFLX,148,323.7969
NFLX,149,310.2953
NFLX,150,306.7880
NFLX,151,294.2925
NFLX,152,293.4902
NFLX,153,289.0456
NFLX,154,291.0487
NFLX,155,295.4125
NFLX,156,311.4337
NFLX,157,306.2419
NFLX,158,302.5540
NFLX,159,292.0581
NFLX,160,282.4093
NFLX,161,271.7941
NFLX,162,268.6128
NFLX,163,263.5469
NFLX,164,260.6300
NFLX,165,263.6421
NFLX,166,256.8297
NFLX,167,266.2821
NFLX,168,260.6748
NFLX,169,263.8285
NFLX,170,265.8258
NFLX,171,275.3552
NFLX,172,276.7448
NFLX,173,275.5438
NFLX,174,267.6302
NFLX,175,263.8940
NFLX,176,257.4736
NFLX,177,263.0821
NFLX,178,268.2755
NFLX,179,274.5940
NFLX,180,284.3220
NFLX,181,287.2041
NFLX,182,289.6449
NFLX,183,293.1358
NFLX,184,301.6885
NFLX,185,313.9177
NFLX,186,311.8853
NFLX,187,305.8755
NFLX,188,295.3782
NFLX,189,301.1843
NFLX,190,293.4190
NFLX,191,305.4760
NFLX,192,311.5796
NFLX,193,327.3590
NFLX,194,332.5786
NFLX,195,336.9561
NFLX,196,336.8002
NFLX,197,333.3856
NFLX,198,349.9434
NFLX,199,356.7475
NFLX,200,351.2556
NFLX,201,347.0081
NFLX,202,328.0934
NFLX,203,332.1561
NFLX,204,331.7038
NFLX,205,320.6850
NFLX,206,320.0260
NFLX,207,316.2825
NFLX,208,323.8359
NFLX,209,321.6403
NFLX,210,314.9464
NFLX,211,319.2991
NFLX,212,315.9862
NFLX,213,315.4186
NFLX,214,313.4932
NFLX,215,327.1179
NFLX,216,322.7383
NFLX,217,317.8481
NFLX,218,310.8863
NFLX,219,309.8055
NFLX,220,300.4431
NFLX,221,300.1843
NFLX,222,304.5003
NFLX,223,302.6418
NFLX,224,305.7651
NFLX,225,307.3281
NFLX,226,306.8736
NFLX,227,303.8262
NFLX,228,295.1185
NFLX,229,290.4475
NFLX,230,288.6945
NFLX,231,287.2572
NFLX,232,292.5328
NFLX,233,301.0702
NFLX,234,309.6089
NFLX,235,305.5964
NFLX,236,300.2651
NFLX,237,307.9271
NFLX,238,304.6492
NFLX,239,301.1915
NFLX,240,290.0774
NFLX,241,297.4376
NFLX,242,288.0428
NFLX,243,297.9056
NFLX,244,300.5250
NFLX,245,294.0690
NFLX,246,311.5217
NFLX,247,304.5043
NFLX,248,313.6157
NFLX,249,324.8205
NFLX,250,330.9093
NFLX,251,331.7086
NFLX,252,330.1203
NFLX,253,339.5961
NFLX,254,329.9508
NFLX,255,323.0618
NFLX,256,341.9514
NFLX,257,341.5699
NFLX,258,335.1385
NFLX,259,351.9922
NFLX,260,349.2367
NFLX,261,356.8409
NFLX,262,352.3550
NFLX,263,351.8514
NFLX,264,353.8052
NFLX,265,343.8166
NFLX,266,330.2261
NFLX,267,326.5428
NFLX,268,330.7102
NFLX,269,329.5722
NFLX,270,326.2396
NFLX,271,334.0906
NFLX,272,333.3829
NFLX,273,315.7276
NFLX,274,315.4773
NFLX,275,317.9636
NFLX,276,331.1022
NFLX,277,333.8429
NFLX,278,337.5797
NFLX,279,337.9757
NFLX,280,340.6930
NFLX,281,337.3415
NFLX,282,331.0765
NFLX,283,326.4741
NFLX,284,322.5985
NFLX,285,314.4364
NFLX,286,325.0088
NFLX,287,318.8451
NFLX,288,327.5832
NFLX,289,320.4384
NFLX,290,328.0481
NFLX,291,331.7189
NFLX,292,343.5871
NFLX,293,344.4820
NFLX,294,352.7488
NFLX,295,356.5422
NFLX,296,363.5120
NFLX,297,374.5455
NFLX,298,382.0310
NFLX,299,384.3374
NFLX,300,374.0995
NFLX,301,392.8427
NFLX,302,391.3565
NFLX,303,384.5156
NFLX,304,381.7197
NFLX,305,400.3341
NFLX,306,393.9564
NFLX,307,404.9423
NFLX,308,400.3502
NFLX,309,390.9494
NFLX,310,379.3524
NFLX,311,377.3722
NFLX,312,392.9215
NFLX,313,395.8073
NFLX,314,388.2503
NFLX,315,378.6356
NFLX,316,391.0805
NFLX,317,390.9722
NFLX,318,395.8230
NFLX,319,410.0034
NFLX,320,418.2346
NFLX,321,415.1167
NFLX,322,417.2410
NFLX,323,412.3441
NFLX,324,392.7134
NFLX,325,376.9613
NFLX,326,377.1022
NFLX,327,379.6338
NFLX,328,385.7190
NFLX,329,396.1065
NFLX,330,406.7723
NFLX,331,404.7850
NFLX,332,393.0242
NFLX,333,378.2184
NFLX,334,391.9624
NFLX,335,392.4690
NFLX,336,388.7627
NFLX,337,391.3938
NFLX,338,387.1403
NFLX,339,394.9948
NFLX,340,387.2249
NFLX,341,402.9059
NFLX,342,411.0635
NFLX,343,400.5020
NFLX,344,410.5482
NFLX,345,412.1420
NFLX,346,404.9707
NFLX,347,390.8288
NFLX,348,396.0603
NFLX,349,406.4561
NFLX,350,409.7896
NFLX,351,420.1919
NFLX,352,427.7507
NFLX,353,423.6110
NFLX,354,419.9846
NFLX,355,415.1719
NFLX,356,410.6611
NFLX,357,419.5103
NFLX,358,419.0959
NFLX,359,424.9233
NFLX,360,429.4782
NFLX,361,424.7270
NFLX,362,451.9755
NFLX,363,445.8641
NFLX,364,428.6370
NFLX,365,414.7453
NFLX,366,427.8208
NFLX,367,408.1440
NFLX,368,400.2260
NFLX,369,428.2934
NFLX,370,417.0332
NFLX,371,418.8408
NFLX,372,427.7137
NFLX,373,448.4907
NFLX,374,458.4037
NFLX,375,464.3241
NFLX,376,443.8614
NFLX,377,444.4372
NFLX,378,442.4596
NFLX,379,450.2906
NFLX,380,462.6278
NFLX,381,465.8654
NFLX,382,483.8856
NFLX,383,492.0096
NFLX,384,510.9193
NFLX,385,497.6721
NFLX,386,499.3909
NFLX,387,482.9973
NFLX,388,464.0957
NFLX,389,443.7798
NFLX,390,453.8564
NFLX,391,471.0013
NFLX,392,479.5684
NFLX,393,471.9989
NFLX,394,469.9741
NFLX,395,471.0334
NFLX,396,456.8123
NFLX,397,458.4449
NFLX,398,455.3472
NFLX,399,443.3781
NFLX,400,454.0338
NFLX,401,468.4231
NFLX,402,460.6755
NFLX,403,456.8296
NFLX,404,446.4771
NFLX,405,445.5096
NFLX,406,433.6577
NFLX,407,424.6876
NFLX,408,428.5490
NFLX,409,446.4314
NFLX,410,443.3104
NFLX,411,440.6851
NFLX,412,444.0711
NFLX,413,454.1913
NFLX,414,437.5172
NFLX,415,450.2845
NFLX,416,449.7006
NFLX,417,449.1817
NFLX,418,453.0914
NFLX,419,441.4297
NFLX,420,448.7141
NFLX,421,450.8046
NFLX,422,445.9998
NFLX,423,444.9151
NFLX,424,448.1220
NFLX,425,452.4404
NFLX,426,459.4783
NFLX,427,464.7812
NFLX,428,462.6154
NFLX,429,464.2046
NFLX,430,474.4748
NFLX,431,468.0299
NFLX,432,482.1589
NFLX,433,475.1665
NFLX,434,474.7826
NFLX,435,470.0896
NFLX,436,487.5618
NFLX,437,509.6726
NFLX,438,544.9314
NFLX,439,523.5129
NFLX,440,538.8658
NFLX,441,542.0390
NFLX,442,565.0382
NFLX,443,562.5489
NFLX,444,569.7856
NFLX,445,586.0125
NFLX,446,574.4906
NFLX,447,564.5367
NFLX,448,571.0580
NFLX,449,563.4126
NFLX,450,561.3626
NFLX,451,542.3032
NFLX,452,537.3788
NFLX,453,529.9712
NFLX,454,528.1300
NFLX,455,530.7342
NFLX,456,522.6034
NFLX,457,529.9913
NFLX,458,531.2470
NFLX,459,518.4986
NFLX,460,534.7522
NFLX,461,562.0304
NFLX,462,570.6139
NFLX,463,583.5267
NFLX,464,569.9323
NFLX,465,551.9587
NFLX,466,576.9269
NFLX,467,579.0476
NFLX,468,582.9835
NFLX,469,572.6119
NFLX,470,571.4839
NFLX,471,581.6236
NFLX,472,593.2646
NFLX,473,594.1927
NFLX,474,589.9970
NFLX,475,615.2899
NFLX,476,622.8947
NFLX,477,661.3493
NFLX,478,639.4590
NFLX,479,641.7123
NFLX,480,612.3205
NFLX,481,657.9557
NFLX,482,680.9616
NFLX,483,685.4236
NFLX,484,696.9074
NFLX,485,712.3246
NFLX,486,703.0774
NFLX,487,677.0319
NFLX,488,712.4116
NFLX,489,707.8821
NFLX,490,719.1434
NFLX,491,762.3885
NFLX,492,809.0553
NFLX,493,827.1614
NFLX,494,847.2318
NFLX,495,848.8969
NFLX,496,829.7693
NFLX,497,799.7086
NFLX,498,845.3489
NFLX,499,839.4381
NFLX,500,835.2840
NFLX,501,814.9453
NFLX,502,815.0053
NFLX,503,805.4139
NFLX,504,791.5759
DIS,0,95.0000
DIS,1,94.7620
DIS,2,95.8318
DIS,3,97.1345
DIS,4,96.5619
DIS,5,98.1010
DIS,6,97.9658
DIS,7,96.3697
DIS,8,95.9698
DIS,9,95.0056
DIS,10,95.8646
DIS,11,95.0253
DIS,12,94.0780
DIS,13,94.6495
DIS,14,94.2521
DIS,15,91.6850
DIS,16,93.5055
DIS,17,93.0263
DIS,18,91.5126
DIS,19,93.2401
DIS,20,88.5955
DIS,21,87.8382
DIS,22,87.3499
DIS,23,90.8644
DIS,24,91.4593
DIS,25,91.8470
DIS,26,95.1201
DIS,27,97.4143
DIS,28,96.5437
DIS,29,98.6788
DIS,30,100.4808
DIS,31,101.1838
DIS,32,103.7528
DIS,33,105.4409
DIS,34,107.2986
DIS,35,105.1536
DIS,36,103.9944
DIS,37,104.0188
DIS,38,104.9855
DIS,39,107.7380
DIS,40,110.5663
DIS,41,111.6000
DIS,42,109.6983
DIS,43,109.1915
DIS,44,110.2648
DIS,45,109.4844
DIS,46,108.0726
DIS,47,109.4701
DIS,48,111.3812
DIS,49,111.5226
DIS,50,111.8839
DIS,51,113.2105
DIS,52,111.0854
DIS,53,112.7801
DIS,54,112.2678
DIS,55,112.0752
DIS,56,111.3240
DIS,57,109.6720
DIS,58,110.9523
DIS,59,105.3457
DIS,60,102.3394
DIS,61,101.4365
DIS,62,99.9599
DIS,63,103.4017
DIS,64,99.9213
DIS,65,96.3611
DIS,66,98.8135
DIS,67,97.5544
DIS,68,98.0906
DIS,69,98.2240
DIS,70,98.8892
DIS,71,102.7542
DIS,72,104.7582
DIS,73,103.2475
DIS,74,100.3233
DIS,75,95.5726
DIS,76,95.1633
DIS,77,96.5292
DIS,78,97.5930
DIS,79,94.8456
DIS,80,95.7886
DIS,81,98.5163
DIS,82,98.9835
DIS,83,100.2526
DIS,84,100.8833
DIS,85,100.4072
DIS,86,101.1418
DIS,87,102.2605
DIS,88,99.7471
DIS,89,100.6077
DIS,90,103.2450
DIS,91,99.2123
DIS,92,100.6580
DIS,93,101.1931
DIS,94,100.0781
DIS,95,102.3318
DIS,96,101.4968
DIS,97,102.4377
DIS,98,100.2775
DIS,99,102.6079
DIS,100,105.4259
DIS,101,105.9590
DIS,102,104.0061
DIS,103,103.6408
DIS,104,109.1149
DIS,105,108.3395
DIS,106,112.3991
DIS,107,113.1623
DIS,108,113.8553
DIS,109,112.2180
DIS,110,109.9782
DIS,111,109.3928
DIS,112,112.6827
DIS,113,113.1489
DIS,114,115.0444
DIS,115,119.0495
DIS,116,118.4737
DIS,117,115.8584
DIS,118,115.0578
DIS,119,120.3645
DIS,120,120.7435
DIS,121,118.5753
DIS,122,117.8481
DIS,123,118.4986
DIS,124,118.5596
DIS,125,114.3463
DIS,126,119.1972
DIS,127,117.1466
DIS,128,118.2385
DIS,129,118.7962
DIS,130,115.8162
DIS,131,109.4279
DIS,132,108.9789
DIS,133,107.5919
DIS,134,106.8541
DIS,135,107.1817
DIS,136,107.6730
DIS,137,105.9301
DIS,138,102.7323
DIS,139,104.2818
DIS,140,106.0467
DIS,141,104.0884
DIS,142,100.5619
DIS,143,100.7232
DIS,144,99.6617
DIS,145,101.1281
DIS,146,102.0605
DIS,147,99.6518
DIS,148,99.2156
DIS,149,97.3219
DIS,150,99.6575
DIS,151,96.0182
DIS,152,96.8190
DIS,153,96.1469
DIS,154,97.4419
DIS,155,99.4164
DIS,156,101.0949
DIS,157,101.9929
DIS,158,100.1055
DIS,159,99.1539
DIS,160,95.5017
DIS,161,93.0396
DIS,162,90.2457
DIS,163,88.5526
DIS,164,89.4033
DIS,165,88.5324
DIS,166,88.7990
DIS,167,89.4323
DIS,168,87.5271
DIS,169,86.6074
DIS,170,87.3199
DIS,171,90.0210
DIS,172,89.3992
DIS,173,88.6964
DIS,174,88.1701
DIS,175,88.3059
DIS,176,88.5888
DIS,177,88.6761
DIS,178,88.4848
DIS,179,90.1087
DIS,180,90.0279
DIS,181,88.7383
DIS,182,89.2409
DIS,183,89.0189
DIS,184,87.2938
DIS,185,89.4997
DIS,186,88.5182
DIS,187,88.9748
DIS,188,84.5764
DIS,189,87.3884
DIS,190,85.9648
DIS,191,90.4743
DIS,192,92.9993
DIS,193,96.7154
DIS,194,96.6396
DIS,195,96.6752
DIS,196,100.4967
DIS,197,98.1368
DIS,198,98.4885
DIS,199,99.5221
DIS,200,101.1301
DIS,201,99.2705
DIS,202,96.0959
DIS,203,98.5401
DIS,204,97.7362
DIS,205,100.5074
DIS,206,97.7394
DIS,207,98.6842
DIS,208,99.0942
DIS,209,98.5523
DIS,210,100.0973
DIS,211,101.9931
DIS,212,104.4633
DIS,213,105.3436
DIS,214,103.5645
DIS,215,102.4051
DIS,216,101.2776
DIS,217,99.8677
DIS,218,97.9709
DIS,219,100.5730
DIS,220,100.1472
DIS,221,101.5041
DIS,222,101.1815
DIS,223,100.6616
DIS,224,97.8562
DIS,225,98.2202
DIS,226,98.9975
DIS,227,99.0108
DIS,228,95.6748
DIS,229,95.1763
DIS,230,97.8520
DIS,231,95.3961
DIS,232,97.8427
DIS,233,101.2649
DIS,234,102.0862
DIS,235,100.8764
DIS,236,101.9305
DIS,237,105.7559
DIS,238,109.2160
DIS,239,109.4345
DIS,240,108.2708
DIS,241,108.5865
DIS,242,109.6917
DIS,243,111.3471
DIS,244,112.3685
DIS,245,111.5570
DIS,246,115.8288
DIS,247,111.5510
DIS,248,110.4405
DIS,249,113.8645
DIS,250,113.4502
DIS,251,117.5233
DIS,252,113.6668
DIS,253,113.3168
DIS,254,110.8937
DIS,255,114.2211
DIS,256,120.2051
DIS,257,120.6347
DIS,258,118.7290
DIS,259,120.5190
DIS,260,118.2331
DIS,261,119.1055
DIS,262,118.2223
DIS,263,116.2582
DIS,264,115.6935
DIS,265,117.1966
DIS,266,114.4637
DIS,267,113.5780
DIS,268,118.8429
DIS,269,117.9991
DIS,270,116.0571
DIS,271,119.3945
DIS,272,119.5865
DIS,273,116.3905
DIS,274,116.1336
DIS,275,117.4701
DIS,276,120.1309
DIS,277,121.7717
DIS,278,122.7050
DIS,279,123.7461
DIS,280,121.0193
DIS,281,120.5895
DIS,282,116.4429
DIS,283,113.7827
DIS,284,109.2500
DIS,285,110.0030
DIS,286,110.4505
DIS,287,111.1505
DIS,288,114.3238
DIS,289,112.4811
DIS,290,112.5958
DIS,291,114.1625
DIS,292,114.7755
DIS,293,113.7891
DIS,294,115.6370
DIS,295,116.3014
DIS,296,115.1243
DIS,297,118.0620
DIS,298,113.8078
DIS,299,115.3423
DIS,300,113.2295
DIS,301,112.9253
DIS,302,112.2501
DIS,303,113.8541
DIS,304,112.6892
DIS,305,116.0569
DIS,306,115.2325
DIS,307,115.3519
DIS,308,114.2124
DIS,309,112.7163
DIS,310,113.6116
DIS,311,116.8158
DIS,312,118.9597
DIS,313,119.2007
DIS,314,120.1797
DIS,315,117.1107
DIS,316,118.5590
DIS,317,120.1315
DIS,318,120.6418
DIS,319,123.7919
DIS,320,125.1755
DIS,321,123.8830
DIS,322,123.4069
DIS,323,123.5584
DIS,324,121.6887
DIS,325,121.2225
DIS,326,120.3866
DIS,327,116.8721
DIS,328,119.1157
DIS,329,120.6120
DIS,330,119.0957
DIS,331,119.3143
DIS,332,120.2641
DIS,333,121.1357
DIS,334,121.0104
DIS,335,120.4816
DIS,336,121.3114
DIS,337,120.2274
DIS,338,119.5330
DIS,339,122.2048
DIS,340,119.3430
DIS,341,121.2399
DIS,342,121.3984
DIS,343,119.1040
DIS,344,119.1665
DIS,345,121.5468
DIS,346,121.5122
DIS,347,122.1267
DIS,348,119.8547
DIS,349,118.1605
DIS,350,119.0362
DIS,351,117.9262
DIS,352,121.7076
DIS,353,120.9601
DIS,354,120.3846
DIS,355,118.0144
DIS,356,115.8027
DIS,357,115.6622
DIS,358,114.9956
DIS,359,116.7055
DIS,360,118.3334
DIS,361,115.3704
DIS,362,114.4709
DIS,363,112.8441
DIS,364,111.5365
DIS,365,109.8391
DIS,366,112.5584
DIS,367,110.8458
DIS,368,109.9601
DIS,369,109.9267
DIS,370,108.0410
DIS,371,105.6117
DIS,372,106.5293
DIS,373,108.8519
DIS,374,109.0275
DIS,375,109.9112
DIS,376,107.7091
DIS,377,107.7549
DIS,378,110.3300
DIS,379,108.9942
DIS,380,107.9493
DIS,381,109.9454
DIS,382,113.2452
DIS,383,115.1054
DIS,384,118.8519
DIS,385,116.1883
DIS,386,114.1772
DIS,387,111.2241
DIS,388,112.1666
DIS,389,110.8230
DIS,390,112.8154
DIS,391,115.0899
DIS,392,115.2604
DIS,393,118.3081
DIS,394,116.7661
DIS,395,114.7727
DIS,396,111.8445
DIS,397,112.9360
DIS,398,109.5183
DIS,399,105.3013
DIS,400,108.2552
DIS,401,109.8552
DIS,402,108.9898
DIS,403,107.3197
DIS,404,106.1082
DIS,405,108.9681
DIS,406,108.5034
DIS,407,106.9465
DIS,408,108.3362
DIS,409,112.4068
DIS,410,111.3660
DIS,411,112.0258
DIS,412,116.4290
DIS,413,117.6088
DIS,414,114.8323
DIS,415,114.5150
DIS,416,116.4304
DIS,417,117.0746
DIS,418,117.8086
DIS,419,117.6964
DIS,420,119.8579
DIS,421,120.5338
DIS,422,124.2188
DIS,423,122.9896
DIS,424,126.1079
DIS,425,122.2508
DIS,426,122.4516
DIS,427,119.9936
DIS,428,120.2074
DIS,429,116.6157
DIS,430,116.8670
DIS,431,117.2929
DIS,432,119.9451
DIS,433,119.3213
DIS,434,122.0239
DIS,435,123.7445
DIS,436,124.9945
DIS,437,125.0692
DIS,438,128.5987
DIS,439,126.1929
DIS,440,124.2029
DIS,441,125.1907
DIS,442,127.6627
DIS,443,131.6742
DIS,444,134.1658
DIS,445,135.1679
DIS,446,133.4325
DIS,447,133.6404
DIS,448,136.1330
DIS,449,133.2545
DIS,450,130.9487
DIS,451,132.2002
DIS,452,133.1728
DIS,453,133.2544
DIS,454,132.0981
DIS,455,134.0705
DIS,456,134.5561
DIS,457,134.7197
DIS,458,137.5869
DIS,459,134.0536
DIS,460,136.9398
DIS,461,136.0088
DIS,462,133.7091
DIS,463,135.6164
DIS,464,131.5402
DIS,465,132.7658
DIS,466,134.1954
DIS,467,138.2935
DIS,468,138.7386
DIS,469,135.5270
DIS,470,138.2257
DIS,471,136.9238
DIS,472,138.6406
DIS,473,136.7305
DIS,474,134.9788
DIS,475,138.4479
DIS,476,139.3050
DIS,477,143.6078
DIS,478,138.3862
DIS,479,137.1282
DIS,480,133.0023
DIS,481,136.7432
DIS,482,139.1506
DIS,483,141.6519
DIS,484,140.3217
DIS,485,140.0315
DIS,486,139.4253
DIS,487,139.3237
DIS,488,143.9182
DIS,489,146.0729
DIS,490,148.2101
DIS,491,147.4784
DIS,492,154.1502
DIS,493,157.9989
DIS,494,158.5411
DIS,495,155.2569
DIS,496,155.6191
DIS,497,152.0822
DIS,498,158.6149
DIS,499,154.8399
DIS,500,153.3614
DIS,501,158.5937
DIS,502,162.4427
DIS,503,160.5421
DIS,504,158.0014
TMUS,0,165.0000
TMUS,1,168.0050
TMUS,2,165.7921
TMUS,3,165.0230
TMUS,4,164.5730
TMUS,5,164.5633
TMUS,6,164.0191
TMUS,7,163.3351
TMUS,8,159.9524
TMUS,9,160.1421
TMUS,10,159.0786
TMUS,11,158.1009
TMUS,12,160.3277
TMUS,13,162.2105
TMUS,14,163.1483
TMUS,15,163.6334
TMUS,16,168.4940
TMUS,17,169.8442
TMUS,18,167.7985
TMUS,19,173.6870
TMUS,20,172.6926
TMUS,21,174.0423
TMUS,22,171.8232
TMUS,23,173.3372
TMUS,24,174.1303
TMUS,25,173.6004
TMUS,26,176.2001
TMUS,27,182.2471
TMUS,28,183.6549
TMUS,29,187.1091
TMUS,30,189.3738
TMUS,31,190.8633
TMUS,32,194.6757
TMUS,33,194.2428
TMUS,34,196.6017
TMUS,35,196.0216
TMUS,36,193.6386
TMUS,37,195.4614
TMUS,38,197.6304
TMUS,39,197.7558
TMUS,40,202.2108
TMUS,41,206.2935
TMUS,42,200.1330
TMUS,43,198.8944
TMUS,44,201.9772
TMUS,45,201.4418
TMUS,46,199.2981
TMUS,47,199.2117
TMUS,48,201.5747
TMUS,49,197.8798
TMUS,50,195.7270
TMUS,51,196.2454
TMUS,52,193.8155
TMUS,53,193.1941
TMUS,54,193.4824
TMUS,55,197.2054
TMUS,56,191.8601
TMUS,57,192.4419
TMUS,58,188.5237
TMUS,59,181.2665
TMUS,60,177.8876
TMUS,61,175.3128
TMUS,62,176.1000
TMUS,63,181.5072
TMUS,64,180.5759
TMUS,65,173.4145
TMUS,66,174.2267
TMUS,67,171.7374
TMUS,68,174.0505
TMUS,69,172.5128
TMUS,70,172.0511
TMUS,71,176.7664
TMUS,72,178.1591
TMUS,73,177.1731
TMUS,74,175.6844
TMUS,75,170.1900
TMUS,76,173.5261
TMUS,77,174.2026
TMUS,78,173.9720
TMUS,79,173.6202
TMUS,80,174.7945
TMUS,81,174.1168
TMUS,82,171.1572
TMUS,83,171.2517
TMUS,84,171.7954
TMUS,85,171.2889
TMUS,86,169.4746
TMUS,87,170.3028
TMUS,88,166.9941
TMUS,89,164.3761
TMUS,90,169.2220
TMUS,91,168.1481
TMUS,92,169.9148
TMUS,93,169.6050
TMUS,94,170.8588
TMUS,95,173.3964
TMUS,96,175.2526
TMUS,97,174.5787
TMUS,98,174.9860
TMUS,99,175.4602
TMUS,100,180.5742
TMUS,101,178.4450
TMUS,102,171.2205
TMUS,103,170.2193
TMUS,104,170.5202
TMUS,105,172.5540
TMUS,106,173.1083
TMUS,107,170.7370
TMUS,108,170.6944
TMUS,109,168.0672
TMUS,110,163.3987
TMUS,111,160.7075
TMUS,112,167.5817
TMUS,113,167.2492
TMUS,114,164.8956
TMUS,115,168.6535
TMUS,116,170.7957
TMUS,117,171.8997
TMUS,118,171.9521
TMUS,119,179.4436
TMUS,120,179.7599
TMUS,121,176.9232
TMUS,122,178.4347
TMUS,123,178.4844
TMUS,124,182.1535
TMUS,125,179.2003
TMUS,126,181.2407
TMUS,127,178.7475
TMUS,128,181.5483
TMUS,129,178.7422
TMUS,130,176.5089
TMUS,131,172.4112
TMUS,132,165.1606
TMUS,133,162.0877
TMUS,134,162.5832
TMUS,135,163.0853
TMUS,136,162.2650
TMUS,137,160.0456
TMUS,138,159.9555
TMUS,139,162.3784
TMUS,140,159.8939
TMUS,141,155.4880
TMUS,142,149.5744
TMUS,143,151.4433
TMUS,144,149.7580
TMUS,145,151.1928
TMUS,146,149.3264
TMUS,147,147.5522
TMUS,148,142.8993
TMUS,149,142.7167
TMUS,150,142.1789
TMUS,151,137.9114
TMUS,152,140.0807
TMUS,153,139.5642
TMUS,154,136.8098
TMUS,155,137.7287
TMUS,156,140.6337
TMUS,157,140.6553
TMUS,158,136.8920
TMUS,159,137.2566
TMUS,160,134.4941
TMUS,161,131.7789
TMUS,162,130.6102
TMUS,163,128.2464
TMUS,164,132.1902
TMUS,165,129.9255
TMUS,166,127.4005
TMUS,167,127.9069
TMUS,168,125.3991
TMUS,169,124.5859
TMUS,170,128.2179
TMUS,171,128.5356
TMUS,172,129.7579
TMUS,173,131.7654
TMUS,174,129.7829
TMUS,175,131.2101
TMUS,176,130.9112
TMUS,177,130.7991
TMUS,178,134.3224
TMUS,179,137.5689
TMUS,180,138.7269
TMUS,181,137.8291
TMUS,182,138.8175
TMUS,183,135.3420
TMUS,184,135.4074
TMUS,185,135.3745
TMUS,186,135.5749
TMUS,187,136.2046
TMUS,188,133.4453
TMUS,189,134.8547
TMUS,190,130.9799
TMUS,191,132.1839
TMUS,192,134.1986
TMUS,193,133.8290
TMUS,194,133.7034
TMUS,195,133.3722
TMUS,196,136.9216
TMUS,197,134.9943
TMUS,198,139.4505
TMUS,199,139.5192
TMUS,200,137.9083
TMUS,201,136.9221
TMUS,202,135.4776
TMUS,203,135.6954
TMUS,204,135.8354
TMUS,205,134.2608
TMUS,206,133.8117
TMUS,207,132.5325
TMUS,208,135.1896
TMUS,209,137.1035
TMUS,210,139.6618
TMUS,211,138.9764
TMUS,212,143.1646
TMUS,213,143.3836
TMUS,214,143.6540
TMUS,215,144.1069
TMUS,216,145.2434
TMUS,217,145.4727
TMUS,218,144.5504
TMUS,219,144.6612
TMUS,220,140.4506
TMUS,221,140.0384
TMUS,222,140.1687
TMUS,223,139.1927
TMUS,224,139.3230
TMUS,225,137.0637
TMUS,226,139.8242
TMUS,227,142.3985
TMUS,228,139.8008
TMUS,229,140.4372
TMUS,230,142.7746
TMUS,231,139.3164
TMUS,232,141.8898
TMUS,233,143.4886
TMUS,234,146.3194
TMUS,235,145.5465
TMUS,236,144.6920
TMUS,237,149.7770
TMUS,238,151.1320
TMUS,239,154.4232
TMUS,240,150.8453
TMUS,241,150.5632
TMUS,242,151.4689
TMUS,243,152.2163
TMUS,244,152.4762
TMUS,245,149.6122
TMUS,246,155.4547
TMUS,247,149.4278
TMUS,248,149.4966
TMUS,249,151.3740
TMUS,250,153.0373
TMUS,251,154.9462
TMUS,252,151.4924
TMUS,253,153.1750
TMUS,254,149.9074
TMUS,255,148.9871
TMUS,256,155.3922
TMUS,257,153.9412
TMUS,258,152.4058
TMUS,259,155.6137
TMUS,260,154.2421
TMUS,261,155.5156
TMUS,262,157.9680
TMUS,263,156.3220
TMUS,264,156.8230
TMUS,265,158.5083
TMUS,266,155.6341
TMUS,267,157.7542
TMUS,268,159.3131
TMUS,269,162.9942
TMUS,270,162.6440
TMUS,271,162.8160
TMUS,272,161.3767
TMUS,273,159.1337
TMUS,274,160.9935
TMUS,275,160.9414
TMUS,276,166.4763
TMUS,277,167.9879
TMUS,278,169.9236
TMUS,279,171.3432
TMUS,280,170.3711
TMUS,281,166.7424
TMUS,282,163.2339
TMUS,283,161.7463
TMUS,284,159.7373
TMUS,285,158.6514
TMUS,286,160.1763
TMUS,287,163.1287
TMUS,288,164.0337
TMUS,289,164.4344
TMUS,290,165.3380
TMUS,291,166.4010
TMUS,292,168.3270
TMUS,293,167.2127
TMUS,294,169.2173
TMUS,295,176.6717
TMUS,296,177.3463
TMUS,297,178.8841
TMUS,298,178.7646
TMUS,299,178.1285
TMUS,300,176.0382
TMUS,301,176.2375
TMUS,302,173.4966
TMUS,303,175.2892
TMUS,304,174.6556
TMUS,305,177.6145
TMUS,306,178.7086
TMUS,307,180.3396
TMUS,308,179.8084
TMUS,309,176.7428
TMUS,310,173.3177
TMUS,311,176.5584
TMUS,312,182.2651
TMUS,313,185.4473
TMUS,314,185.8943
TMUS,315,185.1117
TMUS,316,186.9419
TMUS,317,184.7162
TMUS,318,183.7484
TMUS,319,185.8401
TMUS,320,187.1838
TMUS,321,186.7343
TMUS,322,186.3673
TMUS,323,185.8631
TMUS,324,181.3263
TMUS,325,177.8710
TMUS,326,178.6178
TMUS,327,179.9418
TMUS,328,179.1304
TMUS,329,179.5465
TMUS,330,179.8018
TMUS,331,182.5151
TMUS,332,178.0490
TMUS,333,179.6885
TMUS,334,176.8445
TMUS,335,175.2398
TMUS,336,174.4477
TMUS,337,177.5125
TMUS,338,176.1149
TMUS,339,177.1920
TMUS,340,176.1428
TMUS,341,182.1269
TMUS,342,180.6177
TMUS,343,174.4474
TMUS,344,178.0585
TMUS,345,178.9847
TMUS,346,179.0278
TMUS,347,180.6198
TMUS,348,179.5438
TMUS,349,177.3166
TMUS,350,177.3258
TMUS,351,181.8735
TMUS,352,184.5839
TMUS,353,184.0321
TMUS,354,180.1841
TMUS,355,177.3104
TMUS,356,176.7834
TMUS,357,176.5667
TMUS,358,175.3372
TMUS,359,179.8080
TMUS,360,185.1328
TMUS,361,178.9162
TMUS,362,182.9471
TMUS,363,181.0273
TMUS,364,179.4869
TMUS,365,178.8828
TMUS,366,180.2151
TMUS,367,177.2700
TMUS,368,176.1187
TMUS,369,179.8305
TMUS,370,176.2002
TMUS,371,170.4684
TMUS,372,170.9088
TMUS,373,172.2659
TMUS,374,171.9805
TMUS,375,174.2100
TMUS,376,170.7435
TMUS,377,174.9592
TMUS,378,178.4238
TMUS,379,178.3228
TMUS,380,179.7199
TMUS,381,177.7957
TMUS,382,179.7290
TMUS,383,182.9167
TMUS,384,187.4205
TMUS,385,183.7945
TMUS,386,182.7798
TMUS,387,178.2277
TMUS,388,175.2736
TMUS,389,176.2815
TMUS,390,176.8678
TMUS,391,180.0107
TMUS,392,177.7418
TMUS,393,178.6062
TMUS,394,178.0067
TMUS,395,177.4670
TMUS,396,177.0499
TMUS,397,177.6108
TMUS,398,174.9484
TMUS,399,172.0107
TMUS,400,173.0532
TMUS,401,171.6983
TMUS,402,172.2071
TMUS,403,170.9656
TMUS,404,171.8386
TMUS,405,173.6299
TMUS,406,168.4165
TMUS,407,168.2917
TMUS,408,171.6264
TMUS,409,173.9834
TMUS,410,172.1868
TMUS,411,173.4105
TMUS,412,173.3415
TMUS,413,175.3034
TMUS,414,175.7821
TMUS,415,175.3939
TMUS,416,175.9172
TMUS,417,174.4110
TMUS,418,172.7550
TMUS,419,169.0706
TMUS,420,168.7749
TMUS,421,166.4018
TMUS,422,168.9520
TMUS,423,165.1188
TMUS,424,164.2807
TMUS,425,162.8840
TMUS,426,160.0811
TMUS,427,162.7509
TMUS,428,158.5880
TMUS,429,157.8396
TMUS,430,158.9870
TMUS,431,157.3585
TMUS,432,158.4594
TMUS,433,154.9816
TMUS,434,153.1569
TMUS,435,154.5632
TMUS,436,152.6924
TMUS,437,150.0637
TMUS,438,153.6806
TMUS,439,150.3048
TMUS,440,151.3984
TMUS,441,146.3610
TMUS,442,150.6125
TMUS,443,151.7401
TMUS,444,154.4326
TMUS,445,157.9572
TMUS,446,158.0932
TMUS,447,157.5493
TMUS,448,159.5711
TMUS,449,160.3412
TMUS,450,158.7031
TMUS,451,158.9307
TMUS,452,158.8920
TMUS,453,160.3717
TMUS,454,158.5761
TMUS,455,159.2318
TMUS,456,154.5648
TMUS,457,155.7852
TMUS,458,157.9860
TMUS,459,157.5423
TMUS,460,160.4071
TMUS,461,167.2440
TMUS,462,164.5936
TMUS,463,165.0016
TMUS,464,156.8899
TMUS,465,156.7409
TMUS,466,156.7639
TMUS,467,158.9668
TMUS,468,159.4439
TMUS,469,157.3735
TMUS,470,155.9062
TMUS,471,156.3154
TMUS,472,158.2637
TMUS,473,158.9432
TMUS,474,156.4209
TMUS,475,156.6213
TMUS,476,156.6629
TMUS,477,156.9041
TMUS,478,154.7312
TMUS,479,153.6301
TMUS,480,150.2099
TMUS,481,155.1640
TMUS,482,156.6827
TMUS,483,157.7854
TMUS,484,160.1412
TMUS,485,159.8403
TMUS,486,158.4411
TMUS,487,156.3176
TMUS,488,162.5325
TMUS,489,163.9895
TMUS,490,162.3710
TMUS,491,164.4632
TMUS,492,173.6550
TMUS,493,178.9232
TMUS,494,184.2979
TMUS,495,181.3604
TMUS,496,177.9897
TMUS,497,173.9654
TMUS,498,175.7702
TMUS,499,175.5926
TMUS,500,174.2408
TMUS,501,172.1261
TMUS,502,175.1754
TMUS,503,173.4643
TMUS,504,170.2697
VZ,0,40.0000
VZ,1,39.8627
VZ,2,39.3307
VZ,3,39.7198
VZ,4,39.8422
VZ,5,40.1835
VZ,6,39.5149
VZ,7,38.8069
VZ,8,38.7431
VZ,9,38.4706
VZ,10,38.3036
VZ,11,38.2566
VZ,12,38.5770
VZ,13,38.3801
VZ,14,38.3948
VZ,15,38.1935
VZ,16,38.0196
VZ,17,38.2197
VZ,18,37.6497
VZ,19,38.1316
VZ,20,37.0811
VZ,21,36.7232
VZ,22,37.2001
VZ,23,38.3477
VZ,24,38.1975
VZ,25,37.4511
VZ,26,37.7938
VZ,27,38.6010
VZ,28,38.5982
VZ,29,38.6173
VZ,30,38.2662
VZ,31,38.2828
VZ,32,38.8279
VZ,33,38.7071
VZ,34,39.3662
VZ,35,38.6129
VZ,36,38.6261
VZ,37,38.7301
VZ,38,38.7231
VZ,39,38.2256
VZ,40,38.5830
VZ,41,39.1076
VZ,42,38.4953
VZ,43,38.8951
VZ,44,39.2269
VZ,45,38.8627
VZ,46,38.6512
VZ,47,38.5346
VZ,48,37.9464
VZ,49,37.9319
VZ,50,37.2165
VZ,51,37.3496
VZ,52,36.7070
VZ,53,36.5504
VZ,54,35.6804
VZ,55,36.3219
VZ,56,36.6969
VZ,57,36.8441
VZ,58,36.2365
VZ,59,35.1420
VZ,60,34.6050
VZ,61,34.3150
VZ,62,34.0915
VZ,63,35.4152
VZ,64,35.3845
VZ,65,35.2750
VZ,66,35.8869
VZ,67,35.8810
VZ,68,36.0106
VZ,69,35.9392
VZ,70,36.1679
VZ,71,36.5985
VZ,72,37.0450
VZ,73,36.5473
VZ,74,36.2286
VZ,75,35.5942
VZ,76,35.5046
VZ,77,35.5704
VZ,78,36.1713
VZ,79,35.5323
VZ,80,35.4486
VZ,81,35.7441
VZ,82,35.5733
VZ,83,35.6372
VZ,84,36.0635
VZ,85,36.2697
VZ,86,36.4357
VZ,87,36.9468
VZ,88,36.8147
VZ,89,36.8426
VZ,90,37.5009
VZ,91,36.7751
VZ,92,37.1284
VZ,93,37.0773
VZ,94,36.9343
VZ,95,37.0374
VZ,96,37.0434
VZ,97,36.7660
VZ,98,36.5563
VZ,99,36.6673
VZ,100,37.0668
VZ,101,36.9707
VZ,102,36.4106
VZ,103,36.3346
VZ,104,36.7987
VZ,105,36.7630
VZ,106,37.7067
VZ,107,37.6931
VZ,108,37.2595
VZ,109,36.8075
VZ,110,36.1300
VZ,111,35.9187
VZ,112,36.4611
VZ,113,36.9187
VZ,114,36.4713
VZ,115,36.8139
VZ,116,36.5895
VZ,117,36.3844
VZ,118,35.7592
VZ,119,35.9760
VZ,120,36.0030
VZ,121,35.6518
VZ,122,35.7118
VZ,123,35.5168
VZ,124,36.1802
VZ,125,36.3194
VZ,126,36.5005
VZ,127,36.1381
VZ,128,36.2687
VZ,129,36.5031
VZ,130,36.1656
VZ,131,35.8841
VZ,132,35.5319
VZ,133,35.0996
VZ,134,35.2586
VZ,135,35.1659
VZ,136,35.6652
VZ,137,35.5696
VZ,138,35.4685
VZ,139,36.0709
VZ,140,36.1186
VZ,141,35.8155
VZ,142,35.5392
VZ,143,35.6706
VZ,144,35.5350
VZ,145,35.5445
VZ,146,35.4529
VZ,147,34.8879
VZ,148,34.6869
VZ,149,33.8746
VZ,150,33.7860
VZ,151,33.5082
VZ,152,33.0840
VZ,153,33.2522
VZ,154,32.9631
VZ,155,33.4127
VZ,156,34.4347
VZ,157,34.3707
VZ,158,33.7419
VZ,159,33.1807
VZ,160,32.6429
VZ,161,32.1587
VZ,162,31.7804
VZ,163,31.4174
VZ,164,31.4104
VZ,165,31.1976
VZ,166,30.9583
VZ,167,31.5049
VZ,168,31.4085
VZ,169,31.5043
VZ,170,31.4153
VZ,171,31.2875
VZ,172,31.6241
VZ,173,31.2210
VZ,174,30.8052
VZ,175,30.6186
VZ,176,30.1083
VZ,177,30.3630
VZ,178,30.8396
VZ,179,31.4576
VZ,180,31.0111
VZ,181,31.3623
VZ,182,31.1585
VZ,183,30.7929
VZ,184,30.8802
VZ,185,31.1124
VZ,186,31.2380
VZ,187,31.2551
VZ,188,30.8557
VZ,189,31.2749
VZ,190,30.9054
VZ,191,31.4155
VZ,192,31.6204
VZ,193,32.2043
VZ,194,32.1620
VZ,195,32.2569
VZ,196,32.7979
VZ,197,32.6911
VZ,198,33.1201
VZ,199,32.7665
VZ,200,32.9241
VZ,201,33.0298
VZ,202,32.7463
VZ,203,32.6882
VZ,204,32.7783
VZ,205,32.6797
VZ,206,32.3916
VZ,207,32.1753
VZ,208,32.5259
VZ,209,33.0941
VZ,210,32.8907
VZ,211,33.4005
VZ,212,33.5491
VZ,213,33.1032
VZ,214,33.6840
VZ,215,34.1743
VZ,216,34.5793
VZ,217,34.8949
VZ,218,34.5100
VZ,219,34.6498
VZ,220,34.2364
VZ,221,34.9052
VZ,222,34.6585
VZ,223,34.0689
VZ,224,34.3181
VZ,225,33.9308
VZ,226,34.5794
VZ,227,34.6489
VZ,228,34.0705
VZ,229,34.0172
VZ,230,33.8388
VZ,231,33.7231
VZ,232,33.7835
VZ,233,34.0756
VZ,234,34.3743
VZ,235,33.6287
VZ,236,33.1561
VZ,237,33.3263
VZ,238,33.5920
VZ,239,34.1335
VZ,240,33.5950
VZ,241,33.5393
VZ,242,33.3826
VZ,243,33.2369
VZ,244,33.1963
VZ,245,33.1417
VZ,246,33.9319
VZ,247,33.6280
VZ,248,34.1041
VZ,249,34.2280
VZ,250,34.7934
VZ,251,34.8663
VZ,252,34.5489
VZ,253,35.1080
VZ,254,34.7834
VZ,255,34.5760
VZ,256,35.0651
VZ,257,34.3419
VZ,258,34.0885
VZ,259,34.9109
VZ,260,34.4809
VZ,261,34.6678
VZ,262,35.2298
VZ,263,34.8584
VZ,264,34.7337
VZ,265,34.9434
VZ,266,35.0356
VZ,267,34.5898
VZ,268,35.4843
VZ,269,35.7058
VZ,270,36.0126
VZ,271,36.3837
VZ,272,36.0111
VZ,273,35.3939
VZ,274,35.3918
VZ,275,35.8345
VZ,276,36.5757
VZ,277,36.7828
VZ,278,37.1019
VZ,279,36.7904
VZ,280,37.2820
VZ,281,37.0678
VZ,282,36.8042
VZ,283,36.9635
VZ,284,36.3043
VZ,285,35.9532
VZ,286,36.0665
VZ,287,35.9638
VZ,288,36.7296
VZ,289,36.6909
VZ,290,36.7568
VZ,291,37.1363
VZ,292,37.7637
VZ,293,37.8700
VZ,294,38.0126
VZ,295,38.2896
VZ,296,37.6041
VZ,297,38.3830
VZ,298,38.1560
VZ,299,38.2173
VZ,300,38.4657
VZ,301,39.0243
VZ,302,38.4401
VZ,303,38.6001
VZ,304,38.5049
VZ,305,38.9454
VZ,306,38.9594
VZ,307,38.4966
VZ,308,38.5138
VZ,309,38.5957
VZ,310,38.2737
VZ,311,38.7830
VZ,312,39.4245
VZ,313,39.7214
VZ,314,39.4548
VZ,315,39.4030
VZ,316,40.2015
VZ,317,39.8570
VZ,318,39.6824
VZ,319,39.9913
VZ,320,41.1836
VZ,321,40.7385
VZ,322,40.4991
VZ,323,40.7869
VZ,324,40.5872
VZ,325,40.1983
VZ,326,40.2032
VZ,327,39.9590
VZ,328,40.4104
VZ,329,40.8249
VZ,330,40.6889
VZ,331,40.8432
VZ,332,39.9256
VZ,333,39.4521
VZ,334,39.8888
VZ,335,39.9115
VZ,336,39.6896
VZ,337,39.3728
VZ,338,39.3204
VZ,339,39.7030
VZ,340,39.0719
VZ,341,40.0247
VZ,342,40.1577
VZ,343,39.4437
VZ,344,39.4200
VZ,345,39.6466
VZ,346,39.4764
VZ,347,39.1861
VZ,348,38.6480
VZ,349,39.0638
VZ,350,38.8381
VZ,351,38.7891
VZ,352,39.3038
VZ,353,39.1769
VZ,354,39.1379
VZ,355,38.5672
VZ,356,38.7341
VZ,357,39.1097
VZ,358,38.9739
VZ,359,39.0571
VZ,360,39.1347
VZ,361,38.5214
VZ,362,38.9616
VZ,363,38.6776
VZ,364,38.2858
VZ,365,37.4505
VZ,366,37.9185
VZ,367,37.7620
VZ,368,37.3128
VZ,369,37.4430
VZ,370,37.1513
VZ,371,37.0035
VZ,372,37.2966
VZ,373,37.6998
VZ,374,37.6214
VZ,375,37.7772
VZ,376,37.3099
VZ,377,37.4121
VZ,378,37.7811
VZ,379,37.7026
VZ,380,38.4019
VZ,381,38.9333
VZ,382,38.7136
VZ,383,38.9293
VZ,384,39.4899
VZ,385,39.3844
VZ,386,39.0612
VZ,387,38.6206
VZ,388,38.4888
VZ,389,38.1466
VZ,390,37.9881
VZ,391,38.5093
VZ,392,38.8169
VZ,393,38.9804
VZ,394,39.0496
VZ,395,39.0053
VZ,396,38.4082
VZ,397,37.8837
VZ,398,37.8191
VZ,399,37.2022
VZ,400,37.6570
VZ,401,37.7891
VZ,402,37.4978
VZ,403,36.7291
VZ,404,36.7550
VZ,405,37.1680
VZ,406,36.7922
VZ,407,36.2611
VZ,408,36.5097
VZ,409,36.6236
VZ,410,36.9647
VZ,411,37.0117
VZ,412,37.0472
VZ,413,36.9987
VZ,414,36.7180
VZ,415,36.4427
VZ,416,36.7359
VZ,417,36.8284
VZ,418,37.0600
VZ,419,37.1356
VZ,420,37.0757
VZ,421,36.9801
VZ,422,36.7165
VZ,423,36.8682
VZ,424,37.2120
VZ,425,36.4516
VZ,426,36.0662
VZ,427,36.1718
VZ,428,35.8015
VZ,429,36.0685
VZ,430,35.8435
VZ,431,35.7391
VZ,432,36.7134
VZ,433,36.7778
VZ,434,36.6535
VZ,435,36.3146
VZ,436,36.4033
VZ,437,36.2141
VZ,438,36.7339
VZ,439,36.1188
VZ,440,36.4868
VZ,441,36.2512
VZ,442,36.6062
VZ,443,36.8501
VZ,444,36.7545
VZ,445,37.2256
VZ,446,36.7042
VZ,447,36.9219
VZ,448,37.5241
VZ,449,37.2019
VZ,450,36.9722
VZ,451,36.9018
VZ,452,36.6646
VZ,453,36.8079
VZ,454,36.8491
VZ,455,36.9939
VZ,456,36.4557
VZ,457,36.7499
VZ,458,37.3274
VZ,459,36.6626
VZ,460,36.9516
VZ,461,37.2760
VZ,462,37.0232
VZ,463,37.1145
VZ,464,37.0885
VZ,465,37.5133
VZ,466,38.0513
VZ,467,38.8202
VZ,468,38.9742
VZ,469,38.4404
VZ,470,38.2838
VZ,471,38.1619
VZ,472,38.1885
VZ,473,37.8052
VZ,474,37.5997
VZ,475,37.7606
VZ,476,37.7653
VZ,477,38.2015
VZ,478,37.5467
VZ,479,37.7303
VZ,480,36.5280
VZ,481,37.7522
VZ,482,37.8126
VZ,483,38.0610
VZ,484,38.4298
VZ,485,38.0931
VZ,486,38.0599
VZ,487,38.2836
VZ,488,39.5529
VZ,489,40.0031
VZ,490,40.0257
VZ,491,40.9013
VZ,492,41.8977
VZ,493,42.0204
VZ,494,43.1281
VZ,495,42.8068
VZ,496,42.1736
VZ,497,41.6596
VZ,498,41.9310
VZ,499,41.7138
VZ,500,41.1337
VZ,501,40.5300
VZ,502,40.7536
VZ,503,40.3762
VZ,504,40.3339
T,0,18.0000
T,1,17.7885
T,2,17.6256
T,3,17.5736
T,4,17.6661
T,5,17.9105
T,6,17.6429
T,7,17.6815
T,8,17.5837
T,9,17.4926
T,10,17.2893
T,11,17.3075
T,12,17.3769
T,13,17.2319
T,14,17.0337
T,15,17.1187
T,16,17.3045
T,17,17.1046
T,18,16.9336
T,19,16.9217
T,20,16.5794
T,21,16.4653
T,22,16.5383
T,23,16.6505
T,24,16.8722
T,25,16.6647
T,26,16.8726
T,27,17.3193
T,28,17.4260
T,29,17.7641
T,30,17.8723
T,31,18.1029
T,32,18.3454
T,33,18.2347
T,34,18.3269
T,35,18.0631
T,36,17.8407
T,37,17.9667
T,38,17.9862
T,39,18.2044
T,40,18.4551
T,41,18.4604
T,42,18.2053
T,43,18.0553
T,44,18.0631
T,45,18.1894
T,46,17.8376
T,47,18.0202
T,48,18.1087
T,49,17.9124
T,50,17.9210
T,51,17.7639
T,52,17.4645
T,53,17.4444
T,54,17.3098
T,55,17.7491
T,56,17.1245
T,57,17.0619
T,58,16.9011
T,59,16.3643
T,60,15.9713
T,61,15.7700
T,62,15.6909
T,63,16.1404
T,64,16.1924
T,65,15.9751
T,66,16.2853
T,67,16.5216
T,68,16.3179
T,69,16.4425
T,70,16.7121
T,71,16.9538
T,72,16.8265
T,73,16.4397
T,74,16.4987
T,75,16.1890
T,76,16.4437
T,77,16.6192
T,78,16.8177
T,79,16.8223
T,80,16.8419
T,81,16.9067
T,82,16.7528
T,83,16.6711
T,84,16.7944
T,85,16.6812
T,86,16.7516
T,87,17.1040
T,88,16.8873
T,89,16.9499
T,90,17.1860
T,91,17.2254
T,92,17.5842
T,93,17.3792
T,94,17.4749
T,95,17.5398
T,96,17.4147
T,97,17.5600
T,98,17.4488
T,99,17.5955
T,100,17.9911
T,101,17.9591
T,102,17.4967
T,103,17.4717
T,104,17.7767
T,105,18.0161
T,106,18.3926
T,107,18.1206
T,108,18.1830
T,109,18.0352
T,110,17.5848
T,111,17.5184
T,112,17.7890
T,113,18.0009
T,114,18.0366
T,115,18.5201
T,116,18.5600
T,117,18.3824
T,118,18.2938
T,119,18.7367
T,120,18.6043
T,121,18.3903
T,122,18.5400
T,123,18.4981
T,124,18.6933
T,125,18.3391
T,126,18.5645
T,127,18.7300
T,128,18.8306
T,129,18.8794
T,130,18.7885
T,131,18.5128
T,132,18.2604
T,133,17.9930
T,134,18.0318
T,135,17.8596
T,136,18.0397
T,137,17.8223
T,138,17.3088
T,139,17.5839
T,140,17.4328
T,141,17.0821
T,142,17.0244
T,143,17.1164
T,144,17.3070
T,145,17.1400
T,146,17.0972
T,147,16.9431
T,148,16.6714
T,149,16.5501
T,150,16.4006
T,151,16.0834
T,152,16.2232
T,153,15.9567
T,154,16.0551
T,155,16.1965
T,156,16.6883
T,157,16.6600
T,158,16.3767
T,159,16.0685
T,160,15.7873
T,161,15.4078
T,162,15.0177
T,163,14.8298
T,164,15.0249
T,165,14.8752
T,166,14.5609
T,167,14.6070
T,168,14.6722
T,169,14.5955
T,170,14.5972
T,171,14.5363
T,172,14.4831
T,173,14.4436
T,174,14.2716
T,175,14.3758
T,176,14.2556
T,177,14.5739
T,178,14.9239
T,179,15.3981
T,180,15.3111
T,181,15.5443
T,182,15.7626
T,183,15.3829
T,184,15.7184
T,185,15.5341
T,186,15.3487
T,187,15.2091
T,188,15.1362
T,189,15.0404
T,190,14.9628
T,191,15.1101
T,192,15.3927
T,193,15.6121
T,194,15.6427
T,195,15.8429
T,196,15.9529
T,197,15.8252
T,198,16.1988
T,199,16.2400
T,200,16.0810
T,201,16.1669
T,202,15.9380
T,203,15.8717
T,204,15.6116
T,205,15.5837
T,206,15.3740
T,207,15.4354
T,208,15.5004
T,209,15.5017
T,210,15.5102
T,211,15.3906
T,212,15.6702
T,213,15.7391
T,214,15.8839
T,215,16.0076
T,216,16.1141
T,217,15.7310
T,218,15.4924
T,219,15.7436
T,220,15.2730
T,221,15.4252
T,222,15.3387
T,223,15.3756
T,224,15.6085
T,225,15.7382
T,226,15.5663
T,227,15.4745
T,228,15.3257
T,229,15.2454
T,230,15.3123
T,231,15.3203
T,232,15.3691
T,233,15.5579
T,234,15.9346
T,235,15.6516
T,236,15.6749
T,237,15.9334
T,238,15.9983
T,239,15.8706
T,240,15.6753
T,241,15.4493
T,242,15.4180
T,243,15.7234
T,244,15.9753
T,245,16.0447
T,246,16.3387
T,247,15.9296
T,248,15.9785
T,249,15.8864
T,250,16.1353
T,251,16.2544
T,252,16.1559
T,253,16.5608
T,254,16.6843
T,255,16.7832
T,256,17.1761
T,257,16.8426
T,258,16.9279
T,259,17.2792
T,260,17.1149
T,261,17.3233
T,262,17.1245
T,263,17.2012
T,264,17.2118
T,265,17.3481
T,266,17.1662
T,267,16.9712
T,268,17.3378
T,269,17.2453
T,270,17.4533
T,271,17.3123
T,272,17.0313
T,273,16.7944
T,274,16.5815
T,275,16.7198
T,276,16.9663
T,277,16.9818
T,278,17.1172
T,279,17.3036
T,280,17.1764
T,281,17.0563
T,282,16.8665
T,283,16.7340
T,284,16.2210
T,285,16.2180
T,286,16.3502
T,287,16.1404
T,288,16.4584
T,289,16.5210
T,290,16.7424
T,291,17.0064
T,292,17.3026
T,293,17.3041
T,294,17.3684
T,295,17.5306
T,296,17.5236
T,297,17.8900
T,298,18.0368
T,299,18.2141
T,300,18.2920
T,301,18.4101
T,302,18.2585
T,303,18.0428
T,304,17.8411
T,305,17.8433
T,306,17.8805
T,307,17.8988
T,308,17.7950
T,309,17.7689
T,310,17.5632
T,311,17.6247
T,312,17.9936
T,313,18.1894
T,314,18.2772
T,315,18.2717
T,316,18.3512
T,317,18.3022
T,318,18.0721
T,319,18.1385
T,320,18.4208
T,321,18.4355
T,322,18.3445
T,323,18.4295
T,324,18.3348
T,325,17.9291
T,326,17.8171
T,327,17.7324
T,328,17.8768
T,329,18.4435
T,330,18.6626
T,331,18.7475
T,332,18.9503
T,333,19.0703
T,334,19.0704
T,335,18.8470
T,336,18.8516
T,337,18.8955
T,338,18.7899
T,339,19.2572
T,340,19.1887
T,341,19.4874
T,342,19.5921
T,343,19.2267
T,344,19.5093
T,345,19.3573
T,346,19.1937
T,347,19.0808
T,348,18.8102
T,349,18.9935
T,350,19.1728
T,351,19.3776
T,352,19.6055
T,353,19.6375
T,354,19.5558
T,355,19.5653
T,356,19.8126
T,357,20.0913
T,358,20.0831
T,359,20.0046
T,360,20.1867
T,361,19.7877
T,362,20.1462
T,363,19.8564
T,364,19.7718
T,365,19.4920
T,366,20.1477
T,367,19.9598
T,368,19.6133
T,369,19.8752
T,370,19.5557
T,371,19.5729
T,372,19.8043
T,373,20.2518
T,374,20.2628
T,375,20.5906
T,376,20.5315
T,377,20.4564
T,378,20.4818
T,379,20.2678
T,380,20.5227
T,381,20.9077
T,382,21.1139
T,383,21.3348
T,384,21.5367
T,385,21.2159
T,386,20.9216
T,387,20.3969
T,388,20.4194
T,389,20.2434
T,390,20.4353
T,391,20.4705
T,392,20.4641
T,393,20.4802
T,394,20.2114
T,395,19.9490
T,396,19.6326
T,397,19.6330
T,398,19.6126
T,399,18.9008
T,400,18.9766
T,401,19.1086
T,402,19.1100
T,403,19.1552
T,404,19.1209
T,405,19.1392
T,406,19.0566
T,407,18.8441
T,408,18.8052
T,409,18.9114
T,410,18.9340
T,411,18.9476
T,412,18.9865
T,413,19.3570
T,414,19.4457
T,415,19.2588
T,416,18.9390
T,417,18.8183
T,418,19.1291
T,419,18.8429
T,420,19.2195
T,421,19.0471
T,422,19.3340
T,423,19.2553
T,424,19.4121
T,425,19.3347
T,426,19.3469
T,427,19.1926
T,428,18.8641
T,429,18.6429
T,430,18.9165
T,431,18.9109
T,432,19.0467
T,433,18.9404
T,434,18.7386
T,435,18.9565
T,436,19.0732
T,437,18.9484
T,438,19.3935
T,439,19.0626
T,440,19.4040
T,441,19.1270
T,442,19.3802
T,443,19.6819
T,444,20.0143
T,445,20.2167
T,446,20.4828
T,447,20.1874
T,448,20.2612
T,449,19.8602
T,450,20.0898
T,451,20.2677
T,452,20.6551
T,453,20.7411
T,454,20.7176
T,455,21.1377
T,456,20.7256
T,457,20.7724
T,458,21.0893
T,459,20.7484
T,460,20.9472
T,461,21.1223
T,462,20.9213
T,463,21.1755
T,464,20.9460
T,465,21.0946
T,466,21.4704
T,467,21.5713
T,468,21.6607
T,469,21.4971
T,470,21.3136
T,471,21.3674
T,472,21.2457
T,473,21.2713
T,474,20.8898
T,475,21.0201
T,476,20.8481
T,477,21.2453
T,478,20.7410
T,479,20.6921
T,480,20.0672
T,481,20.7702
T,482,20.7926
T,483,20.8505
T,484,21.1269
T,485,21.1851
T,486,20.9783
T,487,20.8913
T,488,21.6509
T,489,22.0877
T,490,22.5411
T,491,22.7860
T,492,23.3623
T,493,23.6559
T,494,23.8441
T,495,24.2381
T,496,24.0213
T,497,23.3150
T,498,23.9728
T,499,23.8872
T,500,23.5737
T,501,23.6254
T,502,23.7983
T,503,23.9764
T,504,23.8146
CMCSA,0,40.0000
CMCSA,1,40.1925
CMCSA,2,40.0315
CMCSA,3,40.3951
CMCSA,4,40.6144
CMCSA,5,41.0554
CMCSA,6,40.9361
CMCSA,7,40.4986
CMCSA,8,39.1233
CMCSA,9,38.4553
CMCSA,10,38.2788
CMCSA,11,37.8704
CMCSA,12,37.8533
CMCSA,13,37.6014
CMCSA,14,37.6941
CMCSA,15,37.7824
CMCSA,16,38.3930
CMCSA,17,38.0180
CMCSA,18,38.0950
CMCSA,19,39.9253
CMCSA,20,39.2010
CMCSA,21,39.1464
CMCSA,22,38.7411
CMCSA,23,39.7427
CMCSA,24,39.4867
CMCSA,25,39.2455
CMCSA,26,39.2211
CMCSA,27,39.6883
CMCSA,28,40.3439
CMCSA,29,40.5946
CMCSA,30,40.3734
CMCSA,31,41.0480
CMCSA,32,41.4405
CMCSA,33,41.6298
CMCSA,34,42.1934
CMCSA,35,41.4134
CMCSA,36,40.9278
CMCSA,37,40.7748
CMCSA,38,41.0771
CMCSA,39,41.4381
CMCSA,40,41.2413
CMCSA,41,41.5875
CMCSA,42,40.8546
CMCSA,43,40.4410
CMCSA,44,41.1696
CMCSA,45,41.7949
CMCSA,46,41.7273
CMCSA,47,42.2255
CMCSA,48,42.6560
CMCSA,49,42.6432
CMCSA,50,42.4014
CMCSA,51,43.0553
CMCSA,52,42.6277
CMCSA,53,42.6131
CMCSA,54,41.7256
CMCSA,55,42.6856
CMCSA,56,43.0332
CMCSA,57,42.5281
CMCSA,58,42.3872
CMCSA,59,41.3101
CMCSA,60,40.0661
CMCSA,61,39.4157
CMCSA,62,38.9721
CMCSA,63,40.1808
CMCSA,64,40.0714
CMCSA,65,40.1956
CMCSA,66,40.8464
CMCSA,67,40.7559
CMCSA,68,41.0131
CMCSA,69,40.8611
CMCSA,70,40.6178
CMCSA,71,41.5616
CMCSA,72,42.0526
CMCSA,73,41.9069
CMCSA,74,40.9369
CMCSA,75,39.8408
CMCSA,76,40.7553
CMCSA,77,41.4315
CMCSA,78,41.8765
CMCSA,79,41.3101
CMCSA,80,41.8146
CMCSA,81,42.3036
CMCSA,82,42.6973
CMCSA,83,42.7916
CMCSA,84,42.7772
CMCSA,85,43.2464
CMCSA,86,43.9527
CMCSA,87,43.6600
CMCSA,88,42.7714
CMCSA,89,42.9306
CMCSA,90,43.4443
CMCSA,91,43.7362
CMCSA,92,45.0096
CMCSA,93,44.5935
CMCSA,94,44.6697
CMCSA,95,45.2617
CMCSA,96,45.3380
CMCSA,97,45.4379
CMCSA,98,45.2373
CMCSA,99,45.8740
CMCSA,100,46.3387
CMCSA,101,46.3197
CMCSA,102,45.4325
CMCSA,103,45.1875
CMCSA,104,46.0277
CMCSA,105,45.8865
CMCSA,106,46.2270
CMCSA,107,45.1847
CMCSA,108,43.6743
CMCSA,109,43.2842
CMCSA,110,42.4361
CMCSA,111,42.3186
CMCSA,112,42.8249
CMCSA,113,43.0679
CMCSA,114,42.2002
CMCSA,115,42.6285
CMCSA,116,42.3977
CMCSA,117,41.7604
CMCSA,118,41.6910
CMCSA,119,42.4521
CMCSA,120,41.3653
CMCSA,121,40.5791
CMCSA,122,41.1625
CMCSA,123,41.5789
CMCSA,124,41.9990
CMCSA,125,41.7028
CMCSA,126,42.0054
CMCSA,127,40.8177
CMCSA,128,41.3638
CMCSA,129,42.0479
CMCSA,130,41.3519
CMCSA,131,40.9194
CMCSA,132,39.9795
CMCSA,133,39.5630
CMCSA,134,39.6885
CMCSA,135,39.7484
CMCSA,136,39.8154
CMCSA,137,39.0143
CMCSA,138,37.7492
CMCSA,139,39.0868
CMCSA,140,39.0615
CMCSA,141,37.8327
CMCSA,142,37.7545
CMCSA,143,37.7173
CMCSA,144,37.9226
CMCSA,145,37.5578
CMCSA,146,37.5900
CMCSA,147,36.7313
CMCSA,148,36.2907
CMCSA,149,35.5971
CMCSA,150,35.1540
CMCSA,151,34.7930
CMCSA,152,33.9540
CMCSA,153,34.4798
CMCSA,154,34.6296
CMCSA,155,35.3205
CMCSA,156,36.1496
CMCSA,157,35.3995
CMCSA,158,34.6375
CMCSA,159,34.4581
CMCSA,160,34.6677
CMCSA,161,33.5832
CMCSA,162,32.9447
CMCSA,163,32.3058
CMCSA,164,32.1510
CMCSA,165,31.6361
CMCSA,166,30.7285
CMCSA,167,31.0031
CMCSA,168,30.0626
CMCSA,169,29.8579
CMCSA,170,29.7014
CMCSA,171,30.1353
CMCSA,172,30.4901
CMCSA,173,31.0112
CMCSA,174,30.8673
CMCSA,175,30.7697
CMCSA,176,30.5167
CMCSA,177,30.3333
CMCSA,178,31.1342
CMCSA,179,31.9918
CMCSA,180,31.8422
CMCSA,181,31.8738
CMCSA,182,32.6378
CMCSA,183,32.0300
CMCSA,184,31.7213
CMCSA,185,31.7519
CMCSA,186,32.0680
CMCSA,187,31.8653
CMCSA,188,31.2324
CMCSA,189,31.6947
CMCSA,190,31.7240
CMCSA,191,33.2072
CMCSA,192,33.8821
CMCSA,193,34.7340
CMCSA,194,34.5017
CMCSA,195,34.8155
CMCSA,196,35.9344
CMCSA,197,35.9032
CMCSA,198,36.5910
CMCSA,199,36.7111
CMCSA,200,36.5527
CMCSA,201,35.9547
CMCSA,202,35.2057
CMCSA,203,35.2900
CMCSA,204,35.3133
CMCSA,205,35.6989
CMCSA,206,35.6601
CMCSA,207,35.8046
CMCSA,208,36.6750
CMCSA,209,35.7911
CMCSA,210,35.6865
CMCSA,211,35.6096
CMCSA,212,35.9383
CMCSA,213,36.0067
CMCSA,214,36.3210
CMCSA,215,36.5569
CMCSA,216,36.6947
CMCSA,217,36.4533
CMCSA,218,36.2107
CMCSA,219,36.6443
CMCSA,220,36.4392
CMCSA,221,36.3469
CMCSA,222,36.2876
CMCSA,223,35.8576
CMCSA,224,35.9042
CMCSA,225,36.1625
CMCSA,226,35.7102
CMCSA,227,35.5405
CMCSA,228,34.8687
CMCSA,229,35.3628
CMCSA,230,35.6268
CMCSA,231,35.2718
CMCSA,232,35.9858
CMCSA,233,35.9825
CMCSA,234,35.8708
CMCSA,235,35.3365
CMCSA,236,34.4928
CMCSA,237,34.8953
CMCSA,238,35.1673
CMCSA,239,34.9593
CMCSA,240,34.9407
CMCSA,241,35.0596
CMCSA,242,34.9994
CMCSA,243,35.7341
CMCSA,244,35.8236
CMCSA,245,35.0029
CMCSA,246,36.5766
CMCSA,247,35.6198
CMCSA,248,36.1357
CMCSA,249,35.9060
CMCSA,250,36.9725
CMCSA,251,37.5312
CMCSA,252,36.6743
CMCSA,253,36.6889
CMCSA,254,36.6560
CMCSA,255,36.9452
CMCSA,256,37.7864
CMCSA,257,38.3979
CMCSA,258,38.1277
CMCSA,259,38.8407
CMCSA,260,38.0694
CMCSA,261,37.9549
CMCSA,262,37.8080
CMCSA,263,37.9143
CMCSA,264,38.0257
CMCSA,265,38.0507
CMCSA,266,37.3314
CMCSA,267,36.8799
CMCSA,268,37.5903
CMCSA,269,37.4411
CMCSA,270,37.6763
CMCSA,271,37.8597
CMCSA,272,37.7775
CMCSA,273,37.3946
CMCSA,274,37.8011
CMCSA,275,38.1487
CMCSA,276,40.0553
CMCSA,277,40.2620
CMCSA,278,39.8021
CMCSA,279,40.4881
CMCSA,280,40.8735
CMCSA,281,39.7790
CMCSA,282,39.8475
CMCSA,283,39.9450
CMCSA,284,39.6004
CMCSA,285,38.9985
CMCSA,286,39.0338
CMCSA,287,38.6665
CMCSA,288,38.8822
CMCSA,289,38.8950
CMCSA,290,38.7736
CMCSA,291,39.5252
CMCSA,292,39.6589
CMCSA,293,39.7294
CMCSA,294,39.8489
CMCSA,295,40.4948
CMCSA,296,39.5163
CMCSA,297,40.4721
CMCSA,298,41.5264
CMCSA,299,42.0223
CMCSA,300,42.4295
CMCSA,301,42.4704
CMCSA,302,43.0544
CMCSA,303,43.1678
CMCSA,304,42.5316
CMCSA,305,42.7479
CMCSA,306,42.3074
CMCSA,307,41.8406
CMCSA,308,41.5992
CMCSA,309,40.4706
CMCSA,310,40.7349
CMCSA,311,41.2158
CMCSA,312,42.1220
CMCSA,313,42.5660
CMCSA,314,42.6063
CMCSA,315,42.4512
CMCSA,316,44.2573
CMCSA,317,44.9495
CMCSA,318,44.8119
CMCSA,319,45.0287
CMCSA,320,46.5873
CMCSA,321,46.5365
CMCSA,322,45.3118
CMCSA,323,45.2898
CMCSA,324,45.4418
CMCSA,325,44.1380
CMCSA,326,44.3441
CMCSA,327,43.9749
CMCSA,328,44.1168
CMCSA,329,44.8162
CMCSA,330,44.6181
CMCSA,331,44.8487
CMCSA,332,44.1479
CMCSA,333,43.8961
CMCSA,334,44.1368
CMCSA,335,45.0058
CMCSA,336,45.6624
CMCSA,337,46.1715
CMCSA,338,46.2546
CMCSA,339,46.9079
CMCSA,340,47.0109
CMCSA,341,47.7831
CMCSA,342,48.5127
CMCSA,343,47.2051
CMCSA,344,47.7360
CMCSA,345,47.4951
CMCSA,346,48.4042
CMCSA,347,48.0497
CMCSA,348,47.3118
CMCSA,349,47.4321
CMCSA,350,46.9788
CMCSA,351,47.4322
CMCSA,352,48.4865
CMCSA,353,48.5201
CMCSA,354,48.3883
CMCSA,355,47.5564
CMCSA,356,47.1354
CMCSA,357,47.1764
CMCSA,358,46.4469
CMCSA,359,46.4991
CMCSA,360,46.6500
CMCSA,361,45.4635
CMCSA,362,45.5896
CMCSA,363,45.1607
CMCSA,364,43.9817
CMCSA,365,44.0165
CMCSA,366,44.6409
CMCSA,367,44.4244
CMCSA,368,44.0226
CMCSA,369,45.0914
CMCSA,370,44.6473
CMCSA,371,44.0325
CMCSA,372,44.6403
CMCSA,373,45.6365
CMCSA,374,45.6814
CMCSA,375,46.4525
CMCSA,376,45.7774
CMCSA,377,46.2704
CMCSA,378,46.2632
CMCSA,379,45.9652
CMCSA,380,46.2469
CMCSA,381,46.5960
CMCSA,382,46.5267
CMCSA,383,46.8754
CMCSA,384,47.1987
CMCSA,385,46.6694
CMCSA,386,45.7174
CMCSA,387,44.1150
CMCSA,388,44.8450
CMCSA,389,45.2322
CMCSA,390,44.9047
CMCSA,391,45.6008
CMCSA,392,45.3462
CMCSA,393,45.3639
CMCSA,394,45.4153
CMCSA,395,44.8607
CMCSA,396,44.9122
CMCSA,397,45.1123
CMCSA,398,45.3252
CMCSA,399,44.0998
CMCSA,400,45.6478
CMCSA,401,46.2669
CMCSA,402,46.8486
CMCSA,403,45.7982
CMCSA,404,46.0528
CMCSA,405,46.5667
CMCSA,406,46.9284
CMCSA,407,46.6868
CMCSA,408,45.4463
CMCSA,409,45.0484
CMCSA,410,44.9764
CMCSA,411,44.6352
CMCSA,412,44.9027
CMCSA,413,45.3806
CMCSA,414,44.9666
CMCSA,415,45.5042
CMCSA,416,44.8411
CMCSA,417,44.6560
CMCSA,418,45.1449
CMCSA,419,44.0146
CMCSA,420,44.8472
CMCSA,421,44.8608
CMCSA,422,44.4690
CMCSA,423,44.1098
CMCSA,424,44.1695
CMCSA,425,44.6709
CMCSA,426,44.3801
CMCSA,427,44.2059
CMCSA,428,43.5173
CMCSA,429,43.6197
CMCSA,430,43.8123
CMCSA,431,43.6773
CMCSA,432,43.9744
CMCSA,433,43.9071
CMCSA,434,43.7890
CMCSA,435,43.5565
CMCSA,436,43.2300
CMCSA,437,43.2960
CMCSA,438,44.2445
CMCSA,439,42.9992
CMCSA,440,43.9329
CMCSA,441,42.6976
CMCSA,442,43.5315
CMCSA,443,43.5861
CMCSA,444,43.5429
CMCSA,445,43.4940
CMCSA,446,43.2431
CMCSA,447,42.8143
CMCSA,448,43.3785
CMCSA,449,43.0292
CMCSA,450,42.8807
CMCSA,451,43.4621
CMCSA,452,43.4925
CMCSA,453,43.3225
CMCSA,454,42.7159
CMCSA,455,43.6655
CMCSA,456,44.4806
CMCSA,457,44.6621
CMCSA,458,45.4206
CMCSA,459,44.7482
CMCSA,460,44.8714
CMCSA,461,44.7782
CMCSA,462,45.2791
CMCSA,463,45.7609
CMCSA,464,45.3715
CMCSA,465,45.4417
CMCSA,466,45.3502
CMCSA,467,46.0660
CMCSA,468,46.0848
CMCSA,469,45.3970
CMCSA,470,44.8361
CMCSA,471,44.5894
CMCSA,472,44.8849
CMCSA,473,44.8769
CMCSA,474,43.8622
CMCSA,475,43.5940
CMCSA,476,43.3492
CMCSA,477,44.0564
CMCSA,478,43.3715
CMCSA,479,43.1454
CMCSA,480,42.3920
CMCSA,481,43.4041
CMCSA,482,43.2873
CMCSA,483,44.0872
CMCSA,484,44.3100
CMCSA,485,43.8835
CMCSA,486,43.5309
CMCSA,487,42.8447
CMCSA,488,44.5439
CMCSA,489,43.8692
CMCSA,490,44.0785
CMCSA,491,44.9058
CMCSA,492,45.3682
CMCSA,493,45.8647
CMCSA,494,46.3783
CMCSA,495,46.0628
CMCSA,496,45.7014
CMCSA,497,44.5705
CMCSA,498,45.7394
CMCSA,499,44.6894
CMCSA,500,44.1089
CMCSA,501,44.0641
CMCSA,502,43.5264
CMCSA,503,43.9416
CMCSA,504,42.9507
HD,0,345.0000
HD,1,337.9011
HD,2,333.4395
HD,3,332.7745
HD,4,338.2185
HD,5,339.1849
HD,6,332.9260
HD,7,334.5773
HD,8,326.7977
HD,9,320.2398
HD,10,313.0808
HD,11,309.6780
HD,12,301.0867
HD,13,297.6027
HD,14,306.9747
HD,15,302.3835
HD,16,302.1867
HD,17,311.9944
HD,18,307.5008
HD,19,313.0627
HD,20,309.5007
HD,21,307.4836
HD,22,309.2612
HD,23,316.7672
HD,24,318.6564
HD,25,315.6022
HD,26,323.3182
HD,27,327.9745
HD,28,325.5088
HD,29,322.1645
HD,30,321.2643
HD,31,319.0266
HD,32,326.0737
HD,33,321.6360
HD,34,327.0477
HD,35,317.6820
HD,36,316.0065
HD,37,315.4515
HD,38,322.0944
HD,39,323.3816
HD,40,331.6587
HD,41,330.0946
HD,42,331.6290
HD,43,326.3801
HD,44,327.6869
HD,45,328.4164
HD,46,322.9878
HD,47,320.8739
HD,48,320.2604
HD,49,319.4571
HD,50,321.2752
HD,51,325.2892
HD,52,321.4227
HD,53,321.1691
HD,54,317.2463
HD,55,326.3468
HD,56,317.5386
HD,57,315.0043
HD,58,311.7559
HD,59,305.6697
HD,60,306.2545
HD,61,298.4770
HD,62,291.3477
HD,63,289.2970
HD,64,293.9950
HD,65,292.3408
HD,66,287.9727
HD,67,288.6827
HD,68,293.3427
HD,69,289.1890
HD,70,292.4554
HD,71,298.3515
HD,72,303.8889
HD,73,293.7937
HD,74,294.6709
HD,75,284.1145
HD,76,284.8407
HD,77,297.5322
HD,78,304.2897
HD,79,304.8038
HD,80,303.5066
HD,81,306.9122
HD,82,312.6849
HD,83,306.4072
HD,84,306.1624
HD,85,306.2417
HD,86,309.4485
HD,87,304.5690
HD,88,298.3972
HD,89,301.2926
HD,90,307.5882
HD,91,304.8278
HD,92,304.7558
HD,93,298.2613
HD,94,303.8639
HD,95,294.3270
HD,96,299.3797
HD,97,292.8375
HD,98,294.6160
HD,99,289.0945
HD,100,294.6498
HD,101,287.9281
HD,102,283.9851
HD,103,286.7405
HD,104,290.3323
HD,105,292.0128
HD,106,296.8853
HD,107,301.0448
HD,108,301.3208
HD,109,292.5732
HD,110,287.9809
HD,111,281.9811
HD,112,291.1095
HD,113,294.9458
HD,114,291.2458
HD,115,296.9025
HD,116,301.2349
HD,117,304.8447
HD,118,300.7774
HD,119,306.4720
HD,120,306.7449
HD,121,304.7120
HD,122,312.2239
HD,123,309.5333
HD,124,315.7074
HD,125,317.1647
HD,126,316.6120
HD,127,315.7790
HD,128,310.7012
HD,129,308.2097
HD,130,300.4552
HD,131,298.3931
HD,132,293.4730
HD,133,288.0092
HD,134,292.1438
HD,135,294.4198
HD,136,292.0554
HD,137,295.4189
HD,138,294.4571
HD,139,298.1806
HD,140,299.0852
HD,141,293.9111
HD,142,287.0913
HD,143,284.6744
HD,144,287.9671
HD,145,294.4731
HD,146,295.3289
HD,147,288.3111
HD,148,284.0793
HD,149,274.4904
HD,150,267.9485
HD,151,266.8020
HD,152,264.7770
HD,153,263.2395
HD,154,262.8628
HD,155,259.6892
HD,156,263.5828
HD,157,266.4185
HD,158,263.8516
HD,159,260.5744
HD,160,263.2854
HD,161,255.4615
HD,162,250.4447
HD,163,244.9723
HD,164,242.8284
HD,165,244.3560
HD,166,249.6796
HD,167,249.2125
HD,168,244.6158
HD,169,239.0864
HD,170,239.8989
HD,171,241.5262
HD,172,243.2422
HD,173,243.0533
HD,174,237.9167
HD,175,239.9801
HD,176,236.3591
HD,177,236.2130
HD,178,234.0738
HD,179,239.9352
HD,180,240.9703
HD,181,243.6917
HD,182,241.6058
HD,183,237.6106
HD,184,237.3720
HD,185,238.9680
HD,186,238.2193
HD,187,233.2641
HD,188,231.4792
HD,189,228.3521
HD,190,219.0941
HD,191,222.0640
HD,192,227.8463
HD,193,226.6691
HD,194,229.6986
HD,195,230.1160
HD,196,227.6649
HD,197,225.4986
HD,198,230.3154
HD,199,231.6354
HD,200,231.1857
HD,201,226.2904
HD,202,218.2849
HD,203,214.8099
HD,204,214.4550
HD,205,214.5859
HD,206,211.4875
HD,207,212.1734
HD,208,216.3700
HD,209,217.8773
HD,210,220.4514
HD,211,222.7683
HD,212,225.4030
HD,213,225.7528
HD,214,226.6811
HD,215,226.3258
HD,216,233.5659
HD,217,236.5112
HD,218,236.9172
HD,219,241.1150
HD,220,241.0398
HD,221,239.4707
HD,222,236.3953
HD,223,231.3555
HD,224,234.5384
HD,225,236.4904
HD,226,237.8630
HD,227,237.9145
HD,228,232.8862
HD,229,230.4308
HD,230,230.9256
HD,231,230.4460
HD,232,231.8353
HD,233,232.2322
HD,234,232.9681
HD,235,230.7902
HD,236,230.0139
HD,237,233.8433
HD,238,234.3283
HD,239,232.3840
HD,240,224.7891
HD,241,227.6534
HD,242,223.1840
HD,243,222.8525
HD,244,226.6349
HD,245,224.9375
HD,246,234.4808
HD,247,233.9512
HD,248,233.9920
HD,249,235.4803
HD,250,235.8559
HD,251,234.9765
HD,252,234.4481
HD,253,234.9009
HD,254,228.9343
HD,255,231.3807
HD,256,235.9998
HD,257,237.1818
HD,258,235.7860
HD,259,240.2826
HD,260,237.5948
HD,261,236.0051
HD,262,240.5222
HD,263,244.2106
HD,264,245.5819
HD,265,245.2129
HD,266,233.0309
HD,267,235.2131
HD,268,241.0545
HD,269,242.7941
HD,270,243.2058
HD,271,243.5982
HD,272,247.1150
HD,273,247.1543
HD,274,249.4627
HD,275,246.5122
HD,276,248.9990
HD,277,253.1449
HD,278,257.0808
HD,279,256.9617
HD,280,251.4713
HD,281,251.3185
HD,282,247.5635
HD,283,246.6160
HD,284,247.6424
HD,285,247.3875
HD,286,251.9792
HD,287,252.9181
HD,288,254.8188
HD,289,253.2839
HD,290,256.9437
HD,291,260.3756
HD,292,262.6663
HD,293,264.5349
HD,294,262.5473
HD,295,265.5733
HD,296,265.7214
HD,297,261.7405
HD,298,265.4492
HD,299,264.3210
HD,300,263.9660
HD,301,259.8120
HD,302,263.2022
HD,303,263.8928
HD,304,263.9652
HD,305,264.3299
HD,306,266.8489
HD,307,265.7695
HD,308,259.1677
HD,309,254.8673
HD,310,260.4259
HD,311,260.2441
HD,312,264.8119
HD,313,265.4483
HD,314,264.3487
HD,315,263.3813
HD,316,267.5122
HD,317,264.9999
HD,318,266.4671
HD,319,268.9173
HD,320,269.9860
HD,321,266.6182
HD,322,262.7878
HD,323,260.7919
HD,324,255.2063
HD,325,252.0539
HD,326,255.0503
HD,327,249.4233
HD,328,252.5943
HD,329,253.2731
HD,330,258.7442
HD,331,262.9388
HD,332,262.9878
HD,333,264.2397
HD,334,268.3503
HD,335,270.5607
HD,336,266.3762
HD,337,267.6705
HD,338,264.0185
HD,339,262.7796
HD,340,255.7725
HD,341,252.8261
HD,342,246.6290
HD,343,244.3293
HD,344,246.1182
HD,345,246.1416
HD,346,247.7295
HD,347,247.7964
HD,348,245.4044
HD,349,247.2375
HD,350,246.5670
HD,351,246.9127
HD,352,250.8967
HD,353,251.4423
HD,354,250.0441
HD,355,248.4008
HD,356,246.9392
HD,357,245.4893
HD,358,249.8740
HD,359,248.3745
HD,360,244.2755
HD,361,242.5044
HD,362,240.0034
HD,363,238.2084
HD,364,243.0461
HD,365,238.0317
HD,366,245.2266
HD,367,242.0363
HD,368,242.5443
HD,369,241.9779
HD,370,240.3222
HD,371,239.4448
HD,372,239.9657
HD,373,240.9764
HD,374,238.3206
HD,375,234.1172
HD,376,231.7459
HD,377,236.9521
HD,378,239.5906
HD,379,237.5540
HD,380,239.4256
HD,381,243.6485
HD,382,245.9115
HD,383,253.8085
HD,384,256.1262
HD,385,257.9646
HD,386,254.7617
HD,387,249.4349
HD,388,249.1692
HD,389,252.8154
HD,390,252.7392
HD,391,252.8550
HD,392,252.5859
HD,393,255.1118
HD,394,257.9515
HD,395,257.3904
HD,396,253.8850
HD,397,257.9963
HD,398,257.3263
HD,399,253.2015
HD,400,254.4542
HD,401,252.7734
HD,402,250.9142
HD,403,251.0197
HD,404,257.9853
HD,405,263.1010
HD,406,262.9420
HD,407,259.4252
HD,408,259.4778
HD,409,261.1481
HD,410,258.4657
HD,411,258.4850
HD,412,261.2639
HD,413,266.5768
HD,414,263.2532
HD,415,262.7436
HD,416,260.2687
HD,417,259.6030
HD,418,261.2575
HD,419,260.1562
HD,420,264.8529
HD,421,260.7466
HD,422,264.9929
HD,423,261.8970
HD,424,259.2843
HD,425,257.3901
HD,426,258.6900
HD,427,257.5658
HD,428,261.8316
HD,429,263.9958
HD,430,270.8434
HD,431,266.6326
HD,432,272.7410
HD,433,271.6287
HD,434,269.4194
HD,435,272.0813
HD,436,274.7211
HD,437,273.3924
HD,438,274.2578
HD,439,274.2276
HD,440,280.5949
HD,441,277.0943
HD,442,279.8914
HD,443,288.5068
HD,444,294.0102
HD,445,301.1991
HD,446,301.3305
HD,447,309.9179
HD,448,315.2839
HD,449,312.6747
HD,450,318.6910
HD,451,312.0707
HD,452,313.1530
HD,453,307.7421
HD,454,310.0514
HD,455,311.3029
HD,456,315.2904
HD,457,313.3651
HD,458,318.6051
HD,459,316.1479
HD,460,314.1910
HD,461,311.0083
HD,462,307.7597
HD,463,315.9731
HD,464,313.5509
HD,465,312.0730
HD,466,311.0509
HD,467,318.0879
HD,468,321.3730
HD,469,316.2909
HD,470,317.7613
HD,471,312.6171
HD,472,316.9416
HD,473,322.8058
HD,474,315.4514
HD,475,313.7661
HD,476,312.4644
HD,477,319.4514
HD,478,308.7370
HD,479,307.1527
HD,480,301.1827
HD,481,309.7112
HD,482,307.8646
HD,483,304.6937
HD,484,304.6950
HD,485,311.5538
HD,486,305.8467
HD,487,306.6387
HD,488,314.5330
HD,489,322.7270
HD,490,328.7457
HD,491,334.6868
HD,492,332.6483
HD,493,334.8774
HD,494,335.3085
HD,495,340.3477
HD,496,335.7459
HD,497,330.6631
HD,498,332.2241
HD,499,330.2801
HD,500,330.7114
HD,501,329.4271
HD,502,326.8087
HD,503,321.9733
HD,504,324.5781
MCD,0,260.0000
MCD,1,260.4248
MCD,2,257.9380
MCD,3,261.6475
MCD,4,263.7530
MCD,5,264.8373
MCD,6,261.8854
MCD,7,262.4828
MCD,8,263.9685
MCD,9,261.6211
MCD,10,261.8061
MCD,11,261.5981
MCD,12,259.4146
MCD,13,259.8966
MCD,14,258.2177
MCD,15,257.1996
MCD,16,262.2280
MCD,17,263.2309
MCD,18,258.7892
MCD,19,261.1152
MCD,20,261.3386
MCD,21,258.5187
MCD,22,263.0912
MCD,23,265.5411
MCD,24,264.7111
MCD,25,264.8130
MCD,26,268.2926
MCD,27,271.8713
MCD,28,272.5770
MCD,29,271.8754
MCD,30,274.0616
MCD,31,277.0519
MCD,32,278.1259
MCD,33,274.3998
MCD,34,275.8556
MCD,35,270.7316
MCD,36,269.7919
MCD,37,265.8040
MCD,38,270.7938
MCD,39,273.5050
MCD,40,278.3417
MCD,41,280.2483
MCD,42,277.9417
MCD,43,274.1102
MCD,44,276.5585
MCD,45,273.6560
MCD,46,272.1430
MCD,47,268.0545
MCD,48,266.8845
MCD,49,263.2380
MCD,50,262.3301
MCD,51,262.1539
MCD,52,259.8974
MCD,53,259.7606
MCD,54,258.3877
MCD,55,262.2761
MCD,56,262.2933
MCD,57,262.1018
MCD,58,263.8548
MCD,59,263.8255
MCD,60,262.7266
MCD,61,257.8400
MCD,62,255.9167
MCD,63,257.5687
MCD,64,256.3568
MCD,65,260.9603
MCD,66,257.2624
MCD,67,255.8244
MCD,68,258.0703
MCD,69,253.8073
MCD,70,252.7422
MCD,71,258.6967
MCD,72,257.4070
MCD,73,255.5298
MCD,74,257.6175
MCD,75,253.9073
MCD,76,251.9726
MCD,77,257.6061
MCD,78,258.5450
MCD,79,257.1278
MCD,80,260.2674
MCD,81,262.2826
MCD,82,265.5022
MCD,83,261.0559
MCD,84,263.5518
MCD,85,261.2377
MCD,86,262.3061
MCD,87,261.3889
MCD,88,260.1103
MCD,89,258.5180
MCD,90,266.1187
MCD,91,265.8836
MCD,92,267.4176
MCD,93,265.1621
MCD,94,266.1307
MCD,95,264.1182
MCD,96,265.1733
MCD,97,260.2374
MCD,98,259.4780
MCD,99,255.0469
MCD,100,257.6061
MCD,101,253.4254
MCD,102,248.0851
MCD,103,247.0944
MCD,104,244.9746
MCD,105,244.9906
MCD,106,244.1653
MCD,107,247.4859
MCD,108,249.2998
MCD,109,247.2334
MCD,110,240.0395
MCD,111,234.5609
MCD,112,240.4155
MCD,113,242.3959
MCD,114,242.4332
MCD,115,244.7994
MCD,116,243.7951
MCD,117,242.7109
MCD,118,241.6362
MCD,119,248.6008
MCD,120,247.3992
MCD,121,250.3170
MCD,122,253.8966
MCD,123,250.3593
MCD,124,251.3968
MCD,125,254.1949
MCD,126,255.6289
MCD,127,253.8804
MCD,128,254.4259
MCD,129,251.8836
MCD,130,252.4186
MCD,131,246.9865
MCD,132,247.8472
MCD,133,242.6837
MCD,134,246.1952
MCD,135,246.7842
MCD,136,244.9756
MCD,137,248.3705
MCD,138,249.4928
MCD,139,253.7438
MCD,140,253.2551
MCD,141,253.1499
MCD,142,248.2141
MCD,143,250.2077
MCD,144,251.4111
MCD,145,252.1716
MCD,146,249.6606
MCD,147,249.9898
MCD,148,250.3338
MCD,149,246.6499
MCD,150,247.4125
MCD,151,246.6759
MCD,152,247.6838
MCD,153,242.6842
MCD,154,243.1238
MCD,155,243.0650
MCD,156,244.4447
MCD,157,239.7664
MCD,158,236.8160
MCD,159,238.1674
MCD,160,238.5626
MCD,161,234.5287
MCD,162,231.1475
MCD,163,228.1686
MCD,164,227.8490
MCD,165,230.4259
MCD,166,230.5090
MCD,167,228.8108
MCD,168,227.8488
MCD,169,224.9230
MCD,170,228.0270
MCD,171,225.0811
MCD,172,228.4274
MCD,173,225.6363
MCD,174,227.2713
MCD,175,230.2152
MCD,176,231.6678
MCD,177,229.8869
MCD,178,230.5381
MCD,179,236.0361
MCD,180,235.4690
MCD,181,237.0815
MCD,182,236.0462
MCD,183,229.8752
MCD,184,228.5963
MCD,185,231.4533
MCD,186,232.5730
MCD,187,226.9606
MCD,188,227.2946
MCD,189,229.3981
MCD,190,227.2735
MCD,191,231.8794
MCD,192,232.7642
MCD,193,237.0840
MCD,194,238.5742
MCD,195,238.5750
MCD,196,236.2640
MCD,197,239.6136
MCD,198,244.1016
MCD,199,245.3805
MCD,200,245.7625
MCD,201,243.9894
MCD,202,243.1267
MCD,203,245.0225
MCD,204,245.9134
MCD,205,248.1376
MCD,206,245.1865
MCD,207,247.3336
MCD,208,248.2627
MCD,209,248.8053
MCD,210,248.1273
MCD,211,247.3539
MCD,212,251.3330
MCD,213,246.9498
MCD,214,245.2325
MCD,215,247.5837
MCD,216,250.0519
MCD,217,253.5657
MCD,218,253.9509
MCD,219,258.1156
MCD,220,257.5699
MCD,221,258.9547
MCD,222,260.4821
MCD,223,260.6868
MCD,224,259.8273
MCD,225,260.4397
MCD,226,260.6576
MCD,227,259.8354
MCD,228,258.3610
MCD,229,257.4593
MCD,230,259.4912
MCD,231,255.1736
MCD,232,256.3853
MCD,233,254.9889
MCD,234,250.4839
MCD,235,246.1201
MCD,236,245.6556
MCD,237,251.9827
MCD,238,252.0737
MCD,239,248.7099
MCD,240,245.8243
MCD,241,244.1046
MCD,242,247.1616
MCD,243,250.2249
MCD,244,249.9103
MCD,245,248.2865
MCD,246,253.9742
MCD,247,251.7369
MCD,248,251.7566
MCD,249,251.1160
MCD,250,249.1930
MCD,251,252.4879
MCD,252,249.1757
MCD,253,248.8233
MCD,254,247.3342
MCD,255,249.5660
MCD,256,252.6628
MCD,257,252.3472
MCD,258,247.7406
MCD,259,252.7556
MCD,260,250.0281
MCD,261,252.8920
MCD,262,257.7591
MCD,263,258.4900
MCD,264,263.9157
MCD,265,266.7178
MCD,266,263.6441
MCD,267,265.7381
MCD,268,266.2852
MCD,269,267.7074
MCD,270,272.2421
MCD,271,272.0667
MCD,272,272.9351
MCD,273,269.6159
MCD,274,269.3838
MCD,275,267.4474
MCD,276,269.1382
MCD,277,272.3404
MCD,278,275.9829
MCD,279,270.8746
MCD,280,267.6097
MCD,281,263.8699
MCD,282,261.0305
MCD,283,263.7036
MCD,284,265.0565
MCD,285,265.6843
MCD,286,265.6726
MCD,287,267.8282
MCD,288,266.2875
MCD,289,265.9762
MCD,290,266.9443
MCD,291,267.9811
MCD,292,272.0202
MCD,293,273.6440
MCD,294,273.3254
MCD,295,276.1918
MCD,296,277.2997
MCD,297,281.0243
MCD,298,283.2996
MCD,299,283.4641
MCD,300,282.1187
MCD,301,282.1519
MCD,302,279.4814
MCD,303,280.9469
MCD,304,282.0029
MCD,305,285.3534
MCD,306,283.6896
MCD,307,282.3988
MCD,308,278.8194
MCD,309,277.5386
MCD,310,282.1119
MCD,311,285.5479
MCD,312,287.0207
MCD,313,288.6910
MCD,314,284.8331
MCD,315,287.7935
MCD,316,289.1909
MCD,317,284.0959
MCD,318,286.7902
MCD,319,290.5032
MCD,320,288.7130
MCD,321,289.9616
MCD,322,288.0291
MCD,323,286.7286
MCD,324,283.6988
MCD,325,281.4963
MCD,326,283.6359
MCD,327,278.1353
MCD,328,282.2323
MCD,329,287.5107
MCD,330,286.0856
MCD,331,288.6419
MCD,332,290.5681
MCD,333,287.1505
MCD,334,285.8782
MCD,335,285.4053
MCD,336,280.3709
MCD,337,278.1029
MCD,338,278.4229
MCD,339,275.9037
MCD,340,272.5375
MCD,341,270.2811
MCD,342,272.9258
MCD,343,268.5354
MCD,344,269.6656
MCD,345,266.3445
MCD,346,270.0463
MCD,347,270.0934
MCD,348,268.7293
MCD,349,266.9275
MCD,350,269.1038
MCD,351,271.5853
MCD,352,274.3061
MCD,353,273.0849
MCD,354,273.8329
MCD,355,271.8231
MCD,356,269.0763
MCD,357,267.8206
MCD,358,268.9836
MCD,359,268.7280
MCD,360,269.9134
MCD,361,267.1330
MCD,362,269.8671
MCD,363,265.4897
MCD,364,266.4651
MCD,365,265.3047
MCD,366,273.4178
MCD,367,272.3035
MCD,368,271.7318
MCD,369,274.4191
MCD,370,273.2389
MCD,371,272.7473
MCD,372,275.6951
MCD,373,279.9280
MCD,374,280.0117
MCD,375,279.0972
MCD,376,277.9485
MCD,377,281.9974
MCD,378,286.6823
MCD,379,281.6557
MCD,380,275.5732
MCD,381,273.8259
MCD,382,272.0499
MCD,383,272.1740
MCD,384,274.7011
MCD,385,271.8033
MCD,386,268.2687
MCD,387,267.3150
MCD,388,269.5750
MCD,389,268.3655
MCD,390,267.7934
MCD,391,269.3764
MCD,392,271.7689
MCD,393,273.0543
MCD,394,275.0015
MCD,395,276.0978
MCD,396,273.1688
MCD,397,278.9544
MCD,398,284.9088
MCD,399,276.3037
MCD,400,273.5119
MCD,401,275.6568
MCD,402,276.9545
MCD,403,275.2246
MCD,404,275.0809
MCD,405,278.3554
MCD,406,281.9110
MCD,407,279.5578
MCD,408,283.7694
MCD,409,285.7011
MCD,410,279.3771
MCD,411,274.4947
MCD,412,280.9021
MCD,413,282.8836
MCD,414,281.4639
MCD,415,286.9155
MCD,416,286.3645
MCD,417,287.2561
MCD,418,288.9197
MCD,419,287.4294
MCD,420,291.8381
MCD,421,292.0860
MCD,422,292.8181
MCD,423,289.1752
MCD,424,290.9628
MCD,425,290.1943
MCD,426,287.0329
MCD,427,286.7199
MCD,428,284.5621
MCD,429,286.3456
MCD,430,281.3522
MCD,431,279.5075
MCD,432,284.4441
MCD,433,284.6076
MCD,434,276.8322
MCD,435,277.9818
MCD,436,278.2238
MCD,437,281.6029
MCD,438,287.6645
MCD,439,284.3081
MCD,440,287.5028
MCD,441,284.6217
MCD,442,287.5728
MCD,443,294.1106
MCD,444,297.9269
MCD,445,298.4999
MCD,446,297.5994
MCD,447,304.6259
MCD,448,310.8624
MCD,449,308.7994
MCD,450,308.0453
MCD,451,308.3145
MCD,452,305.6771
MCD,453,299.5679
MCD,454,300.7836
MCD,455,299.5877
MCD,456,304.7450
MCD,457,308.4323
MCD,458,308.1565
MCD,459,303.5862
MCD,460,306.3328
MCD,461,305.6328
MCD,462,306.6433
MCD,463,316.5488
MCD,464,312.6613
MCD,465,311.0261
MCD,466,312.1072
MCD,467,318.1757
MCD,468,321.0603
MCD,469,322.1893
MCD,470,313.6351
MCD,471,309.6065
MCD,472,307.7367
MCD,473,311.2169
MCD,474,309.4262
MCD,475,313.0883
MCD,476,310.0206
MCD,477,312.8578
MCD,478,311.1753
MCD,479,310.0574
MCD,480,309.7128
MCD,481,315.8137
MCD,482,319.8486
MCD,483,322.0760
MCD,484,319.7244
MCD,485,327.6995
MCD,486,325.8529
MCD,487,326.7021
MCD,488,324.4841
MCD,489,326.8410
MCD,490,328.0389
MCD,491,332.4793
MCD,492,335.5651
MCD,493,341.8536
MCD,494,341.2374
MCD,495,341.0149
MCD,496,337.0732
MCD,497,333.2080
MCD,498,330.7934
MCD,499,332.5564
MCD,500,329.1117
MCD,501,325.0571
MCD,502,330.3810
MCD,503,326.4756
MCD,504,329.4188
NKE,0,90.0000
NKE,1,91.2023
NKE,2,89.9008
NKE,3,90.7479
NKE,4,89.5138
NKE,5,88.4164
NKE,6,85.0335
NKE,7,83.4914
NKE,8,80.2732
NKE,9,79.9452
NKE,10,81.9591
NKE,11,81.4220
NKE,12,80.8207
NKE,13,81.2437
NKE,14,81.9595
NKE,15,80.8165
NKE,16,82.3865
NKE,17,83.7798
NKE,18,80.3757
NKE,19,82.3232
NKE,20,83.8372
NKE,21,84.1742
NKE,22,85.4362
NKE,23,87.2345
NKE,24,85.2468
NKE,25,84.3012
NKE,26,88.1049
NKE,27,91.0819
NKE,28,89.6599
NKE,29,91.6228
NKE,30,91.0896
NKE,31,92.2309
NKE,32,92.1348
NKE,33,90.1496
NKE,34,89.3893
NKE,35,86.3140
NKE,36,86.6223
NKE,37,83.6461
NKE,38,84.6581
NKE,39,87.2939
NKE,40,88.8732
NKE,41,90.1893
NKE,42,88.7157
NKE,43,90.9903
NKE,44,94.2772
NKE,45,90.7166
NKE,46,90.4839
NKE,47,87.3916
NKE,48,86.7730
NKE,49,86.3418
NKE,50,85.5737
NKE,51,85.1076
NKE,52,83.5133
NKE,53,81.9920
NKE,54,82.1590
NKE,55,85.2178
NKE,56,82.2834
NKE,57,79.6953
NKE,58,81.0742
NKE,59,80.6171
NKE,60,79.4675
NKE,61,78.2212
NKE,62,77.1170
NKE,63,79.0423
NKE,64,80.1405
NKE,65,80.9834
NKE,66,79.5281
NKE,67,79.0263
NKE,68,79.3666
NKE,69,75.6638
NKE,70,76.4948
NKE,71,80.1702
NKE,72,80.6149
NKE,73,77.8556
NKE,74,77.2787
NKE,75,74.1926
NKE,76,74.6344
NKE,77,75.5724
NKE,78,76.6534
NKE,79,76.5557
NKE,80,76.7769
NKE,81,78.6592
NKE,82,79.9807
NKE,83,79.1972
NKE,84,79.5095
NKE,85,81.2251
NKE,86,81.4397
NKE,87,82.4409
NKE,88,82.6035
NKE,89,81.8666
NKE,90,85.0243
NKE,91,83.5941
NKE,92,87.5135
NKE,93,85.4411
NKE,94,84.9425
NKE,95,83.3324
NKE,96,83.9555
NKE,97,81.9358
NKE,98,81.3424
NKE,99,81.0404
NKE,100,82.0621
NKE,101,80.4958
NKE,102,76.8933
NKE,103,74.0413
NKE,104,73.0435
NKE,105,74.0349
NKE,106,76.0889
NKE,107,75.3486
NKE,108,77.7147
NKE,109,75.4940
NKE,110,74.7983
NKE,111,72.6610
NKE,112,76.1034
NKE,113,76.3889
NKE,114,75.6219
NKE,115,75.7483
NKE,116,74.4128
NKE,117,76.4052
NKE,118,77.2116
NKE,119,80.7412
NKE,120,82.5965
NKE,121,82.7944
NKE,122,84.5890
NKE,123,83.5406
NKE,124,84.3087
NKE,125,86.1596
NKE,126,85.1476
NKE,127,82.9161
NKE,128,83.2667
NKE,129,84.1352
NKE,130,82.3555
NKE,131,81.1143
NKE,132,78.1786
NKE,133,75.7306
NKE,134,76.1868
NKE,135,76.1534
NKE,136,73.9529
NKE,137,74.1875
NKE,138,73.3859
NKE,139,73.5150
NKE,140,74.5141
NKE,141,72.0179
NKE,142,70.7549
NKE,143,71.4397
NKE,144,70.7021
NKE,145,72.5389
NKE,146,72.8035
NKE,147,70.9588
NKE,148,68.3448
NKE,149,65.0493
NKE,150,65.1251
NKE,151,65.4890
NKE,152,65.7510
NKE,153,66.2788
NKE,154,65.9102
NKE,155,64.8477
NKE,156,65.5096
NKE,157,63.6171
NKE,158,61.7493
NKE,159,62.1930
NKE,160,61.8413
NKE,161,59.9252
NKE,162,57.6313
NKE,163,55.9503
NKE,164,54.9879
NKE,165,53.7807
NKE,166,54.7513
NKE,167,53.1959
NKE,168,52.1214
NKE,169,50.7974
NKE,170,52.0221
NKE,171,51.8269
NKE,172,52.1250
NKE,173,51.7984
NKE,174,52.1951
NKE,175,53.4211
NKE,176,53.9165
NKE,177,54.5051
NKE,178,54.1965
NKE,179,56.5044
NKE,180,55.8479
NKE,181,55.7415
NKE,182,53.7155
NKE,183,53.0381
NKE,184,54.8727
NKE,185,54.5960
NKE,186,54.8027
NKE,187,53.2881
NKE,188,53.2264
NKE,189,52.6078
NKE,190,51.4003
NKE,191,52.6846
NKE,192,54.5709
NKE,193,55.9611
NKE,194,55.8222
NKE,195,55.8957
NKE,196,56.4321
NKE,197,56.3571
NKE,198,58.6738
NKE,199,57.5185
NKE,200,56.8398
NKE,201,55.6817
NKE,202,53.6836
NKE,203,53.6866
NKE,204,54.2420
NKE,205,53.8505
NKE,206,53.9463
NKE,207,55.0385
NKE,208,55.5005
NKE,209,56.7434
NKE,210,57.1150
NKE,211,59.1819
NKE,212,60.0210
NKE,213,59.0511
NKE,214,59.9831
NKE,215,61.4566
NKE,216,61.6128
NKE,217,61.3967
NKE,218,61.3207
NKE,219,64.2175
NKE,220,63.0824
NKE,221,62.5196
NKE,222,62.7477
NKE,223,63.1798
NKE,224,62.6948
NKE,225,62.4298
NKE,226,63.7467
NKE,227,62.8117
NKE,228,62.1918
NKE,229,62.0783
NKE,230,61.9753
NKE,231,60.6401
NKE,232,61.7988
NKE,233,61.1036
NKE,234,61.6852
NKE,235,61.5598
NKE,236,62.3230
NKE,237,64.2590
NKE,238,63.0418
NKE,239,62.5899
NKE,240,61.6294
NKE,241,62.5055
NKE,242,62.7610
NKE,243,64.2484
NKE,244,64.4835
NKE,245,63.0567
NKE,246,64.8768
NKE,247,63.1601
NKE,248,62.9861
NKE,249,62.2187
NKE,250,62.3655
NKE,251,62.3112
NKE,252,60.9510
NKE,253,59.7239
NKE,254,59.8964
NKE,255,58.7359
NKE,256,59.2285
NKE,257,58.3372
NKE,258,57.2254
NKE,259,58.9507
NKE,260,58.1794
NKE,261,57.5150
NKE,262,58.8740
NKE,263,58.8652
NKE,264,60.4419
NKE,265,59.7960
NKE,266,57.4443
NKE,267,58.3854
NKE,268,59.4044
NKE,269,59.4250
NKE,270,59.9942
NKE,271,58.5951
NKE,272,58.0389
NKE,273,57.1228
NKE,274,56.8429
NKE,275,57.0760
NKE,276,57.6833
NKE,277,59.8338
NKE,278,59.4563
NKE,279,58.1582
NKE,280,57.2727
NKE,281,57.2064
NKE,282,56.8865
NKE,283,56.2385
NKE,284,55.1390
NKE,285,54.7833
NKE,286,56.3268
NKE,287,55.1051
NKE,288,56.5356
NKE,289,55.7091
NKE,290,55.6684
NKE,291,55.7048
NKE,292,57.1345
NKE,293,57.4402
NKE,294,56.8058
NKE,295,56.3663
NKE,296,55.5911
NKE,297,56.7153
NKE,298,57.3509
NKE,299,58.6132
NKE,300,58.7968
NKE,301,58.7134
NKE,302,58.3392
NKE,303,58.1308
NKE,304,57.6415
NKE,305,57.9921
NKE,306,57.0608
NKE,307,57.5078
NKE,308,56.9843
NKE,309,56.2078
NKE,310,56.3970
NKE,311,56.8096
NKE,312,58.6164
NKE,313,59.7537
NKE,314,58.6359
NKE,315,58.8934
NKE,316,58.7033
NKE,317,57.2573
NKE,318,57.5738
NKE,319,56.9179
NKE,320,57.0107
NKE,321,55.9053
NKE,322,56.0815
NKE,323,55.1199
NKE,324,53.4282
NKE,325,52.2931
NKE,326,51.9564
NKE,327,51.8705
NKE,328,51.6899
NKE,329,50.4176
NKE,330,50.4990
NKE,331,50.6217
NKE,332,51.1640
NKE,333,51.0374
NKE,334,51.2238
NKE,335,51.3971
NKE,336,50.1447
NKE,337,49.0524
NKE,338,49.4156
NKE,339,49.5125
NKE,340,48.5345
NKE,341,48.1985
NKE,342,48.3663
NKE,343,48.0274
NKE,344,48.3456
NKE,345,48.6667
NKE,346,50.2255
NKE,347,50.5315
NKE,348,50.4664
NKE,349,49.8831
NKE,350,50.1202
NKE,351,50.2631
NKE,352,50.6633
NKE,353,51.4420
NKE,354,51.1482
NKE,355,51.4227
NKE,356,49.8844
NKE,357,50.3495
NKE,358,51.2203
NKE,359,52.8249
NKE,360,53.1607
NKE,361,52.4676
NKE,362,52.6957
NKE,363,50.8115
NKE,364,50.8184
NKE,365,49.3140
NKE,366,50.8352
NKE,367,50.1187
NKE,368,50.0315
NKE,369,50.9744
NKE,370,50.8811
NKE,371,50.2633
NKE,372,50.6075
NKE,373,51.9642
NKE,374,52.3370
NKE,375,53.2417
NKE,376,52.2886
NKE,377,53.4404
NKE,378,53.1744
NKE,379,51.6719
NKE,380,51.6298
NKE,381,52.0567
NKE,382,51.7487
NKE,383,53.3416
NKE,384,55.4176
NKE,385,54.8358
NKE,386,54.9621
NKE,387,53.0918
NKE,388,53.8538
NKE,389,54.1887
NKE,390,54.2573
NKE,391,54.4828
NKE,392,53.5793
NKE,393,51.6197
NKE,394,52.3404
NKE,395,52.6906
NKE,396,52.5237
NKE,397,51.3090
NKE,398,52.0533
NKE,399,50.9973
NKE,400,52.0692
NKE,401,51.8004
NKE,402,52.7807
NKE,403,53.0857
NKE,404,51.6946
NKE,405,50.6410
NKE,406,49.6718
NKE,407,48.7795
NKE,408,48.9123
NKE,409,48.7802
NKE,410,47.6197
NKE,411,47.4325
NKE,412,48.8662
NKE,413,49.2807
NKE,414,48.6758
NKE,415,47.1472
NKE,416,47.4580
NKE,417,46.8345
NKE,418,45.9951
NKE,419,46.1710
NKE,420,46.4035
NKE,421,46.4176
NKE,422,47.3981
NKE,423,48.3153
NKE,424,48.4609
NKE,425,49.3189
NKE,426,47.7715
NKE,427,48.6752
NKE,428,48.1781
NKE,429,47.8672
NKE,430,49.0136
NKE,431,48.8605
NKE,432,51.4888
NKE,433,51.0522
NKE,434,50.1065
NKE,435,51.1045
NKE,436,52.6307
NKE,437,53.5371
NKE,438,55.3195
NKE,439,54.4741
NKE,440,55.9838
NKE,441,56.5112
NKE,442,58.1574
NKE,443,58.3955
NKE,444,59.2953
NKE,445,60.3683
NKE,446,58.9385
NKE,447,60.1261
NKE,448,61.5857
NKE,449,62.2824
NKE,450,62.2677
NKE,451,61.0522
NKE,452,61.9525
NKE,453,62.1884
NKE,454,62.0639
NKE,455,62.0064
NKE,456,61.9961
NKE,457,60.9374
NKE,458,61.4040
NKE,459,59.5984
NKE,460,60.3589
NKE,461,61.1061
NKE,462,61.3803
NKE,463,63.3220
NKE,464,63.2433
NKE,465,63.8300
NKE,466,65.0560
NKE,467,67.3845
NKE,468,68.7672
NKE,469,69.3620
NKE,470,68.0125
NKE,471,68.4283
NKE,472,68.6814
NKE,473,68.1365
NKE,474,67.8315
NKE,475,69.3735
NKE,476,67.6133
NKE,477,68.0120
NKE,478,66.5229
NKE,479,66.9373
NKE,480,66.2440
NKE,481,68.8652
NKE,482,69.2566
NKE,483,70.9371
NKE,484,70.4758
NKE,485,71.6201
NKE,486,72.3151
NKE,487,70.6908
NKE,488,72.0004
NKE,489,76.0052
NKE,490,76.0376
NKE,491,77.1930
NKE,492,80.0889
NKE,493,80.9913
NKE,494,80.5673
NKE,495,80.1109
NKE,496,80.3004
NKE,497,79.1401
NKE,498,80.3722
NKE,499,78.6136
NKE,500,79.4542
NKE,501,80.3139
NKE,502,78.8355
NKE,503,79.6491
NKE,504,81.7166
SBUX,0,95.0000
SBUX,1,95.1981
SBUX,2,94.7747
SBUX,3,98.0632
SBUX,4,96.3884
SBUX,5,97.6155
SBUX,6,96.0550
SBUX,7,98.4615
SBUX,8,96.0320
SBUX,9,94.3552
SBUX,10,93.9801
SBUX,11,93.1263
SBUX,12,91.3536
SBUX,13,91.6126
SBUX,14,90.1268
SBUX,15,89.6807
SBUX,16,91.8692
SBUX,17,92.8070
SBUX,18,89.0909
SBUX,19,88.5973
SBUX,20,87.4292
SBUX,21,84.1275
SBUX,22,85.0438
SBUX,23,85.6988
SBUX,24,85.6276
SBUX,25,83.9162
SBUX,26,86.4331
SBUX,27,88.2989
SBUX,28,89.3979
SBUX,29,88.5633
SBUX,30,88.9300
SBUX,31,89.7663
SBUX,32,90.4204
SBUX,33,87.7192
SBUX,34,89.8263
SBUX,35,87.0807
SBUX,36,85.0536
SBUX,37,83.9015
SBUX,38,83.5757
SBUX,39,85.4034
SBUX,40,88.2465
SBUX,41,86.3250
SBUX,42,86.4629
SBUX,43,85.2901
SBUX,44,85.7890
SBUX,45,86.0619
SBUX,46,86.6816
SBUX,47,85.1013
SBUX,48,85.7543
SBUX,49,86.0245
SBUX,50,85.4159
SBUX,51,84.2114
SBUX,52,81.7643
SBUX,53,80.5690
SBUX,54,81.7166
SBUX,55,84.9381
SBUX,56,82.9969
SBUX,57,82.4299
SBUX,58,80.4282
SBUX,59,78.7570
SBUX,60,78.9322
SBUX,61,78.1620
SBUX,62,77.1449
SBUX,63,78.8255
SBUX,64,80.3418
SBUX,65,83.7165
SBUX,66,82.6125
SBUX,67,82.2214
SBUX,68,82.9243
SBUX,69,79.8398
SBUX,70,78.9512
SBUX,71,84.1962
SBUX,72,83.8745
SBUX,73,81.9374
SBUX,74,81.4325
SBUX,75,77.3649
SBUX,76,75.4269
SBUX,77,76.9060
SBUX,78,79.0623
SBUX,79,79.4898
SBUX,80,78.7845
SBUX,81,79.4350
SBUX,82,81.6011
SBUX,83,80.5399
SBUX,84,80.7419
SBUX,85,80.1913
SBUX,86,81.2229
SBUX,87,82.2038
SBUX,88,80.5575
SBUX,89,81.7638
SBUX,90,84.6412
SBUX,91,83.9883
SBUX,92,85.8288
SBUX,93,83.9144
SBUX,94,82.5731
SBUX,95,82.5980
SBUX,96,82.7810
SBUX,97,81.8021
SBUX,98,81.1816
SBUX,99,80.9519
SBUX,100,81.9408
SBUX,101,79.6236
SBUX,102,77.0658
SBUX,103,76.3395
SBUX,104,76.4867
SBUX,105,76.2830
SBUX,106,78.5191
SBUX,107,76.8253
SBUX,108,78.2085
SBUX,109,78.0698
SBUX,110,75.4656
SBUX,111,74.2568
SBUX,112,77.0741
SBUX,113,77.5033
SBUX,114,75.5729
SBUX,115,77.5899
SBUX,116,76.3658
SBUX,117,75.5391
SBUX,118,74.2218
SBUX,119,77.6245
SBUX,120,77.9719
SBUX,121,78.3553
SBUX,122,80.9147
SBUX,123,79.9019
SBUX,124,79.8630
SBUX,125,80.4791
SBUX,126,81.3108
SBUX,127,81.4804
SBUX,128,80.8123
SBUX,129,79.2349
SBUX,130,77.3055
SBUX,131,77.0151
SBUX,132,75.8732
SBUX,133,73.0312
SBUX,134,72.8310
SBUX,135,74.0092
SBUX,136,72.4796
SBUX,137,74.3008
SBUX,138,72.1457
SBUX,139,72.2682
SBUX,140,72.8470
SBUX,141,71.7676
SBUX,142,69.9409
SBUX,143,68.2603
SBUX,144,68.6540
SBUX,145,68.6291
SBUX,146,70.0075
SBUX,147,67.9880
SBUX,148,67.6397
SBUX,149,66.1729
SBUX,150,65.6788
SBUX,151,65.3300
SBUX,152,65.8630
SBUX,153,66.4757
SBUX,154,66.2641
SBUX,155,65.2707
SBUX,156,64.8595
SBUX,157,63.6373
SBUX,158,63.0371
SBUX,159,61.7266
SBUX,160,61.2642
SBUX,161,58.9132
SBUX,162,58.0569
SBUX,163,54.6876
SBUX,164,54.7468
SBUX,165,56.2449
SBUX,166,57.2891
SBUX,167,57.3856
SBUX,168,56.1889
SBUX,169,54.7834
SBUX,170,56.1758
SBUX,171,56.6479
SBUX,172,58.4046
SBUX,173,58.7949
SBUX,174,57.7300
SBUX,175,56.8632
SBUX,176,56.1138
SBUX,177,56.3030
SBUX,178,58.1612
SBUX,179,58.9612
SBUX,180,57.4225
SBUX,181,58.4623
SBUX,182,58.3995
SBUX,183,56.8980
SBUX,184,57.4022
SBUX,185,58.7349
SBUX,186,58.2562
SBUX,187,57.1744
SBUX,188,56.6780
SBUX,189,55.8910
SBUX,190,54.8878
SBUX,191,56.2844
SBUX,192,57.1884
SBUX,193,58.7296
SBUX,194,59.4370
SBUX,195,59.5800
SBUX,196,59.4412
SBUX,197,58.3450
SBUX,198,59.6790
SBUX,199,59.3615
SBUX,200,59.8272
SBUX,201,60.1334
SBUX,202,59.2116
SBUX,203,58.9585
SBUX,204,57.9935
SBUX,205,57.9672
SBUX,206,56.1643
SBUX,207,55.8849
SBUX,208,57.0080
SBUX,209,58.0474
SBUX,210,58.3248
SBUX,211,58.4308
SBUX,212,59.1944
SBUX,213,58.4922
SBUX,214,57.0175
SBUX,215,58.2350
SBUX,216,58.8006
SBUX,217,59.2871
SBUX,218,58.7536
SBUX,219,58.9497
SBUX,220,58.9801
SBUX,221,58.6903
SBUX,222,60.4353
SBUX,223,59.3925
SBUX,224,60.2104
SBUX,225,58.9034
SBUX,226,59.7632
SBUX,227,58.5802
SBUX,228,58.6720
SBUX,229,59.2206
SBUX,230,58.8362
SBUX,231,59.4899
SBUX,232,59.5010
SBUX,233,59.5994
SBUX,234,58.7689
SBUX,235,58.2802
SBUX,236,59.5391
SBUX,237,62.6033
SBUX,238,62.3545
SBUX,239,61.8034
SBUX,240,61.6598
SBUX,241,61.5338
SBUX,242,61.2503
SBUX,243,62.2940
SBUX,244,62.9778
SBUX,245,62.2090
SBUX,246,62.4589
SBUX,247,62.5756
SBUX,248,63.1561
SBUX,249,63.1504
SBUX,250,63.3897
SBUX,251,63.4836
SBUX,252,63.0192
SBUX,253,62.3370
SBUX,254,61.0521
SBUX,255,61.2182
SBUX,256,62.8389
SBUX,257,63.4849
SBUX,258,62.1634
SBUX,259,64.3419
SBUX,260,62.2762
SBUX,261,62.4512
SBUX,262,63.3387
SBUX,263,62.0542
SBUX,264,62.7648
SBUX,265,62.7334
SBUX,266,60.2294
SBUX,267,60.8053
SBUX,268,61.2490
SBUX,269,61.1719
SBUX,270,62.1365
SBUX,271,63.2280
SBUX,272,62.7883
SBUX,273,61.3272
SBUX,274,62.0793
SBUX,275,61.8976
SBUX,276,62.2707
SBUX,277,61.2227
SBUX,278,61.3062
SBUX,279,61.6692
SBUX,280,61.1155
SBUX,281,62.4363
SBUX,282,61.2631
SBUX,283,60.8445
SBUX,284,60.8015
SBUX,285,59.8797
SBUX,286,61.1076
SBUX,287,61.8170
SBUX,288,60.7292
SBUX,289,61.4014
SBUX,290,60.8284
SBUX,291,61.6038
SBUX,292,60.0824
SBUX,293,59.2994
SBUX,294,59.8809
SBUX,295,60.2673
SBUX,296,59.6476
SBUX,297,60.8942
SBUX,298,61.6660
SBUX,299,62.0233
SBUX,300,62.8474
SBUX,301,63.1588
SBUX,302,62.8741
SBUX,303,63.8235
SBUX,304,63.5314
SBUX,305,64.7789
SBUX,306,64.7499
SBUX,307,64.3375
SBUX,308,61.9122
SBUX,309,60.5280
SBUX,310,60.5677
SBUX,311,60.6770
SBUX,312,62.0811
SBUX,313,62.1091
SBUX,314,60.8567
SBUX,315,60.0016
SBUX,316,59.4029
SBUX,317,57.6818
SBUX,318,57.9841
SBUX,319,59.1494
SBUX,320,58.4027
SBUX,321,56.8288
SBUX,322,59.1490
SBUX,323,58.1824
SBUX,324,56.9447
SBUX,325,55.8912
SBUX,326,55.8077
SBUX,327,54.4006
SBUX,328,54.4636
SBUX,329,53.9582
SBUX,330,53.8200
SBUX,331,53.9515
SBUX,332,52.8157
SBUX,333,51.4853
SBUX,334,52.4008
SBUX,335,53.0985
SBUX,336,53.2030
SBUX,337,53.3095
SBUX,338,52.1616
SBUX,339,52.0988
SBUX,340,50.6226
SBUX,341,51.1244
SBUX,342,52.2971
SBUX,343,53.0648
SBUX,344,52.8910
SBUX,345,52.3613
SBUX,346,54.4123
SBUX,347,53.6539
SBUX,348,52.7499
SBUX,349,51.2732
SBUX,350,51.6822
SBUX,351,51.8026
SBUX,352,51.9790
SBUX,353,52.1010
SBUX,354,51.0869
SBUX,355,52.0386
SBUX,356,51.4501
SBUX,357,52.6596
SBUX,358,53.3986
SBUX,359,55.0870
SBUX,360,54.9840
SBUX,361,54.7765
SBUX,362,55.1086
SBUX,363,53.4068
SBUX,364,53.1702
SBUX,365,52.2589
SBUX,366,53.6216
SBUX,367,52.7295
SBUX,368,52.5424
SBUX,369,52.0998
SBUX,370,51.6743
SBUX,371,51.7365
SBUX,372,52.0314
SBUX,373,53.1686
SBUX,374,53.6349
SBUX,375,53.0694
SBUX,376,52.7756
SBUX,377,52.9338
SBUX,378,53.8557
SBUX,379,52.5617
SBUX,380,52.7201
SBUX,381,52.7701
SBUX,382,52.9645
SBUX,383,54.5914
SBUX,384,55.7753
SBUX,385,54.6505
SBUX,386,55.6516
SBUX,387,55.0427
SBUX,388,55.6785
SBUX,389,55.0890
SBUX,390,55.0754
SBUX,391,54.3160
SBUX,392,54.1906
SBUX,393,54.9248
SBUX,394,54.6674
SBUX,395,55.0965
SBUX,396,55.1479
SBUX,397,57.0638
SBUX,398,57.5116
SBUX,399,57.3713
SBUX,400,58.5435
SBUX,401,57.0700
SBUX,402,56.9745
SBUX,403,57.9228
SBUX,404,57.3897
SBUX,405,57.3644
SBUX,406,57.8300
SBUX,407,58.3126
SBUX,408,58.7170
SBUX,409,58.8030
SBUX,410,57.9360
SBUX,411,57.7623
SBUX,412,58.4160
SBUX,413,59.2263
SBUX,414,58.2471
SBUX,415,59.3685
SBUX,416,58.9144
SBUX,417,57.8826
SBUX,418,56.7159
SBUX,419,55.9025
SBUX,420,57.2957
SBUX,421,55.8988
SBUX,422,56.3246
SBUX,423,57.0401
SBUX,424,56.9400
SBUX,425,56.9646
SBUX,426,56.5759
SBUX,427,57.0825
SBUX,428,55.7047
SBUX,429,56.4018
SBUX,430,57.1610
SBUX,431,57.0320
SBUX,432,58.3120
SBUX,433,57.6155
SBUX,434,56.8454
SBUX,435,56.9762
SBUX,436,56.6756
SBUX,437,55.8994
SBUX,438,56.9468
SBUX,439,56.4655
SBUX,440,58.2603
SBUX,441,58.2390
SBUX,442,59.2895
SBUX,443,60.7052
SBUX,444,62.8176
SBUX,445,64.5211
SBUX,446,64.5367
SBUX,447,65.3548
SBUX,448,67.9574
SBUX,449,67.5713
SBUX,450,67.9139
SBUX,451,66.6289
SBUX,452,65.7784
SBUX,453,65.7171
SBUX,454,65.5882
SBUX,455,66.0795
SBUX,456,68.5095
SBUX,457,68.9531
SBUX,458,70.3419
SBUX,459,68.7173
SBUX,460,68.2763
SBUX,461,66.6633
SBUX,462,66.9723
SBUX,463,69.6062
SBUX,464,68.5976
SBUX,465,69.2754
SBUX,466,70.0090
SBUX,467,72.8111
SBUX,468,72.3735
SBUX,469,73.4759
SBUX,470,74.8824
SBUX,471,74.0763
SBUX,472,75.8710
SBUX,473,76.3726
SBUX,474,77.2093
SBUX,475,79.7017
SBUX,476,79.7314
SBUX,477,80.7025
SBUX,478,80.2951
SBUX,479,78.9817
SBUX,480,77.5705
SBUX,481,79.5835
SBUX,482,78.9698
SBUX,483,79.4455
SBUX,484,81.1396
SBUX,485,83.9477
SBUX,486,86.0992
SBUX,487,87.9720
SBUX,488,88.7578
SBUX,489,89.3254
SBUX,490,89.8559
SBUX,491,92.4017
SBUX,492,94.3173
SBUX,493,94.7457
SBUX,494,97.0780
SBUX,495,97.5121
SBUX,496,95.7562
SBUX,497,94.4598
SBUX,498,93.0964
SBUX,499,92.5260
SBUX,500,90.7043
SBUX,501,89.4156
SBUX,502,88.9662
SBUX,503,88.6194
SBUX,504,89.8038
LOW,0,230.0000
LOW,1,230.3308
LOW,2,227.4787
LOW,3,223.7654
LOW,4,222.2414
LOW,5,225.6876
LOW,6,220.8730
LOW,7,218.8915
LOW,8,215.5941
LOW,9,214.8305
LOW,10,209.1023
LOW,11,209.7528
LOW,12,205.7485
LOW,13,204.1700
LOW,14,209.0118
LOW,15,205.5728
LOW,16,208.5000
LOW,17,209.2487
LOW,18,201.8420
LOW,19,203.5952
LOW,20,200.8580
LOW,21,198.4400
LOW,22,201.2026
LOW,23,202.3591
LOW,24,200.2703
LOW,25,196.9966
LOW,26,205.8433
LOW,27,211.9686
LOW,28,211.7906
LOW,29,213.6588
LOW,30,215.6048
LOW,31,217.5910
LOW,32,222.8953
LOW,33,218.7004
LOW,34,226.7953
LOW,35,217.5153
LOW,36,215.4525
LOW,37,214.2590
LOW,38,213.1387
LOW,39,212.4492
LOW,40,217.5802
LOW,41,217.2476
LOW,42,217.7404
LOW,43,215.5150
LOW,44,218.2355
LOW,45,215.1631
LOW,46,214.1914
LOW,47,210.2907
LOW,48,211.2107
LOW,49,217.7593
LOW,50,216.0654
LOW,51,216.5244
LOW,52,214.3616
LOW,53,213.6277
LOW,54,208.3319
LOW,55,212.2734
LOW,56,210.4852
LOW,57,205.1137
LOW,58,208.1641
LOW,59,207.7560
LOW,60,207.2478
LOW,61,201.7702
LOW,62,198.2554
LOW,63,202.4834
LOW,64,203.9971
LOW,65,206.0650
LOW,66,201.6113
LOW,67,201.8404
LOW,68,202.5511
LOW,69,197.6437
LOW,70,199.5464
LOW,71,207.6832
LOW,72,211.9963
LOW,73,203.8897
LOW,74,201.4137
LOW,75,194.6528
LOW,76,191.6710
LOW,77,195.8010
LOW,78,198.9757
LOW,79,198.9500
LOW,80,200.5990
LOW,81,203.3326
LOW,82,206.9879
LOW,83,204.5853
LOW,84,208.3213
LOW,85,203.5250
LOW,86,204.0330
LOW,87,205.1298
LOW,88,202.6314
LOW,89,205.2871
LOW,90,208.1858
LOW,91,203.6981
LOW,92,205.9710
LOW,93,206.5625
LOW,94,207.9430
LOW,95,206.2764
LOW,96,208.8019
LOW,97,208.3285
LOW,98,204.3021
LOW,99,204.3120
LOW,100,207.3136
LOW,101,201.1516
LOW,102,196.1111
LOW,103,193.1783
LOW,104,193.3485
LOW,105,199.6713
LOW,106,201.5452
LOW,107,201.8844
LOW,108,199.9541
LOW,109,197.1338
LOW,110,193.6209
LOW,111,191.5639
LOW,112,195.8067
LOW,113,197.0089
LOW,114,198.8920
LOW,115,203.7030
LOW,116,203.0482
LOW,117,208.8662
LOW,118,207.3700
LOW,119,212.6970
LOW,120,213.0525
LOW,121,214.7376
LOW,122,218.5790
LOW,123,216.8514
LOW,124,218.1031
LOW,125,218.5950
LOW,126,216.0895
LOW,127,216.9359
LOW,128,219.2946
LOW,129,216.0739
LOW,130,211.3517
LOW,131,209.3110
LOW,132,210.8449
LOW,133,212.2706
LOW,134,213.2306
LOW,135,211.8808
LOW,136,209.5699
LOW,137,211.6240
LOW,138,208.6425
LOW,139,214.1145
LOW,140,217.0195
LOW,141,214.6457
LOW,142,207.0995
LOW,143,209.2644
LOW,144,206.7830
LOW,145,209.4461
LOW,146,210.9566
LOW,147,208.8203
LOW,148,211.5455
LOW,149,207.3782
LOW,150,203.6735
LOW,151,198.3815
LOW,152,196.5503
LOW,153,197.8314
LOW,154,198.1162
LOW,155,196.7080
LOW,156,197.3640
LOW,157,193.3302
LOW,158,191.9103
LOW,159,193.3735
LOW,160,195.6878
LOW,161,190.2442
LOW,162,190.2389
LOW,163,180.6947
LOW,164,182.9565
LOW,165,180.9546
LOW,166,184.4383
LOW,167,188.2580
LOW,168,188.1586
LOW,169,185.7581
LOW,170,186.7308
LOW,171,186.0562
LOW,172,189.4486
LOW,173,190.3225
LOW,174,190.2877
LOW,175,191.3000
LOW,176,192.9826
LOW,177,195.0081
LOW,178,193.7723
LOW,179,201.2393
LOW,180,200.3261
LOW,181,197.9592
LOW,182,197.9897
LOW,183,195.7102
LOW,184,198.6472
LOW,185,199.4697
LOW,186,199.9746
LOW,187,192.4957
LOW,188,190.6672
LOW,189,190.9522
LOW,190,190.0748
LOW,191,194.4589
LOW,192,192.7104
LOW,193,196.9111
LOW,194,194.6031
LOW,195,196.8445
LOW,196,196.8701
LOW,197,195.1381
LOW,198,197.7233
LOW,199,197.1308
LOW,200,193.5128
LOW,201,191.5813
LOW,202,187.4938
LOW,203,190.2072
LOW,204,185.6327
LOW,205,183.5242
LOW,206,181.1920
LOW,207,182.4249
LOW,208,187.3890
LOW,209,191.8594
LOW,210,193.5739
LOW,211,191.6958
LOW,212,190.9116
LOW,213,191.3465
LOW,214,193.7454
LOW,215,196.2931
LOW,216,200.5067
LOW,217,202.6995
LOW,218,199.7531
LOW,219,201.7673
LOW,220,199.7201
LOW,221,197.0914
LOW,222,202.4389
LOW,223,200.8321
LOW,224,197.7819
LOW,225,194.1676
LOW,226,198.1539
LOW,227,200.2104
LOW,228,197.6005
LOW,229,195.7471
LOW,230,196.7177
LOW,231,196.4715
LOW,232,199.3232
LOW,233,200.4474
LOW,234,202.3479
LOW,235,200.5362
LOW,236,202.9499
LOW,237,207.4875
LOW,238,213.6450
LOW,239,211.2696
LOW,240,201.2969
LOW,241,196.0959
LOW,242,199.3752
LOW,243,205.7901
LOW,244,208.0044
LOW,245,204.2071
LOW,246,207.8232
LOW,247,204.5265
LOW,248,208.8851
LOW,249,209.9231
LOW,250,209.4581
LOW,251,209.0648
LOW,252,210.1984
LOW,253,209.4237
LOW,254,212.2084
LOW,255,212.6599
LOW,256,215.4929
LOW,257,215.4058
LOW,258,212.4212
LOW,259,214.0267
LOW,260,212.7822
LOW,261,214.0042
LOW,262,216.1306
LOW,263,210.8864
LOW,264,214.2322
LOW,265,213.2989
LOW,266,200.7311
LOW,267,205.2621
LOW,268,207.8384
LOW,269,202.4496
LOW,270,203.1516
LOW,271,205.2451
LOW,272,203.7906
LOW,273,200.6430
LOW,274,199.7803
LOW,275,199.7336
LOW,276,206.6830
LOW,277,207.8530
LOW,278,208.7909
LOW,279,207.3173
LOW,280,204.7323
LOW,281,206.2692
LOW,282,205.6905
LOW,283,205.7304
LOW,284,206.1176
LOW,285,207.0295
LOW,286,210.2499
LOW,287,215.2248
LOW,288,214.0799
LOW,289,210.2762
LOW,290,209.9518
LOW,291,208.1268
LOW,292,209.1089
LOW,293,213.0439
LOW,294,213.4249
LOW,295,214.3671
LOW,296,210.2668
LOW,297,211.4657
LOW,298,215.3432
LOW,299,219.1404
LOW,300,220.4839
LOW,301,221.5275
LOW,302,221.6042
LOW,303,228.4750
LOW,304,223.9262
LOW,305,225.4089
LOW,306,221.8496
LOW,307,219.5506
LOW,308,216.9377
LOW,309,209.1000
LOW,310,210.3606
LOW,311,212.9739
LOW,312,215.7623
LOW,313,217.6384
LOW,314,213.7832
LOW,315,215.7279
LOW,316,216.4624
LOW,317,208.2034
LOW,318,210.4263
LOW,319,213.1268
LOW,320,212.4839
LOW,321,209.1182
LOW,322,208.0514
LOW,323,202.5974
LOW,324,199.4971
LOW,325,198.1886
LOW,326,202.0754
LOW,327,191.6681
LOW,328,189.5032
LOW,329,190.0896
LOW,330,192.0862
LOW,331,196.2251
LOW,332,195.6047
LOW,333,194.0004
LOW,334,194.6831
LOW,335,194.4463
LOW,336,190.8096
LOW,337,188.2539
LOW,338,188.2474
LOW,339,189.4205
LOW,340,186.3625
LOW,341,186.9566
LOW,342,184.4545
LOW,343,187.0319
LOW,344,186.8760
LOW,345,188.8044
LOW,346,192.8630
LOW,347,193.7858
LOW,348,190.9040
LOW,349,190.2065
LOW,350,193.5766
LOW,351,193.4057
LOW,352,193.8380
LOW,353,195.5511
LOW,354,194.1153
LOW,355,194.9150
LOW,356,192.3558
LOW,357,197.2333
LOW,358,196.8753
LOW,359,202.0555
LOW,360,201.9554
LOW,361,199.9372
LOW,362,202.9070
LOW,363,200.3613
LOW,364,201.9154
LOW,365,199.2085
LOW,366,204.3134
LOW,367,200.7934
LOW,368,203.8642
LOW,369,205.7411
LOW,370,208.9938
LOW,371,210.0752
LOW,372,212.5130
LOW,373,217.5557
LOW,374,215.4183
LOW,375,210.2559
LOW,376,207.6115
LOW,377,205.1610
LOW,378,205.4024
LOW,379,199.5758
LOW,380,198.3673
LOW,381,200.7450
LOW,382,201.0707
LOW,383,205.7918
LOW,384,206.4260
LOW,385,204.1589
LOW,386,203.5568
LOW,387,197.6804
LOW,388,196.6029
LOW,389,195.7246
LOW,390,195.8924
LOW,391,196.2666
LOW,392,194.1790
LOW,393,192.2873
LOW,394,194.4984
LOW,395,194.1153
LOW,396,190.5903
LOW,397,192.0353
LOW,398,191.1014
LOW,399,191.0404
LOW,400,189.7795
LOW,401,189.2643
LOW,402,189.3371
LOW,403,190.7628
LOW,404,191.1131
LOW,405,190.0997
LOW,406,190.9944
LOW,407,188.2462
LOW,408,186.4231
LOW,409,187.6662
LOW,410,183.2398
LOW,411,186.7145
LOW,412,187.0731
LOW,413,190.9058
LOW,414,186.6629
LOW,415,186.6854
LOW,416,188.9246
LOW,417,190.8821
LOW,418,184.1949
LOW,419,179.3613
LOW,420,182.4038
LOW,421,181.9804
LOW,422,184.9436
LOW,423,188.1445
LOW,424,190.8217
LOW,425,191.6140
LOW,426,188.1348
LOW,427,184.1639
LOW,428,180.0965
LOW,429,181.0324
LOW,430,180.3865
LOW,431,178.6894
LOW,432,180.5156
LOW,433,180.6963
LOW,434,179.9166
LOW,435,179.7774
LOW,436,183.3540
LOW,437,182.6348
LOW,438,185.6016
LOW,439,187.8664
LOW,440,191.2452
LOW,441,188.7576
LOW,442,193.2242
LOW,443,194.4653
LOW,444,197.7552
LOW,445,202.3051
LOW,446,201.0126
LOW,447,208.8055
LOW,448,212.7858
LOW,449,208.8881
LOW,450,210.2136
LOW,451,210.0240
LOW,452,209.4339
LOW,453,210.7989
LOW,454,214.1652
LOW,455,214.8695
LOW,456,218.4114
LOW,457,227.1335
LOW,458,232.8395
LOW,459,230.9418
LOW,460,227.0686
LOW,461,225.8125
LOW,462,229.2081
LOW,463,236.4427
LOW,464,233.8470
LOW,465,234.9372
LOW,466,234.7476
LOW,467,238.3269
LOW,468,238.0615
LOW,469,236.2335
LOW,470,234.3075
LOW,471,228.6373
LOW,472,228.4367
LOW,473,231.4111
LOW,474,226.1614
LOW,475,227.4095
LOW,476,228.0579
LOW,477,231.2304
LOW,478,226.7777
LOW,479,225.0735
LOW,480,223.9508
LOW,481,233.0908
LOW,482,231.1859
LOW,483,231.8962
LOW,484,232.1089
LOW,485,238.1128
LOW,486,242.0387
LOW,487,246.3160
LOW,488,253.8914
LOW,489,255.7501
LOW,490,256.8160
LOW,491,268.9826
LOW,492,277.2270
LOW,493,279.8801
LOW,494,278.6467
LOW,495,276.9170
LOW,496,269.2612
LOW,497,262.4455
LOW,498,262.1647
LOW,499,257.0926
LOW,500,260.4845
LOW,501,255.6447
LOW,502,260.7939
LOW,503,256.0897
LOW,504,262.0660
TJX,0,110.0000
TJX,1,107.8308
TJX,2,108.4820
TJX,3,110.7769
TJX,4,110.0988
TJX,5,110.0341
TJX,6,108.5615
TJX,7,107.5675
TJX,8,106.3920
TJX,9,106.6683
TJX,10,105.9811
TJX,11,104.6497
TJX,12,106.2186
TJX,13,105.8989
TJX,14,108.5652
TJX,15,107.3654
TJX,16,108.4477
TJX,17,109.0727
TJX,18,105.9002
TJX,19,105.9920
TJX,20,106.2420
TJX,21,105.4220
TJX,22,105.2300
TJX,23,106.4561
TJX,24,106.5165
TJX,25,104.4702
TJX,26,107.8424
TJX,27,111.0023
TJX,28,111.2850
TJX,29,110.9075
TJX,30,110.5283
TJX,31,110.5783
TJX,32,110.6485
TJX,33,109.5658
TJX,34,113.9878
TJX,35,112.0716
TJX,36,110.1113
TJX,37,108.5264
TJX,38,109.0380
TJX,39,110.1385
TJX,40,112.1233
TJX,41,111.6827
TJX,42,109.6728
TJX,43,110.1850
TJX,44,112.0719
TJX,45,109.8774
TJX,46,110.2464
TJX,47,107.4471
TJX,48,107.4924
TJX,49,105.6374
TJX,50,105.7944
TJX,51,105.8293
TJX,52,104.9012
TJX,53,103.7479
TJX,54,100.9424
TJX,55,103.2156
TJX,56,102.2172
TJX,57,102.9052
TJX,58,102.2511
TJX,59,103.5747
TJX,60,101.8594
TJX,61,100.5773
TJX,62,100.7582
TJX,63,99.3659
TJX,64,98.9873
TJX,65,99.1900
TJX,66,100.6269
TJX,67,99.7366
TJX,68,100.0171
TJX,69,99.0817
TJX,70,97.4152
TJX,71,98.6818
TJX,72,97.8585
TJX,73,94.4406
TJX,74,93.3638
TJX,75,89.0977
TJX,76,90.0131
TJX,77,91.9934
TJX,78,93.9534
TJX,79,92.6019
TJX,80,92.4482
TJX,81,93.3542
TJX,82,95.4916
TJX,83,94.1456
TJX,84,93.9971
TJX,85,93.6600
TJX,86,93.6152
TJX,87,94.4991
TJX,88,94.3853
TJX,89,94.5000
TJX,90,95.1288
TJX,91,94.7022
TJX,92,95.4619
TJX,93,95.2620
TJX,94,93.5683
TJX,95,94.5910
TJX,96,95.4191
TJX,97,93.3653
TJX,98,93.6408
TJX,99,92.2337
TJX,100,94.4131
TJX,101,92.8186
TJX,102,91.8339
TJX,103,90.4521
TJX,104,92.2208
TJX,105,92.9857
TJX,106,93.6995
TJX,107,94.2670
TJX,108,94.5298
TJX,109,92.8920
TJX,110,92.4726
TJX,111,89.0026
TJX,112,92.1726
TJX,113,92.6517
TJX,114,91.8996
TJX,115,94.1208
TJX,116,92.1723
TJX,117,92.5726
TJX,118,91.0976
TJX,119,92.8554
TJX,120,92.7278
TJX,121,91.8246
TJX,122,92.1921
TJX,123,89.7849
TJX,124,91.3329
TJX,125,89.6858
TJX,126,90.1822
TJX,127,90.7202
TJX,128,90.6206
TJX,129,89.5500
TJX,130,88.2931
TJX,131,88.9925
TJX,132,86.3544
TJX,133,85.1701
TJX,134,86.3409
TJX,135,86.9005
TJX,136,86.3473
TJX,137,86.0845
TJX,138,86.7700
TJX,139,86.4472
TJX,140,84.8387
TJX,141,85.6099
TJX,142,82.7166
TJX,143,82.8686
TJX,144,81.2620
TJX,145,82.3686
TJX,146,82.1780
TJX,147,80.3351
TJX,148,79.2747
TJX,149,77.0943
TJX,150,78.1546
TJX,151,76.9008
TJX,152,77.3971
TJX,153,76.3420
TJX,154,75.8646
TJX,155,74.2561
TJX,156,75.3427
TJX,157,75.1619
TJX,158,73.8914
TJX,159,73.2930
TJX,160,72.6285
TJX,161,70.8251
TJX,162,70.7751
TJX,163,68.8050
TJX,164,69.2408
TJX,165,69.5345
TJX,166,70.4644
TJX,167,70.6720
TJX,168,69.3250
TJX,169,69.5524
TJX,170,69.5298
TJX,171,70.6622
TJX,172,71.5289
TJX,173,71.6050
TJX,174,72.3618
TJX,175,73.7147
TJX,176,74.0239
TJX,177,75.6246
TJX,178,75.0969
TJX,179,76.9088
TJX,180,77.1108
TJX,181,76.9875
TJX,182,76.9699
TJX,183,76.1344
TJX,184,75.7889
TJX,185,76.0241
TJX,186,76.8495
TJX,187,76.3604
TJX,188,77.6782
TJX,189,78.7456
TJX,190,77.8330
TJX,191,79.5887
TJX,192,81.5930
TJX,193,82.0558
TJX,194,83.0201
TJX,195,83.9359
TJX,196,84.0610
TJX,197,83.9978
TJX,198,85.1879
TJX,199,86.2836
TJX,200,85.4869
TJX,201,85.5077
TJX,202,83.5863
TJX,203,83.9846
TJX,204,82.7898
TJX,205,82.6369
TJX,206,82.4147
TJX,207,83.5477
TJX,208,84.5156
TJX,209,85.1463
TJX,210,86.1819
TJX,211,85.7718
TJX,212,87.6942
TJX,213,87.6612
TJX,214,85.3152
TJX,215,86.8923
TJX,216,87.7796
TJX,217,87.1305
TJX,218,87.0406
TJX,219,88.4008
TJX,220,88.4943
TJX,221,88.3383
TJX,222,89.6200
TJX,223,90.1144
TJX,224,89.1672
TJX,225,87.4771
TJX,226,88.1360
TJX,227,87.0214
TJX,228,87.2077
TJX,229,87.9638
TJX,230,89.3385
TJX,231,87.0519
TJX,232,87.4005
TJX,233,87.2623
TJX,234,86.5494
TJX,235,84.8655
TJX,236,86.1228
TJX,237,90.3731
TJX,238,90.4631
TJX,239,90.4387
TJX,240,88.3574
TJX,241,88.4758
TJX,242,88.4275
TJX,243,87.9748
TJX,244,88.9076
TJX,245,87.0704
TJX,246,87.0217
TJX,247,86.1423
TJX,248,86.5525
TJX,249,85.9335
TJX,250,87.2025
TJX,251,88.0721
TJX,252,89.1510
TJX,253,90.0868
TJX,254,88.9117
TJX,255,87.8724
TJX,256,89.5063
TJX,257,90.2652
TJX,258,88.1440
TJX,259,90.1398
TJX,260,90.6993
TJX,261,91.6956
TJX,262,92.4381
TJX,263,93.6987
TJX,264,94.5860
TJX,265,94.7212
TJX,266,93.2823
TJX,267,94.6331
TJX,268,95.0890
TJX,269,95.6581
TJX,270,95.7003
TJX,271,95.4651
TJX,272,95.2271
TJX,273,92.9691
TJX,274,93.6625
TJX,275,93.9546
TJX,276,94.8062
TJX,277,94.8183
TJX,278,93.1583
TJX,279,93.0142
TJX,280,92.8694
TJX,281,90.9490
TJX,282,90.5641
TJX,283,90.9768
TJX,284,91.0026
TJX,285,92.4334
TJX,286,93.3247
TJX,287,93.5411
TJX,288,94.6333
TJX,289,93.2507
TJX,290,93.2603
TJX,291,93.8286
TJX,292,94.1853
TJX,293,94.1320
TJX,294,93.1401
TJX,295,93.6138
TJX,296,92.2786
TJX,297,90.5909
TJX,298,92.6031
TJX,299,93.8339
TJX,300,94.3281
TJX,301,94.9441
TJX,302,93.6304
TJX,303,94.4144
TJX,304,93.9897
TJX,305,94.0369
TJX,306,92.7239
TJX,307,92.8521
TJX,308,91.1274
TJX,309,89.2239
TJX,310,89.8592
TJX,311,90.3343
TJX,312,90.9919
TJX,313,91.6861
TJX,314,93.2756
TJX,315,93.8747
TJX,316,93.5405
TJX,317,92.4517
TJX,318,92.4197
TJX,319,93.0850
TJX,320,93.5195
TJX,321,93.2203
TJX,322,93.3933
TJX,323,92.7387
TJX,324,91.4491
TJX,325,89.7098
TJX,326,90.7696
TJX,327,87.0900
TJX,328,87.1462
TJX,329,86.6413
TJX,330,86.8068
TJX,331,87.4347
TJX,332,87.4567
TJX,333,89.1044
TJX,334,88.6798
TJX,335,89.7771
TJX,336,89.6822
TJX,337,90.9117
TJX,338,89.4619
TJX,339,91.2476
TJX,340,88.3516
TJX,341,89.9721
TJX,342,91.4916
TJX,343,91.4880
TJX,344,93.4144
TJX,345,94.0930
TJX,346,93.4269
TJX,347,93.3383
TJX,348,93.4931
TJX,349,93.3965
TJX,350,93.5762
TJX,351,92.4316
TJX,352,94.5969
TJX,353,96.0662
TJX,354,96.1851
TJX,355,97.1676
TJX,356,98.0479
TJX,357,97.4765
TJX,358,97.7318
TJX,359,99.4195
TJX,360,99.7926
TJX,361,100.9110
TJX,362,102.7240
TJX,363,102.1373
TJX,364,102.6755
TJX,365,101.5287
TJX,366,103.1141
TJX,367,101.3455
TJX,368,102.4006
TJX,369,101.1171
TJX,370,100.8184
TJX,371,99.1957
TJX,372,100.4071
TJX,373,102.1833
TJX,374,101.7254
TJX,375,100.1837
TJX,376,99.7385
TJX,377,100.5329
TJX,378,100.9226
TJX,379,98.4733
TJX,380,98.7743
TJX,381,99.4265
TJX,382,99.0197
TJX,383,102.3041
TJX,384,103.1732
TJX,385,102.4904
TJX,386,102.4697
TJX,387,100.8595
TJX,388,97.7338
TJX,389,98.2488
TJX,390,98.2463
TJX,391,97.7651
TJX,392,97.6674
TJX,393,98.2651
TJX,394,98.2640
TJX,395,97.8075
TJX,396,97.3480
TJX,397,96.6823
TJX,398,96.3920
TJX,399,94.4545
TJX,400,94.2601
TJX,401,93.7831
TJX,402,93.4209
TJX,403,91.7009
TJX,404,90.7015
TJX,405,90.8230
TJX,406,91.6533
TJX,407,89.9467
TJX,408,91.0266
TJX,409,92.8247
TJX,410,91.3944
TJX,411,90.2270
TJX,412,90.4445
TJX,413,91.5135
TJX,414,91.3096
TJX,415,91.8356
TJX,416,92.7726
TJX,417,91.5126
TJX,418,91.6802
TJX,419,89.3591
TJX,420,92.1947
TJX,421,92.0158
TJX,422,92.4026
TJX,423,92.0487
TJX,424,92.0397
TJX,425,90.4328
TJX,426,88.3439
TJX,427,88.4627
TJX,428,87.3485
TJX,429,85.6790
TJX,430,85.6330
TJX,431,87.0780
TJX,432,88.8775
TJX,433,88.0891
TJX,434,86.6245
TJX,435,86.2826
TJX,436,86.3378
TJX,437,86.3052
TJX,438,88.2959
TJX,439,88.7335
TJX,440,90.0297
TJX,441,89.2107
TJX,442,89.2116
TJX,443,92.0059
TJX,444,91.4468
TJX,445,92.6150
TJX,446,92.5611
TJX,447,93.6704
TJX,448,95.8225
TJX,449,95.7883
TJX,450,94.9637
TJX,451,95.4882
TJX,452,96.9967
TJX,453,98.6462
TJX,454,99.5526
TJX,455,100.2133
TJX,456,100.1568
TJX,457,101.2624
TJX,458,101.3163
TJX,459,99.9972
TJX,460,98.6845
TJX,461,98.2884
TJX,462,99.0440
TJX,463,101.1816
TJX,464,100.7518
TJX,465,100.8316
TJX,466,101.2959
TJX,467,102.2453
TJX,468,102.1875
TJX,469,100.7587
TJX,470,99.7384
TJX,471,98.2231
TJX,472,98.8648
TJX,473,99.0736
TJX,474,98.9980
TJX,475,98.8229
TJX,476,97.3256
TJX,477,97.8370
TJX,478,95.6907
TJX,479,94.9423
TJX,480,91.6970
TJX,481,94.2540
TJX,482,93.8716
TJX,483,93.3945
TJX,484,93.8925
TJX,485,94.9173
TJX,486,96.2716
TJX,487,94.1806
TJX,488,94.4876
TJX,489,93.8987
TJX,490,95.6588
TJX,491,96.0392
TJX,492,98.6959
TJX,493,99.6807
TJX,494,99.4146
TJX,495,98.3588
TJX,496,99.2875
TJX,497,97.0751
TJX,498,95.5964
TJX,499,94.1095
TJX,500,92.9760
TJX,501,91.7176
TJX,502,91.6277
TJX,503,90.6331
TJX,504,92.7351
BKNG,0,3800.0000
BKNG,1,3824.8424
BKNG,2,3692.1035
BKNG,3,3778.7467
BKNG,4,3749.1129
BKNG,5,3729.9883
BKNG,6,3663.1778
BKNG,7,3635.2977
BKNG,8,3652.5652
BKNG,9,3587.6287
BKNG,10,3574.1992
BKNG,11,3576.2186
BKNG,12,3471.7427
BKNG,13,3505.0962
BKNG,14,3594.9310
BKNG,15,3537.1948
BKNG,16,3520.2112
BKNG,17,3558.8221
BKNG,18,3385.2881
BKNG,19,3385.2319
BKNG,20,3319.8905
BKNG,21,3214.8284
BKNG,22,3272.9502
BKNG,23,3301.8300
BKNG,24,3347.6455
BKNG,25,3305.1801
BKNG,26,3433.3266
BKNG,27,3544.4041
BKNG,28,3619.1666
BKNG,29,3732.6626
BKNG,30,3680.9442
BKNG,31,3709.8578
BKNG,32,3724.0832
BKNG,33,3671.3204
BKNG,34,3765.3176
BKNG,35,3658.4907
BKNG,36,3673.2028
BKNG,37,3700.2557
BKNG,38,3649.8425
BKNG,39,3713.4681
BKNG,40,3792.8116
BKNG,41,3757.3829
BKNG,42,3779.9585
BKNG,43,3717.7596
BKNG,44,3677.6109
BKNG,45,3637.4932
BKNG,46,3595.1626
BKNG,47,3607.0679
BKNG,48,3516.4833
BKNG,49,3594.2353
BKNG,50,3592.5274
BKNG,51,3534.8045
BKNG,52,3420.1530
BKNG,53,3401.5749
BKNG,54,3459.4668
BKNG,55,3396.3758
BKNG,56,3342.7136
BKNG,57,3362.3318
BKNG,58,3431.8414
BKNG,59,3285.6598
BKNG,60,3260.2102
BKNG,61,3260.0123
BKNG,62,3248.0148
BKNG,63,3307.7748
BKNG,64,3272.8800
BKNG,65,3341.7634
BKNG,66,3317.0219
BKNG,67,3349.0434
BKNG,68,3381.2721
BKNG,69,3346.7688
BKNG,70,3389.1426
BKNG,71,3573.6852
BKNG,72,3537.2165
BKNG,73,3427.1974
BKNG,74,3422.1488
BKNG,75,3362.2620
BKNG,76,3371.2338
BKNG,77,3490.2970
BKNG,78,3594.1340
BKNG,79,3441.8224
BKNG,80,3376.6192
BKNG,81,3340.8156
BKNG,82,3389.6954
BKNG,83,3348.2593
BKNG,84,3335.8868
BKNG,85,3413.6811
BKNG,86,3432.0028
BKNG,87,3448.9715
BKNG,88,3443.9260
BKNG,89,3438.3488
BKNG,90,3551.8535
BKNG,91,3483.2321
BKNG,92,3586.0532
BKNG,93,3511.8042
BKNG,94,3564.7368
BKNG,95,3491.0252
BKNG,96,3566.5502
BKNG,97,3547.1208
BKNG,98,3449.4156
BKNG,99,3433.2317
BKNG,100,3404.2937
BKNG,101,3355.1284
BKNG,102,3337.2321
BKNG,103,3290.0980
BKNG,104,3283.3445
BKNG,105,3309.3567
BKNG,106,3395.9213
BKNG,107,3418.5706
BKNG,108,3451.5715
BKNG,109,3435.6681
BKNG,110,3437.7931
BKNG,111,3386.8208
BKNG,112,3479.4763
BKNG,113,3523.6999
BKNG,114,3547.8415
BKNG,115,3522.1294
BKNG,116,3443.5503
BKNG,117,3455.4479
BKNG,118,3367.8082
BKNG,119,3482.9130
BKNG,120,3490.5358
BKNG,121,3491.4254
BKNG,122,3544.0237
BKNG,123,3531.4446
BKNG,124,3611.7510
BKNG,125,3578.8308
BKNG,126,3609.1917
BKNG,127,3657.8556
BKNG,128,3640.5990
BKNG,129,3620.5196
BKNG,130,3563.9989
BKNG,131,3515.1807
BKNG,132,3524.8690
BKNG,133,3465.0992
BKNG,134,3520.6492
BKNG,135,3556.0317
BKNG,136,3556.9282
BKNG,137,3684.0950
BKNG,138,3575.7148
BKNG,139,3630.9983
BKNG,140,3670.8857
BKNG,141,3610.1581
BKNG,142,3474.0425
BKNG,143,3457.7487
BKNG,144,3369.4188
BKNG,145,3416.9256
BKNG,146,3370.7316
BKNG,147,3375.0465
BKNG,148,3270.5935
BKNG,149,3207.5087
BKNG,150,3153.2439
BKNG,151,3081.5410
BKNG,152,3099.7010
BKNG,153,3026.3716
BKNG,154,2975.3689
BKNG,155,2935.5333
BKNG,156,2995.4066
BKNG,157,2994.0355
BKNG,158,2912.9603
BKNG,159,2946.7991
BKNG,160,2973.7871
BKNG,161,2912.4603
BKNG,162,2798.7492
BKNG,163,2644.3350
BKNG,164,2665.4845
BKNG,165,2691.0159
BKNG,166,2738.1430
BKNG,167,2735.8641
BKNG,168,2692.8081
BKNG,169,2607.1985
BKNG,170,2643.4570
BKNG,171,2641.9822
BKNG,172,2696.1837
BKNG,173,2659.3985
BKNG,174,2656.9101
BKNG,175,2734.9236
BKNG,176,2733.1092
BKNG,177,2726.3839
BKNG,178,2723.0078
BKNG,179,2811.0432
BKNG,180,2827.7936
BKNG,181,2875.0976
BKNG,182,2889.0802
BKNG,183,2772.2184
BKNG,184,2809.6790
BKNG,185,2844.4424
BKNG,186,2839.6179
BKNG,187,2748.8305
BKNG,188,2793.4276
BKNG,189,2793.7046
BKNG,190,2716.8615
BKNG,191,2783.5408
BKNG,192,2786.5903
BKNG,193,2858.2790
BKNG,194,2850.8210
BKNG,195,2798.6884
BKNG,196,2779.7870
BKNG,197,2816.2341
BKNG,198,2930.4981
BKNG,199,2998.4809
BKNG,200,2928.0045
BKNG,201,2885.5443
BKNG,202,2844.1388
BKNG,203,2856.2935
BKNG,204,2847.1990
BKNG,205,2889.4077
BKNG,206,2908.3520
BKNG,207,2951.1040
BKNG,208,3016.5206
BKNG,209,2999.2591
BKNG,210,2996.6638
BKNG,211,3017.8514
BKNG,212,3109.3105
BKNG,213,3039.0993
BKNG,214,3058.7878
BKNG,215,3083.6768
BKNG,216,3091.0708
BKNG,217,3130.2960
BKNG,218,3074.8999
BKNG,219,3084.6753
BKNG,220,3076.0494
BKNG,221,3068.5380
BKNG,222,3049.8827
BKNG,223,2964.6119
BKNG,224,2975.1916
BKNG,225,2977.4947
BKNG,226,3040.9878
BKNG,227,3014.9234
BKNG,228,2945.3424
BKNG,229,3033.0001
BKNG,230,3034.1317
BKNG,231,2998.6763
BKNG,232,2956.0944
BKNG,233,2897.4063
BKNG,234,2888.5274
BKNG,235,2911.8175
BKNG,236,2959.1765
BKNG,237,2974.4840
BKNG,238,2947.9735
BKNG,239,2879.6315
BKNG,240,2813.1312
BKNG,241,2815.7449
BKNG,242,2825.7192
BKNG,243,2834.9272
BKNG,244,2904.4557
BKNG,245,2935.0862
BKNG,246,2967.1883
BKNG,247,2928.2747
BKNG,248,2890.8150
BKNG,249,2872.4870
BKNG,250,2861.1030
BKNG,251,2833.7682
BKNG,252,2824.6034
BKNG,253,2729.2908
BKNG,254,2735.0917
BKNG,255,2798.2882
BKNG,256,2879.7853
BKNG,257,2875.3771
BKNG,258,2824.8533
BKNG,259,2828.8117
BKNG,260,2777.2745
BKNG,261,2745.5518
BKNG,262,2839.1676
BKNG,263,2845.8623
BKNG,264,2886.6211
BKNG,265,2863.5507
BKNG,266,2774.1670
BKNG,267,2861.9633
BKNG,268,2880.8606
BKNG,269,2854.8925
BKNG,270,2852.7992
BKNG,271,2885.0929
BKNG,272,2877.9265
BKNG,273,2782.7650
BKNG,274,2798.7470
BKNG,275,2791.7202
BKNG,276,2923.9329
BKNG,277,2961.2810
BKNG,278,3011.1642
BKNG,279,3099.7999
BKNG,280,3087.1129
BKNG,281,3019.4573
BKNG,282,3019.9919
BKNG,283,3045.2471
BKNG,284,3003.1189
BKNG,285,3065.7296
BKNG,286,3114.1294
BKNG,287,3192.2315
BKNG,288,3249.9344
BKNG,289,3163.4129
BKNG,290,3237.6936
BKNG,291,3242.2969
BKNG,292,3246.0617
BKNG,293,3228.8541
BKNG,294,3207.4683
BKNG,295,3149.8783
BKNG,296,3210.9726
BKNG,297,3218.4361
BKNG,298,3232.2168
BKNG,299,3295.4919
BKNG,300,3422.7330
BKNG,301,3489.2749
BKNG,302,3421.9657
BKNG,303,3457.8755
BKNG,304,3434.9233
BKNG,305,3543.6800
BKNG,306,3510.3165
BKNG,307,3664.1818
BKNG,308,3511.7752
BKNG,309,3518.4835
BKNG,310,3554.7030
BKNG,311,3526.2512
BKNG,312,3662.7636
BKNG,313,3722.5208
BKNG,314,3732.7512
BKNG,315,3746.9647
BKNG,316,3751.5465
BKNG,317,3594.1095
BKNG,318,3567.0800
BKNG,319,3605.5692
BKNG,320,3644.8843
BKNG,321,3718.9411
BKNG,322,3714.4915
BKNG,323,3636.6568
BKNG,324,3554.3151
BKNG,325,3402.5373
BKNG,326,3469.1307
BKNG,327,3340.6105
BKNG,328,3237.0368
BKNG,329,3249.2754
BKNG,330,3240.6555
BKNG,331,3251.4279
BKNG,332,3239.9036
BKNG,333,3224.6979
BKNG,334,3182.4639
BKNG,335,3164.4926
BKNG,336,3088.7950
BKNG,337,3108.9244
BKNG,338,3039.1291
BKNG,339,3098.5016
BKNG,340,3010.9833
BKNG,341,3044.1089
BKNG,342,3043.3719
BKNG,343,3052.5632
BKNG,344,3031.8979
BKNG,345,3139.4899
BKNG,346,3188.4354
BKNG,347,3181.0205
BKNG,348,3125.4960
BKNG,349,3103.7300
BKNG,350,3166.6921
BKNG,351,3162.1842
BKNG,352,3173.8601
BKNG,353,3190.6331
BKNG,354,3182.2106
BKNG,355,3168.7757
BKNG,356,3114.1531
BKNG,357,3110.0032
BKNG,358,3074.7843
BKNG,359,3057.6251
BKNG,360,3086.2009
BKNG,361,3082.9205
BKNG,362,3071.7698
BKNG,363,2957.4728
BKNG,364,2957.0669
BKNG,365,2855.8667
BKNG,366,2919.4255
BKNG,367,2819.6554
BKNG,368,2866.6533
BKNG,369,2911.9180
BKNG,370,2965.5306
BKNG,371,3012.6498
BKNG,372,2974.5121
BKNG,373,3012.6967
BKNG,374,3083.4815
BKNG,375,3089.7575
BKNG,376,3065.9221
BKNG,377,3167.3670
BKNG,378,3202.3020
BKNG,379,3139.3916
BKNG,380,3105.4805
BKNG,381,3130.1066
BKNG,382,3136.1895
BKNG,383,3206.8702
BKNG,384,3221.0345
BKNG,385,3154.5151
BKNG,386,3113.8456
BKNG,387,3036.6939
BKNG,388,3063.1004
BKNG,389,3059.6403
BKNG,390,3016.4590
BKNG,391,3007.5174
BKNG,392,3034.5634
BKNG,393,3088.9232
BKNG,394,3080.3268
BKNG,395,3072.3704
BKNG,396,3072.1041
BKNG,397,3090.1814
BKNG,398,3118.2349
BKNG,399,3063.1444
BKNG,400,3075.7871
BKNG,401,3071.5924
BKNG,402,3066.6440
BKNG,403,2942.7219
BKNG,404,2946.6431
BKNG,405,2861.1159
BKNG,406,2835.5690
BKNG,407,2793.4568
BKNG,408,2839.0131
BKNG,409,2897.9647
BKNG,410,2831.9223
BKNG,411,2833.2418
BKNG,412,2895.4833
BKNG,413,2917.3481
BKNG,414,2806.1516
BKNG,415,2759.1264
BKNG,416,2787.0198
BKNG,417,2781.7566
BKNG,418,2747.1493
BKNG,419,2690.5943
BKNG,420,2780.0549
BKNG,421,2734.1773
BKNG,422,2750.0004
BKNG,423,2689.2028
BKNG,424,2724.5950
BKNG,425,2677.9206
BKNG,426,2674.6758
BKNG,427,2708.6810
BKNG,428,2677.7089
BKNG,429,2707.5336
BKNG,430,2723.9288
BKNG,431,2760.6665
BKNG,432,2841.5694
BKNG,433,2858.9977
BKNG,434,2791.4722
BKNG,435,2815.9084
BKNG,436,2808.0778
BKNG,437,2760.3539
BKNG,438,2832.1380
BKNG,439,2855.7898
BKNG,440,2877.2101
BKNG,441,2855.8079
BKNG,442,2949.8575
BKNG,443,3048.4307
BKNG,444,3108.0229
BKNG,445,3237.0260
BKNG,446,3165.0642
BKNG,447,3174.2163
BKNG,448,3310.0579
BKNG,449,3314.6458
BKNG,450,3287.4760
BKNG,451,3259.1783
BKNG,452,3263.3209
BKNG,453,3242.3983
BKNG,454,3207.1624
BKNG,455,3237.4119
BKNG,456,3335.7247
BKNG,457,3403.9998
BKNG,458,3346.9109
BKNG,459,3323.6643
BKNG,460,3322.4746
BKNG,461,3332.2854
BKNG,462,3356.3276
BKNG,463,3429.9071
BKNG,464,3453.4701
BKNG,465,3408.2732
BKNG,466,3456.6392
BKNG,467,3483.2140
BKNG,468,3558.5686
BKNG,469,3603.7677
BKNG,470,3610.2210
BKNG,471,3495.5950
BKNG,472,3516.0114
BKNG,473,3613.2735
BKNG,474,3555.5232
BKNG,475,3473.3085
BKNG,476,3399.2625
BKNG,477,3395.9521
BKNG,478,3360.6936
BKNG,479,3348.1280
BKNG,480,3354.3231
BKNG,481,3423.3854
BKNG,482,3402.9646
BKNG,483,3368.0151
BKNG,484,3423.2101
BKNG,485,3452.0631
BKNG,486,3392.5450
BKNG,487,3407.9941
BKNG,488,3492.8668
BKNG,489,3682.6907
BKNG,490,3697.0222
BKNG,491,3728.5188
BKNG,492,3816.3662
BKNG,493,3858.9456
BKNG,494,3918.7414
BKNG,495,3959.2987
BKNG,496,3898.9959
BKNG,497,3809.3798
BKNG,498,3794.8989
BKNG,499,3691.1492
BKNG,500,3669.0935
BKNG,501,3743.6301
BKNG,502,3807.0978
BKNG,503,3741.6137
BKNG,504,3850.6924
GM,0,45.0000
GM,1,45.2358
GM,2,45.1267
GM,3,45.9510
GM,4,46.5764
GM,5,48.3462
GM,6,46.0186
GM,7,46.2189
GM,8,44.6578
GM,9,43.2441
GM,10,43.1894
GM,11,43.6601
GM,12,43.4499
GM,13,43.6974
GM,14,45.3083
GM,15,43.5220
GM,16,44.7820
GM,17,45.3858
GM,18,43.4384
GM,19,43.4770
GM,20,41.8023
GM,21,41.3017
GM,22,41.0028
GM,23,41.5133
GM,24,42.0438
GM,25,41.9706
GM,26,44.3441
GM,27,47.0604
GM,28,46.0888
GM,29,45.1417
GM,30,45.2302
GM,31,44.7048
GM,32,46.2357
GM,33,45.3240
GM,34,45.9336
GM,35,44.9811
GM,36,43.9835
GM,37,43.3754
GM,38,44.0800
GM,39,44.6492
GM,40,45.7584
GM,41,45.1762
GM,42,45.3978
GM,43,46.1918
GM,44,47.0879
GM,45,47.1264
GM,46,46.8687
GM,47,45.6812
GM,48,45.9065
GM,49,45.5863
GM,50,45.8197
GM,51,45.4468
GM,52,43.7946
GM,53,44.2870
GM,54,43.5621
GM,55,44.4734
GM,56,42.9281
GM,57,42.9904
GM,58,43.9510
GM,59,43.2698
GM,60,42.7175
GM,61,41.2204
GM,62,39.4602
GM,63,39.2664
GM,64,38.5131
GM,65,39.6178
GM,66,38.6013
GM,67,38.5180
GM,68,39.0247
GM,69,38.3574
GM,70,38.4328
GM,71,39.4116
GM,72,39.6672
GM,73,38.4043
GM,74,36.6041
GM,75,35.0376
GM,76,34.6743
GM,77,35.3395
GM,78,36.6978
GM,79,35.7556
GM,80,35.5550
GM,81,34.7386
GM,82,34.5230
GM,83,35.0529
GM,84,35.4720
GM,85,34.9228
GM,86,34.4365
GM,87,34.8565
GM,88,34.2276
GM,89,34.7499
GM,90,36.1090
GM,91,34.7095
GM,92,35.6016
GM,93,36.3684
GM,94,35.6974
GM,95,35.1240
GM,96,34.5936
GM,97,33.4708
GM,98,32.8760
GM,99,31.9860
GM,100,32.6409
GM,101,31.5870
GM,102,31.2217
GM,103,31.7309
GM,104,31.8197
GM,105,32.4047
GM,106,33.0762
GM,107,32.9605
GM,108,34.4724
GM,109,33.3251
GM,110,32.1575
GM,111,32.0262
GM,112,33.1501
GM,113,33.1874
GM,114,33.5675
GM,115,34.0653
GM,116,34.9819
GM,117,35.5330
GM,118,34.9030
GM,119,36.0949
GM,120,35.5575
GM,121,37.2277
GM,122,37.1096
GM,123,35.1645
GM,124,35.4524
GM,125,35.8024
GM,126,35.6302
GM,127,36.3444
GM,128,37.3731
GM,129,37.1507
GM,130,36.2092
GM,131,35.0955
GM,132,34.4559
GM,133,33.6510
GM,134,33.7568
GM,135,33.8541
GM,136,33.4981
GM,137,34.4427
GM,138,34.6182
GM,139,36.0899
GM,140,36.0140
GM,141,35.6466
GM,142,34.1148
GM,143,33.3889
GM,144,33.5523
GM,145,34.6797
GM,146,34.3336
GM,147,33.3406
GM,148,33.3507
GM,149,31.9743
GM,150,31.5783
GM,151,31.4659
GM,152,30.8193
GM,153,30.5316
GM,154,30.1305
GM,155,29.5311
GM,156,30.4409
GM,157,29.4065
GM,158,28.4345
GM,159,28.3661
GM,160,28.1978
GM,161,26.7744
GM,162,26.5047
GM,163,25.9346
GM,164,26.1278
GM,165,25.8613
GM,166,25.6535
GM,167,26.0141
GM,168,25.6336
GM,169,25.4927
GM,170,26.0845
GM,171,26.3566
GM,172,26.4556
GM,173,26.2939
GM,174,25.6426
GM,175,26.1699
GM,176,26.1168
GM,177,25.8616
GM,178,26.3781
GM,179,26.7975
GM,180,27.2532
GM,181,27.4565
GM,182,26.4547
GM,183,26.0857
GM,184,26.2073
GM,185,26.6445
GM,186,26.8249
GM,187,26.5468
GM,188,25.8824
GM,189,26.0776
GM,190,25.1889
GM,191,26.9041
GM,192,27.1545
GM,193,27.3182
GM,194,28.1846
GM,195,28.6579
GM,196,28.3218
GM,197,28.8844
GM,198,30.6146
GM,199,31.0206
GM,200,30.6313
GM,201,30.3342
GM,202,29.9992
GM,203,30.0314
GM,204,28.4960
GM,205,28.4280
GM,206,27.7886
GM,207,27.9108
GM,208,28.4098
GM,209,28.3083
GM,210,28.2177
GM,211,27.9513
GM,212,28.2570
GM,213,27.6458
GM,214,27.3908
GM,215,27.9770
GM,216,28.7905
GM,217,27.8811
GM,218,27.8364
GM,219,28.2159
GM,220,27.8858
GM,221,28.6469
GM,222,28.1504
GM,223,27.2784
GM,224,27.0547
GM,225,27.0938
GM,226,26.5104
GM,227,27.0607
GM,228,26.8945
GM,229,26.9800
GM,230,28.4150
GM,231,27.9923
GM,232,28.7351
GM,233,29.1482
GM,234,29.0522
GM,235,28.5878
GM,236,27.9854
GM,237,28.9750
GM,238,29.4486
GM,239,29.0274
GM,240,28.6422
GM,241,28.7620
GM,242,28.4910
GM,243,29.6054
GM,244,29.6711
GM,245,29.7356
GM,246,31.1709
GM,247,30.3475
GM,248,30.1639
GM,249,30.0098
GM,250,30.1271
GM,251,29.9045
GM,252,30.1679
GM,253,29.6279
GM,254,29.6087
GM,255,29.7603
GM,256,30.4128
GM,257,30.8546
GM,258,30.3037
GM,259,31.0039
GM,260,29.6688
GM,261,29.3031
GM,262,30.5620
GM,263,30.7918
GM,264,31.1786
GM,265,31.1934
GM,266,29.4013
GM,267,30.2655
GM,268,30.3602
GM,269,31.0339
GM,270,32.3215
GM,271,31.8841
GM,272,31.7154
GM,273,31.1992
GM,274,31.3366
GM,275,31.5892
GM,276,32.7786
GM,277,32.8912
GM,278,32.9729
GM,279,32.5036
GM,280,31.9410
GM,281,32.7744
GM,282,31.7001
GM,283,31.7450
GM,284,31.2470
GM,285,31.0156
GM,286,32.6753
GM,287,32.8330
GM,288,31.9217
GM,289,30.4095
GM,290,30.6334
GM,291,30.6791
GM,292,30.3966
GM,293,30.6548
GM,294,30.2061
GM,295,30.0271
GM,296,30.7810
GM,297,31.3863
GM,298,31.4932
GM,299,33.2375
GM,300,33.6335
GM,301,33.9064
GM,302,33.5783
GM,303,35.0080
GM,304,35.5327
GM,305,36.8965
GM,306,37.2830
GM,307,36.3889
GM,308,35.5277
GM,309,35.2353
GM,310,36.2938
GM,311,36.1368
GM,312,36.5211
GM,313,37.1997
GM,314,36.1237
GM,315,36.7336
GM,316,35.4277
GM,317,35.0224
GM,318,34.6171
GM,319,34.4453
GM,320,35.6345
GM,321,36.1003
GM,322,35.5328
GM,323,35.0465
GM,324,33.8181
GM,325,33.7163
GM,326,33.4945
GM,327,32.7207
GM,328,32.7247
GM,329,33.0927
GM,330,32.2715
GM,331,33.2952
GM,332,33.6910
GM,333,34.0261
GM,334,33.7853
GM,335,34.4596
GM,336,33.1286
GM,337,32.5812
GM,338,32.1636
GM,339,33.0108
GM,340,33.0061
GM,341,33.0745
GM,342,32.9485
GM,343,32.3275
GM,344,32.1226
GM,345,32.5695
GM,346,33.8467
GM,347,33.9619
GM,348,33.6878
GM,349,34.2002
GM,350,34.3434
GM,351,34.6233
GM,352,35.4728
GM,353,34.5891
GM,354,35.0030
GM,355,35.0598
GM,356,34.8374
GM,357,34.2898
GM,358,35.6276
GM,359,36.4543
GM,360,36.7076
GM,361,36.4268
GM,362,36.1408
GM,363,35.4163
GM,364,36.4977
GM,365,35.0714
GM,366,35.2747
GM,367,34.5594
GM,368,35.1311
GM,369,35.1351
GM,370,35.3949
GM,371,35.2221
GM,372,35.8698
GM,373,37.5165
GM,374,36.9184
GM,375,36.7676
GM,376,36.5570
GM,377,38.0310
GM,378,38.5143
GM,379,37.0746
GM,380,36.9018
GM,381,37.5151
GM,382,38.1807
GM,383,39.0892
GM,384,38.8023
GM,385,39.0083
GM,386,39.4959
GM,387,38.7676
GM,388,40.4948
GM,389,40.5258
GM,390,40.1625
GM,391,39.7802
GM,392,39.5586
GM,393,40.1115
GM,394,40.1583
GM,395,39.2634
GM,396,38.0777
GM,397,38.2152
GM,398,38.3394
GM,399,37.8924
GM,400,38.5263
GM,401,38.1740
GM,402,38.8301
GM,403,38.7634
GM,404,37.9834
GM,405,37.6943
GM,406,37.3803
GM,407,36.5846
GM,408,36.1765
GM,409,36.0690
GM,410,35.9198
GM,411,35.6264
GM,412,36.2483
GM,413,36.3268
GM,414,34.8890
GM,415,34.3025
GM,416,34.3227
GM,417,35.6249
GM,418,35.1205
GM,419,35.0800
GM,420,36.0753
GM,421,34.5795
GM,422,34.9570
GM,423,35.2307
GM,424,35.7107
GM,425,36.5845
GM,426,36.3579
GM,427,37.2230
GM,428,35.6584
GM,429,35.4598
GM,430,36.0529
GM,431,36.3615
GM,432,36.8977
GM,433,37.4156
GM,434,36.6618
GM,435,37.3846
GM,436,38.4453
GM,437,37.9594
GM,438,39.0304
GM,439,38.6222
GM,440,39.5079
GM,441,39.5394
GM,442,40.5933
GM,443,40.9886
GM,444,41.4705
GM,445,42.7574
GM,446,43.6451
GM,447,46.2624
GM,448,46.7584
GM,449,46.1802
GM,450,47.6475
GM,451,48.2173
GM,452,47.9070
GM,453,47.7720
GM,454,47.1118
GM,455,48.6781
GM,456,49.9350
GM,457,49.4012
GM,458,50.4825
GM,459,49.3772
GM,460,47.9463
GM,461,48.5575
GM,462,48.7908
GM,463,51.0314
GM,464,51.1116
GM,465,51.5778
GM,466,52.1303
GM,467,53.9286
GM,468,54.5121
GM,469,53.6708
GM,470,53.8047
GM,471,53.5636
GM,472,53.3411
GM,473,54.1390
GM,474,52.4434
GM,475,52.3728
GM,476,51.6947
GM,477,52.3881
GM,478,50.4949
GM,479,50.9274
GM,480,49.7440
GM,481,52.1703
GM,482,50.5146
GM,483,50.3022
GM,484,49.2997
GM,485,50.0723
GM,486,48.4649
GM,487,48.8016
GM,488,49.4128
GM,489,49.8470
GM,490,51.3482
GM,491,52.4178
GM,492,53.7977
GM,493,53.0717
GM,494,54.2922
GM,495,54.9751
GM,496,54.5302
GM,497,54.3153
GM,498,53.8182
GM,499,53.4028
GM,500,52.5244
GM,501,52.5560
GM,502,52.0085
GM,503,52.4811
GM,504,55.8331
F,0,11.0000
F,1,10.7802
F,2,10.5778
F,3,11.1354
F,4,10.9984
F,5,11.2871
F,6,11.1850
F,7,10.9554
F,8,10.7462
F,9,10.1811
F,10,10.1315
F,11,10.0559
F,12,9.8258
F,13,9.8247
F,14,9.9481
F,15,9.8739
F,16,10.2427
F,17,9.8956
F,18,9.4635
F,19,9.7059
F,20,9.6009
F,21,9.3661
F,22,9.5320
F,23,9.7176
F,24,9.8608
F,25,9.6789
F,26,9.8414
F,27,10.1483
F,28,10.2165
F,29,9.9851
F,30,9.9503
F,31,10.0403
F,32,10.2611
F,33,9.9495
F,34,10.3111
F,35,10.1837
F,36,10.2051
F,37,10.0052
F,38,10.2306
F,39,10.1857
F,40,10.5148
F,41,10.9053
F,42,10.7037
F,43,10.6651
F,44,10.8934
F,45,10.8179
F,46,10.7680
F,47,10.7390
F,48,10.7423
F,49,10.8707
F,50,10.7261
F,51,10.9672
F,52,10.8154
F,53,10.8062
F,54,10.6881
F,55,10.7814
F,56,10.3883
F,57,10.2045
F,58,10.0931
F,59,9.4903
F,60,9.6184
F,61,9.3372
F,62,9.0111
F,63,9.0027
F,64,8.8054
F,65,9.0557
F,66,8.9366
F,67,9.1329
F,68,9.0698
F,69,8.7585
F,70,8.6231
F,71,8.9219
F,72,8.8008
F,73,8.2448
F,74,7.9218
F,75,7.8873
F,76,7.8126
F,77,8.1081
F,78,8.3585
F,79,8.3537
F,80,8.3635
F,81,8.5981
F,82,9.1523
F,83,9.0200
F,84,9.0897
F,85,8.9458
F,86,8.7816
F,87,8.5874
F,88,8.2772
F,89,8.2448
F,90,8.3250
F,91,8.1805
F,92,8.3251
F,93,7.9591
F,94,7.8866
F,95,7.8988
F,96,7.7729
F,97,7.8095
F,98,7.8797
F,99,7.6976
F,100,7.9191
F,101,7.7732
F,102,7.5978
F,103,7.4223
F,104,7.6102
F,105,7.8136
F,106,7.9574
F,107,7.8785
F,108,8.0451
F,109,7.7859
F,110,7.5372
F,111,7.3683
F,112,7.8360
F,113,8.0700
F,114,8.0602
F,115,8.2770
F,116,8.3784
F,117,8.6452
F,118,8.2046
F,119,8.7589
F,120,8.7161
F,121,8.5820
F,122,8.6629
F,123,8.6216
F,124,8.7062
F,125,8.6649
F,126,8.7483
F,127,8.6081
F,128,8.3195
F,129,8.1461
F,130,7.7930
F,131,7.7893
F,132,7.7036
F,133,7.5007
F,134,7.6807
F,135,7.8485
F,136,7.6283
F,137,7.6038
F,138,7.2868
F,139,7.6438
F,140,7.6977
F,141,7.3271
F,142,7.2227
F,143,7.4561
F,144,7.2938
F,145,7.3918
F,146,7.4454
F,147,7.5015
F,148,7.3829
F,149,7.2118
F,150,7.0098
F,151,7.0134
F,152,6.9901
F,153,6.9967
F,154,6.9505
F,155,6.7907
F,156,6.9266
F,157,6.8203
F,158,6.4609
F,159,6.6070
F,160,6.5544
F,161,6.4519
F,162,6.3963
F,163,6.1269
F,164,6.0760
F,165,6.1702
F,166,6.2928
F,167,6.2497
F,168,6.2657
F,169,6.1279
F,170,6.1319
F,171,6.3550
F,172,6.4070
F,173,6.2378
F,174,6.1146
F,175,6.0066
F,176,5.9156
F,177,6.0048
F,178,5.8671
F,179,5.8905
F,180,5.9153
F,181,5.9588
F,182,5.7445
F,183,5.5849
F,184,5.7479
F,185,5.8403
F,186,5.8943
F,187,5.5261
F,188,5.4148
F,189,5.3756
F,190,5.1579
F,191,5.3430
F,192,5.4821
F,193,5.5907
F,194,5.5101
F,195,5.6054
F,196,5.6902
F,197,5.6059
F,198,5.8924
F,199,5.8690
F,200,5.9176
F,201,5.9262
F,202,5.8682
F,203,5.7889
F,204,5.7175
F,205,5.6994
F,206,5.6216
F,207,5.5497
F,208,5.7181
F,209,5.7446
F,210,5.7240
F,211,5.6872
F,212,5.7975
F,213,5.7676
F,214,5.9604
F,215,6.0635
F,216,6.1928
F,217,6.3002
F,218,6.1463
F,219,6.3214
F,220,6.3346
F,221,6.2870
F,222,6.4146
F,223,6.4240
F,224,6.3633
F,225,6.2303
F,226,6.2990
F,227,6.3334
F,228,6.2550
F,229,6.2160
F,230,6.4811
F,231,6.4546
F,232,6.5933
F,233,6.6565
F,234,6.7008
F,235,6.6612
F,236,6.7321
F,237,6.9993
F,238,7.0457
F,239,6.8365
F,240,6.7419
F,241,6.9045
F,242,6.8223
F,243,7.0750
F,244,7.0255
F,245,7.0511
F,246,7.2215
F,247,7.0630
F,248,7.1777
F,249,7.0673
F,250,7.1556
F,251,6.9469
F,252,6.9890
F,253,7.0848
F,254,7.0039
F,255,7.1364
F,256,7.3352
F,257,7.3916
F,258,7.2040
F,259,7.4186
F,260,7.0592
F,261,6.8567
F,262,7.1578
F,263,7.0121
F,264,7.2276
F,265,7.2316
F,266,6.9478
F,267,7.0706
F,268,7.3164
F,269,7.4673
F,270,7.5658
F,271,7.6074
F,272,7.4271
F,273,7.2507
F,274,7.0253
F,275,7.1045
F,276,7.1043
F,277,7.3321
F,278,7.3367
F,279,7.0379
F,280,6.9882
F,281,6.9955
F,282,6.5792
F,283,6.6041
F,284,6.6680
F,285,6.5864
F,286,6.6646
F,287,6.6201
F,288,6.7704
F,289,6.6796
F,290,6.8171
F,291,7.1181
F,292,7.1182
F,293,7.1506
F,294,7.0742
F,295,7.2748
F,296,7.0299
F,297,7.1962
F,298,7.4280
F,299,7.3088
F,300,7.2391
F,301,7.2757
F,302,7.1819
F,303,7.2897
F,304,7.3257
F,305,7.5664
F,306,7.3965
F,307,7.2544
F,308,6.9421
F,309,6.7050
F,310,6.9377
F,311,7.2594
F,312,7.3017
F,313,7.5204
F,314,7.5827
F,315,7.7386
F,316,7.8767
F,317,7.7736
F,318,7.7593
F,319,8.0467
F,320,8.0075
F,321,8.0699
F,322,7.8850
F,323,7.6413
F,324,7.6289
F,325,7.2742
F,326,7.3981
F,327,7.2098
F,328,7.1889
F,329,7.4037
F,330,7.4797
F,331,7.8018
F,332,7.7150
F,333,7.6704
F,334,7.7555
F,335,7.7195
F,336,7.6484
F,337,7.4978
F,338,7.4004
F,339,7.2646
F,340,7.0225
F,341,7.1756
F,342,7.0477
F,343,7.1280
F,344,6.9438
F,345,7.0049
F,346,7.2864
F,347,7.2118
F,348,6.9293
F,349,6.8002
F,350,6.6774
F,351,6.7263
F,352,6.7683
F,353,6.7132
F,354,6.7430
F,355,6.8495
F,356,6.8532
F,357,6.9741
F,358,6.9434
F,359,7.1688
F,360,7.2748
F,361,7.3790
F,362,7.3094
F,363,7.1800
F,364,7.4009
F,365,7.2042
F,366,7.4023
F,367,7.0599
F,368,7.3413
F,369,7.2424
F,370,7.1279
F,371,7.0819
F,372,6.9428
F,373,7.2535
F,374,7.5223
F,375,7.3697
F,376,7.0019
F,377,7.0197
F,378,7.2774
F,379,7.1696
F,380,7.0831
F,381,7.1431
F,382,7.2751
F,383,7.5757
F,384,7.5809
F,385,7.3849
F,386,7.4754
F,387,7.2834
F,388,7.2067
F,389,6.9744
F,390,6.7692
F,391,6.7323
F,392,6.7581
F,393,6.5786
F,394,6.4989
F,395,6.4699
F,396,6.2486
F,397,6.2771
F,398,6.2625
F,399,6.0031
F,400,5.9368
F,401,5.9508
F,402,6.0388
F,403,5.8991
F,404,5.6469
F,405,5.4791
F,406,5.6563
F,407,5.5425
F,408,5.3708
F,409,5.5813
F,410,5.2944
F,411,5.2945
F,412,5.4253
F,413,5.5121
F,414,5.5417
F,415,5.4862
F,416,5.4897
F,417,5.3270
F,418,5.1768
F,419,5.2934
F,420,5.4436
F,421,5.3499
F,422,5.4052
F,423,5.5257
F,424,5.6151
F,425,5.5442
F,426,5.5164
F,427,5.4789
F,428,5.3880
F,429,5.4714
F,430,5.5061
F,431,5.6681
F,432,5.8612
F,433,5.8072
F,434,5.5315
F,435,5.4226
F,436,5.4432
F,437,5.3666
F,438,5.4270
F,439,5.4300
F,440,5.4658
F,441,5.3898
F,442,5.3994
F,443,5.4343
F,444,5.4950
F,445,5.6662
F,446,5.6794
F,447,5.8179
F,448,5.8864
F,449,5.8620
F,450,5.8681
F,451,5.7814
F,452,5.8603
F,453,5.9984
F,454,5.9763
F,455,5.9709
F,456,5.9445
F,457,5.9836
F,458,5.9798
F,459,5.9982
F,460,6.0257
F,461,6.1328
F,462,6.0476
F,463,6.3723
F,464,6.3806
F,465,6.3657
F,466,6.5231
F,467,6.7760
F,468,6.8593
F,469,6.6577
F,470,6.8341
F,471,6.6252
F,472,6.5189
F,473,6.5432
F,474,6.5139
F,475,6.4419
F,476,6.2899
F,477,6.3469
F,478,6.0000
F,479,6.1027
F,480,5.9127
F,481,6.0583
F,482,5.9547
F,483,6.2212
F,484,6.1528
F,485,6.2843
F,486,6.3722
F,487,6.4220
F,488,6.5083
F,489,6.6785
F,490,7.0324
F,491,7.2254
F,492,7.4447
F,493,7.4550
F,494,7.4193
F,495,7.5741
F,496,7.5105
F,497,7.1787
F,498,7.2283
F,499,7.2292
F,500,6.8334
F,501,6.8053
F,502,6.6767
F,503,6.4217
F,504,6.4627
ABNB,0,140.0000
ABNB,1,144.9594
ABNB,2,144.6128
ABNB,3,143.5885
ABNB,4,146.2873
ABNB,5,141.2591
ABNB,6,133.7435
ABNB,7,135.2121
ABNB,8,133.9053
ABNB,9,131.5804
ABNB,10,134.9450
ABNB,11,133.5859
ABNB,12,132.4218
ABNB,13,132.8307
ABNB,14,133.4374
ABNB,15,136.0892
ABNB,16,141.0921
ABNB,17,140.6067
ABNB,18,131.1634
ABNB,19,133.7745
ABNB,20,129.6607
ABNB,21,124.9126
ABNB,22,130.2327
ABNB,23,134.2236
ABNB,24,138.6669
ABNB,25,137.5522
ABNB,26,146.6405
ABNB,27,154.6960
ABNB,28,151.6201
ABNB,29,146.9944
ABNB,30,143.7893
ABNB,31,145.1738
ABNB,32,149.8827
ABNB,33,145.6619
ABNB,34,154.3462
ABNB,35,150.4976
ABNB,36,148.5981
ABNB,37,148.1557
ABNB,38,151.5147
ABNB,39,156.3896
ABNB,40,154.9269
ABNB,41,155.8520
ABNB,42,150.6230
ABNB,43,147.9078
ABNB,44,146.0023
ABNB,45,145.1234
ABNB,46,147.3115
ABNB,47,139.7055
ABNB,48,136.6223
ABNB,49,138.0993
ABNB,50,134.4977
ABNB,51,130.2332
ABNB,52,123.3706
ABNB,53,120.7723
ABNB,54,121.9917
ABNB,55,122.9694
ABNB,56,118.3376
ABNB,57,118.2946
ABNB,58,115.2946
ABNB,59,113.9600
ABNB,60,116.6721
ABNB,61,114.8314
ABNB,62,106.9919
ABNB,63,108.0829
ABNB,64,111.2671
ABNB,65,116.9790
ABNB,66,116.1402
ABNB,67,113.8860
ABNB,68,115.2527
ABNB,69,107.7098
ABNB,70,106.6959
ABNB,71,114.1022
ABNB,72,112.7686
ABNB,73,107.0503
ABNB,74,110.0878
ABNB,75,103.0429
ABNB,76,103.0207
ABNB,77,104.4965
ABNB,78,108.3770
ABNB,79,106.4741
ABNB,80,105.4612
ABNB,81,108.3077
ABNB,82,112.8383
ABNB,83,111.3032
ABNB,84,111.8955
ABNB,85,112.2373
ABNB,86,112.4267
ABNB,87,109.1103
ABNB,88,103.8041
ABNB,89,105.1814
ABNB,90,106.9551
ABNB,91,108.3114
ABNB,92,109.4468
ABNB,93,111.2290
ABNB,94,111.1989
ABNB,95,113.6321
ABNB,96,114.0099
ABNB,97,109.0927
ABNB,98,108.9961
ABNB,99,105.7545
ABNB,100,108.4723
ABNB,101,104.9266
ABNB,102,105.8961
ABNB,103,105.3252
ABNB,104,103.3907
ABNB,105,104.3929
ABNB,106,107.8488
ABNB,107,109.4936
ABNB,108,110.3232
ABNB,109,110.6673
ABNB,110,107.2688
ABNB,111,105.1304
ABNB,112,112.6759
ABNB,113,114.5827
ABNB,114,112.8175
ABNB,115,112.8529
ABNB,116,112.1764
ABNB,117,111.2272
ABNB,118,107.8161
ABNB,119,115.6293
ABNB,120,116.0220
ABNB,121,113.9475
ABNB,122,116.2175
ABNB,123,117.2894
ABNB,124,121.0679
ABNB,125,119.8450
ABNB,126,120.5999
ABNB,127,120.0515
ABNB,128,121.4673
ABNB,129,118.2750
ABNB,130,114.7281
ABNB,131,111.8668
ABNB,132,108.1639
ABNB,133,105.7283
ABNB,134,107.1732
ABNB,135,107.4780
ABNB,136,106.0268
ABNB,137,106.0310
ABNB,138,105.7306
ABNB,139,107.6690
ABNB,140,106.9229
ABNB,141,102.5873
ABNB,142,101.0131
ABNB,143,99.7986
ABNB,144,98.7648
ABNB,145,101.8332
ABNB,146,100.3267
ABNB,147,101.0092
ABNB,148,97.5996
ABNB,149,93.9850
ABNB,150,91.4552
ABNB,151,91.7280
ABNB,152,91.9863
ABNB,153,91.2316
ABNB,154,87.7969
ABNB,155,85.8468
ABNB,156,88.4995
ABNB,157,88.7125
ABNB,158,85.1754
ABNB,159,85.5653
ABNB,160,84.4593
ABNB,161,82.1519
ABNB,162,80.2596
ABNB,163,76.4834
ABNB,164,76.8032
ABNB,165,75.5502
ABNB,166,76.9700
ABNB,167,78.4083
ABNB,168,79.4690
ABNB,169,77.6186
ABNB,170,77.7146
ABNB,171,78.6978
ABNB,172,79.8092
ABNB,173,79.8378
ABNB,174,78.5966
ABNB,175,79.2363
ABNB,176,80.7641
ABNB,177,82.0782
ABNB,178,82.9340
ABNB,179,86.6714
ABNB,180,83.6575
ABNB,181,82.9008
ABNB,182,84.9506
ABNB,183,81.5620
ABNB,184,83.1045
ABNB,185,86.0411
ABNB,186,86.6064
ABNB,187,82.1295
ABNB,188,80.1695
ABNB,189,77.1578
ABNB,190,74.3975
ABNB,191,75.4766
ABNB,192,78.4075
ABNB,193,80.7145
ABNB,194,82.7928
ABNB,195,84.0713
ABNB,196,86.2660
ABNB,197,86.6571
ABNB,198,88.4952
ABNB,199,87.9932
ABNB,200,85.8826
ABNB,201,83.5118
ABNB,202,82.6159
ABNB,203,78.1603
ABNB,204,75.5263
ABNB,205,76.5441
ABNB,206,74.1218
ABNB,207,74.7173
ABNB,208,76.4576
ABNB,209,78.9487
ABNB,210,79.9791
ABNB,211,82.1451
ABNB,212,83.9897
ABNB,213,83.5508
ABNB,214,81.9843
ABNB,215,88.6618
ABNB,216,92.1674
ABNB,217,95.8744
ABNB,218,92.8041
ABNB,219,94.7429
ABNB,220,92.0945
ABNB,221,90.4449
ABNB,222,92.6553
ABNB,223,93.7966
ABNB,224,93.1630
ABNB,225,92.6668
ABNB,226,93.2679
ABNB,227,94.0116
ABNB,228,92.2491
ABNB,229,93.9620
ABNB,230,97.4123
ABNB,231,96.8282
ABNB,232,98.9783
ABNB,233,100.1405
ABNB,234,100.0527
ABNB,235,99.6405
ABNB,236,100.0627
ABNB,237,106.6284
ABNB,238,103.7125
ABNB,239,99.2815
ABNB,240,97.3290
ABNB,241,101.8994
ABNB,242,102.3808
ABNB,243,103.7166
ABNB,244,104.8319
ABNB,245,102.3983
ABNB,246,105.6490
ABNB,247,104.1748
ABNB,248,104.2601
ABNB,249,101.7918
ABNB,250,103.2667
ABNB,251,104.6647
ABNB,252,105.7988
ABNB,253,104.2333
ABNB,254,104.9326
ABNB,255,104.3774
ABNB,256,107.6387
ABNB,257,104.9384
ABNB,258,105.1506
ABNB,259,113.8671
ABNB,260,109.8302
ABNB,261,108.5038
ABNB,262,110.8760
ABNB,263,109.7755
ABNB,264,113.3577
ABNB,265,110.2687
ABNB,266,108.7166
ABNB,267,110.6009
ABNB,268,112.6868
ABNB,269,114.8125
ABNB,270,116.9076
ABNB,271,116.9614
ABNB,272,119.8335
ABNB,273,115.2372
ABNB,274,114.3352
ABNB,275,110.7969
ABNB,276,108.2378
ABNB,277,105.1687
ABNB,278,104.2099
ABNB,279,104.2698
ABNB,280,100.6689
ABNB,281,99.2485
ABNB,282,97.1656
ABNB,283,97.2040
ABNB,284,96.8951
ABNB,285,93.6635
ABNB,286,96.1201
ABNB,287,93.5888
ABNB,288,93.6208
ABNB,289,89.8926
ABNB,290,91.5932
ABNB,291,91.9962
ABNB,292,93.9534
ABNB,293,92.4731
ABNB,294,91.4245
ABNB,295,90.1154
ABNB,296,89.4774
ABNB,297,91.0224
ABNB,298,91.6975
ABNB,299,90.8534
ABNB,300,90.2962
ABNB,301,87.2232
ABNB,302,87.1837
ABNB,303,87.2974
ABNB,304,84.8752
ABNB,305,86.7818
ABNB,306,88.4507
ABNB,307,90.9871
ABNB,308,88.4225
ABNB,309,87.1417
ABNB,310,88.7576
ABNB,311,92.1078
ABNB,312,94.2197
ABNB,313,97.6799
ABNB,314,97.4839
ABNB,315,99.2306
ABNB,316,102.9969
ABNB,317,100.7499
ABNB,318,99.5041
ABNB,319,105.0528
ABNB,320,105.7447
ABNB,321,104.1063
ABNB,322,103.8600
ABNB,323,100.8236
ABNB,324,99.7038
ABNB,325,97.0372
ABNB,326,97.2892
ABNB,327,95.2950
ABNB,328,96.8787
ABNB,329,98.5845
ABNB,330,99.3080
ABNB,331,99.8166
ABNB,332,100.4696
ABNB,333,98.1648
ABNB,334,97.7033
ABNB,335,101.1247
ABNB,336,98.8319
ABNB,337,99.5346
ABNB,338,100.1695
ABNB,339,101.3800
ABNB,340,100.6848
ABNB,341,100.5282
ABNB,342,103.0496
ABNB,343,102.9943
ABNB,344,100.1383
ABNB,345,102.3285
ABNB,346,103.9201
ABNB,347,103.9608
ABNB,348,99.2938
ABNB,349,97.2369
ABNB,350,99.0531
ABNB,351,100.6868
ABNB,352,102.0067
ABNB,353,102.1800
ABNB,354,99.8832
ABNB,355,97.7503
ABNB,356,96.7456
ABNB,357,99.3968
ABNB,358,98.6750
ABNB,359,103.4989
ABNB,360,102.9595
ABNB,361,99.6799
ABNB,362,98.9772
ABNB,363,96.2866
ABNB,364,97.5762
ABNB,365,96.1053
ABNB,366,100.3666
ABNB,367,95.7023
ABNB,368,97.6824
ABNB,369,95.3004
ABNB,370,95.4441
ABNB,371,93.6653
ABNB,372,94.0835
ABNB,373,95.6828
ABNB,374,95.3594
ABNB,375,94.1203
ABNB,376,91.4755
ABNB,377,94.0203
ABNB,378,94.3035
ABNB,379,90.9526
ABNB,380,90.4655
ABNB,381,92.9490
ABNB,382,93.6728
ABNB,383,98.3569
ABNB,384,99.9218
ABNB,385,98.1527
ABNB,386,96.9453
ABNB,387,96.5010
ABNB,388,94.0795
ABNB,389,94.2741
ABNB,390,95.5763
ABNB,391,96.1970
ABNB,392,94.3290
ABNB,393,96.7463
ABNB,394,94.7871
ABNB,395,95.1857
ABNB,396,98.3642
ABNB,397,100.8553
ABNB,398,102.6971
ABNB,399,99.3583
ABNB,400,101.6418
ABNB,401,102.1365
ABNB,402,101.9459
ABNB,403,98.5319
ABNB,404,97.9984
ABNB,405,100.5478
ABNB,406,102.0623
ABNB,407,99.4533
ABNB,408,96.4449
ABNB,409,101.2810
ABNB,410,100.0775
ABNB,411,103.0156
ABNB,412,106.5644
ABNB,413,106.9300
ABNB,414,103.4847
ABNB,415,103.8882
ABNB,416,104.1056
ABNB,417,102.9190
ABNB,418,101.2824
ABNB,419,97.6112
ABNB,420,97.6526
ABNB,421,96.0941
ABNB,422,97.1333
ABNB,423,97.3443
ABNB,424,100.9452
ABNB,425,98.1341
ABNB,426,96.2643
ABNB,427,94.4162
ABNB,428,97.0091
ABNB,429,97.4150
ABNB,430,102.4844
ABNB,431,103.7487
ABNB,432,106.5703
ABNB,433,103.3816
ABNB,434,100.4356
ABNB,435,101.7852
ABNB,436,101.1297
ABNB,437,100.0766
ABNB,438,102.0519
ABNB,439,103.2269
ABNB,440,103.2188
ABNB,441,103.8397
ABNB,442,102.6767
ABNB,443,106.1744
ABNB,444,110.7866
ABNB,445,112.6691
ABNB,446,111.5825
ABNB,447,111.7988
ABNB,448,115.1249
ABNB,449,111.8405
ABNB,450,115.4640
ABNB,451,115.8867
ABNB,452,117.5404
ABNB,453,118.1132
ABNB,454,116.9558
ABNB,455,120.3143
ABNB,456,122.3853
ABNB,457,124.0581
ABNB,458,124.6470
ABNB,459,128.1608
ABNB,460,127.1267
ABNB,461,123.0930
ABNB,462,119.1078
ABNB,463,125.0007
ABNB,464,121.4420
ABNB,465,119.8047
ABNB,466,120.0068
ABNB,467,124.1872
ABNB,468,126.7044
ABNB,469,126.5748
ABNB,470,122.2008
ABNB,471,119.3267
ABNB,472,118.8803
ABNB,473,120.4923
ABNB,474,119.7495
ABNB,475,120.7724
ABNB,476,119.1467
ABNB,477,121.2526
ABNB,478,117.0388
ABNB,479,120.4034
ABNB,480,120.4391
ABNB,481,127.4388
ABNB,482,125.1244
ABNB,483,124.4892
ABNB,484,124.8136
ABNB,485,130.5474
ABNB,486,129.4700
ABNB,487,129.6364
ABNB,488,133.9751
ABNB,489,138.4492
ABNB,490,136.9956
ABNB,491,141.6518
ABNB,492,149.8414
ABNB,493,154.3769
ABNB,494,156.0369
ABNB,495,156.7277
ABNB,496,157.2828
ABNB,497,153.0800
ABNB,498,147.5334
ABNB,499,144.0207
ABNB,500,143.9108
ABNB,501,141.3461
ABNB,502,138.8184
ABNB,503,134.2865
ABNB,504,133.9656
BAC,0,38.0000
BAC,1,37.5972
BAC,2,38.9133
BAC,3,39.4001
BAC,4,39.8837
BAC,5,40.1912
BAC,6,39.3676
BAC,7,39.1445
BAC,8,38.4836
BAC,9,37.0367
BAC,10,37.2973
BAC,11,36.6163
BAC,12,36.0134
BAC,13,36.3791
BAC,14,35.7757
BAC,15,35.4375
BAC,16,35.3281
BAC,17,35.1418
BAC,18,33.8385
BAC,19,34.0310
BAC,20,32.9035
BAC,21,32.6547
BAC,22,33.1442
BAC,23,33.8003
BAC,24,33.7021
BAC,25,33.3340
BAC,26,33.9570
BAC,27,34.6178
BAC,28,35.0807
BAC,29,35.2280
BAC,30,35.8455
BAC,31,35.6122
BAC,32,35.9193
BAC,33,35.4389
BAC,34,35.7866
BAC,35,34.3374
BAC,36,34.5349
BAC,37,34.5638
BAC,38,34.5588
BAC,39,34.1419
BAC,40,35.1974
BAC,41,35.1835
BAC,42,34.9186
BAC,43,34.6028
BAC,44,35.3221
BAC,45,36.0178
BAC,46,36.3162
BAC,47,35.8714
BAC,48,35.7621
BAC,49,35.6604
BAC,50,35.8064
BAC,51,35.8874
BAC,52,35.9409
BAC,53,37.0385
BAC,54,37.4432
BAC,55,37.5629
BAC,56,36.7008
BAC,57,37.0673
BAC,58,37.2541
BAC,59,36.1069
BAC,60,36.0749
BAC,61,36.1521
BAC,62,36.5910
BAC,63,37.2019
BAC,64,37.5101
BAC,65,37.2467
BAC,66,36.7595
BAC,67,36.2478
BAC,68,36.7495
BAC,69,36.1698
BAC,70,36.6232
BAC,71,37.5114
BAC,72,38.1680
BAC,73,36.6416
BAC,74,36.0962
BAC,75,34.1753
BAC,76,34.0621
BAC,77,35.0306
BAC,78,35.3148
BAC,79,35.0086
BAC,80,34.9403
BAC,81,35.1099
BAC,82,35.5356
BAC,83,35.4947
BAC,84,36.2969
BAC,85,36.0403
BAC,86,36.2073
BAC,87,35.8870
BAC,88,36.0657
BAC,89,35.6339
BAC,90,35.7040
BAC,91,36.1333
BAC,92,36.7525
BAC,93,36.0237
BAC,94,36.3329
BAC,95,35.3541
BAC,96,35.8706
BAC,97,35.5083
BAC,98,35.1638
BAC,99,34.4150
BAC,100,35.1406
BAC,101,34.5421
BAC,102,33.9210
BAC,103,33.0202
BAC,104,33.5150
BAC,105,33.3935
BAC,106,34.2518
BAC,107,33.5214
BAC,108,33.9724
BAC,109,32.9917
BAC,110,32.2276
BAC,111,31.7710
BAC,112,32.8728
BAC,113,33.4594
BAC,114,32.9501
BAC,115,33.2202
BAC,116,32.9203
BAC,117,32.0763
BAC,118,31.5817
BAC,119,33.3397
BAC,120,33.3713
BAC,121,33.2611
BAC,122,33.8226
BAC,123,33.1409
BAC,124,33.7755
BAC,125,33.7583
BAC,126,32.9048
BAC,127,32.5897
BAC,128,32.5268
BAC,129,33.2431
BAC,130,33.4901
BAC,131,32.8659
BAC,132,33.4886
BAC,133,32.3620
BAC,134,32.8637
BAC,135,32.8489
BAC,136,33.7551
BAC,137,34.0488
BAC,138,33.4906
BAC,139,34.3540
BAC,140,34.5175
BAC,141,34.0663
BAC,142,33.0321
BAC,143,32.9745
BAC,144,33.4407
BAC,145,34.1241
BAC,146,35.0160
BAC,147,35.1189
BAC,148,34.8355
BAC,149,34.2905
BAC,150,34.6983
BAC,151,34.2771
BAC,152,34.0367
BAC,153,33.6637
BAC,154,33.1998
BAC,155,32.2304
BAC,156,32.9547
BAC,157,33.0381
BAC,158,31.5174
BAC,159,30.9904
BAC,160,30.9313
BAC,161,30.1029
BAC,162,29.0458
BAC,163,29.2336
BAC,164,29.5550
BAC,165,29.0163
BAC,166,29.6761
BAC,167,30.3984
BAC,168,29.9735
BAC,169,29.7923
BAC,170,29.9750
BAC,171,30.1070
BAC,172,30.3656
BAC,173,29.9109
BAC,174,30.2344
BAC,175,30.2965
BAC,176,30.9609
BAC,177,31.4931
BAC,178,31.9636
BAC,179,31.8630
BAC,180,31.7650
BAC,181,32.6058
BAC,182,33.2592
BAC,183,31.9500
BAC,184,31.5705
BAC,185,32.2985
BAC,186,32.1313
BAC,187,31.5887
BAC,188,31.1036
BAC,189,31.8806
BAC,190,31.4506
BAC,191,31.7516
BAC,192,31.5843
BAC,193,32.2494
BAC,194,32.7322
BAC,195,32.8149
BAC,196,33.2015
BAC,197,32.7579
BAC,198,32.7964
BAC,199,32.1924
BAC,200,32.7195
BAC,201,33.2745
BAC,202,33.4390
BAC,203,32.8930
BAC,204,33.2942
BAC,205,32.3172
BAC,206,31.8586
BAC,207,31.6172
BAC,208,32.2394
BAC,209,32.2134
BAC,210,33.1232
BAC,211,33.1920
BAC,212,33.7756
BAC,213,32.7064
BAC,214,32.3384
BAC,215,33.2967
BAC,216,33.4426
BAC,217,33.4433
BAC,218,33.6193
BAC,219,34.6629
BAC,220,35.4192
BAC,221,35.5554
BAC,222,35.5410
BAC,223,34.6634
BAC,224,35.0421
BAC,225,34.9756
BAC,226,35.6952
BAC,227,36.3753
BAC,228,35.9203
BAC,229,36.0597
BAC,230,36.0259
BAC,231,35.8563
BAC,232,35.9499
BAC,233,35.8086
BAC,234,35.4674
BAC,235,36.1071
BAC,236,35.4562
BAC,237,36.4339
BAC,238,36.2378
BAC,239,35.5776
BAC,240,36.0249
BAC,241,37.4250
BAC,242,36.9841
BAC,243,38.4825
BAC,244,38.3614
BAC,245,38.1896
BAC,246,38.8925
BAC,247,37.7403
BAC,248,37.6881
BAC,249,38.6957
BAC,250,39.2608
BAC,251,40.2376
BAC,252,40.5543
BAC,253,39.4203
BAC,254,40.1618
BAC,255,40.8589
BAC,256,41.2666
BAC,257,39.8544
BAC,258,39.5311
BAC,259,40.8111
BAC,260,41.9434
BAC,261,43.7129
BAC,262,44.5511
BAC,263,44.2902
BAC,264,44.1216
BAC,265,44.8659
BAC,266,44.1284
BAC,267,44.7782
BAC,268,43.6666
BAC,269,43.7468
BAC,270,43.9080
BAC,271,43.7794
BAC,272,42.9378
BAC,273,42.2972
BAC,274,41.7832
BAC,275,42.2199
BAC,276,42.7500
BAC,277,43.2965
BAC,278,43.4048
BAC,279,42.9044
BAC,280,42.6698
BAC,281,42.6486
BAC,282,42.0369
BAC,283,40.9397
BAC,284,39.8148
BAC,285,40.1448
BAC,286,40.9272
BAC,287,41.1800
BAC,288,41.7698
BAC,289,41.6949
BAC,290,41.6056
BAC,291,42.6759
BAC,292,42.9342
BAC,293,43.2975
BAC,294,42.2217
BAC,295,41.9273
BAC,296,42.3262
BAC,297,42.6483
BAC,298,43.9548
BAC,299,44.8736
BAC,300,44.7499
BAC,301,45.1297
BAC,302,45.1042
BAC,303,44.7625
BAC,304,45.3297
BAC,305,47.5401
BAC,306,46.7765
BAC,307,46.2774
BAC,308,46.1378
BAC,309,45.7734
BAC,310,45.0973
BAC,311,46.2789
BAC,312,45.8811
BAC,313,46.6798
BAC,314,46.7001
BAC,315,45.9280
BAC,316,45.6689
BAC,317,44.8797
BAC,318,46.1786
BAC,319,46.5998
BAC,320,46.1452
BAC,321,45.1013
BAC,322,45.1924
BAC,323,44.6593
BAC,324,45.2061
BAC,325,44.9592
BAC,326,45.4883
BAC,327,44.8034
BAC,328,45.1233
BAC,329,45.6261
BAC,330,45.7489
BAC,331,45.7115
BAC,332,47.6669
BAC,333,47.5649
BAC,334,48.2703
BAC,335,48.0949
BAC,336,46.1607
BAC,337,46.2052
BAC,338,46.8435
BAC,339,47.6269
BAC,340,46.6099
BAC,341,45.3932
BAC,342,44.4512
BAC,343,44.6781
BAC,344,44.3872
BAC,345,43.6233
BAC,346,44.4891
BAC,347,43.6062
BAC,348,44.1250
BAC,349,44.3027
BAC,350,45.6216
BAC,351,45.5434
BAC,352,45.9398
BAC,353,47.3485
BAC,354,46.9619
BAC,355,46.2357
BAC,356,46.2045
BAC,357,46.4273
BAC,358,46.0347
BAC,359,46.6343
BAC,360,47.3079
BAC,361,47.8007
BAC,362,49.1448
BAC,363,48.3805
BAC,364,48.6941
BAC,365,48.4746
BAC,366,49.5015
BAC,367,48.6043
BAC,368,49.1537
BAC,369,48.9066
BAC,370,50.2438
BAC,371,51.1790
BAC,372,51.0088
BAC,373,52.1425
BAC,374,50.9950
BAC,375,50.8652
BAC,376,50.2456
BAC,377,50.5204
BAC,378,51.3012
BAC,379,50.0974
BAC,380,50.8015
BAC,381,49.8356
BAC,382,50.9377
BAC,383,51.6424
BAC,384,52.2959
BAC,385,52.2804
BAC,386,51.8733
BAC,387,51.7741
BAC,388,52.3080
BAC,389,51.6685
BAC,390,51.5229
BAC,391,51.0402
BAC,392,51.4706
BAC,393,52.5961
BAC,394,53.3513
BAC,395,53.9868
BAC,396,53.3674
BAC,397,53.2188
BAC,398,53.2730
BAC,399,54.3036
BAC,400,54.1177
BAC,401,54.6091
BAC,402,53.1920
BAC,403,52.6494
BAC,404,52.0425
BAC,405,51.6909
BAC,406,51.3745
BAC,407,49.9931
BAC,408,49.2025
BAC,409,48.5451
BAC,410,48.3196
BAC,411,47.7369
BAC,412,49.3666
BAC,413,51.5466
BAC,414,50.6280
BAC,415,49.5300
BAC,416,49.0075
BAC,417,49.8340
BAC,418,49.2273
BAC,419,48.2522
BAC,420,48.3060
BAC,421,47.8479
BAC,422,47.2414
BAC,423,47.5797
BAC,424,47.6576
BAC,425,47.2450
BAC,426,47.5986
BAC,427,48.8897
BAC,428,49.9089
BAC,429,50.1913
BAC,430,49.2719
BAC,431,48.8379
BAC,432,49.5628
BAC,433,49.0997
BAC,434,48.5711
BAC,435,49.3250
BAC,436,49.8652
BAC,437,50.7756
BAC,438,53.0780
BAC,439,52.9048
BAC,440,54.4482
BAC,441,53.6285
BAC,442,54.3169
BAC,443,54.6410
BAC,444,53.4084
BAC,445,53.8813
BAC,446,52.6308
BAC,447,52.9352
BAC,448,53.4669
BAC,449,53.5145
BAC,450,51.8009
BAC,451,52.5177
BAC,452,52.9223
BAC,453,52.2739
BAC,454,52.1647
BAC,455,51.1697
BAC,456,51.7640
BAC,457,52.1097
BAC,458,53.1882
BAC,459,53.2823
BAC,460,52.1949
BAC,461,52.1808
BAC,462,51.1607
BAC,463,50.3405
BAC,464,49.5244
BAC,465,50.3793
BAC,466,50.0124
BAC,467,49.9990
BAC,468,50.3561
BAC,469,50.0307
BAC,470,51.8077
BAC,471,50.7961
BAC,472,51.3782
BAC,473,51.0495
BAC,474,50.3527
BAC,475,50.0669
BAC,476,50.0682
BAC,477,50.1943
BAC,478,50.1526
BAC,479,49.2674
BAC,480,48.2810
BAC,481,49.2484
BAC,482,49.6194
BAC,483,49.6053
BAC,484,51.0017
BAC,485,50.9618
BAC,486,51.3968
BAC,487,50.5147
BAC,488,51.4666
BAC,489,51.3187
BAC,490,53.1884
BAC,491,56.0333
BAC,492,57.6058
BAC,493,57.6984
BAC,494,57.3953
BAC,495,57.9056
BAC,496,55.9232
BAC,497,55.4019
BAC,498,58.0440
BAC,499,57.0253
BAC,500,58.0851
BAC,501,57.3161
BAC,502,57.5475
BAC,503,57.8802
BAC,504,56.7740
WFC,0,55.0000
WFC,1,53.8098
WFC,2,54.6570
WFC,3,56.2120
WFC,4,56.3173
WFC,5,56.0585
WFC,6,54.6490
WFC,7,54.1023
WFC,8,52.6391
WFC,9,50.9561
WFC,10,51.1602
WFC,11,50.4445
WFC,12,50.9807
WFC,13,50.6925
WFC,14,50.4375
WFC,15,50.4271
WFC,16,50.2283
WFC,17,49.0878
WFC,18,48.5523
WFC,19,48.4493
WFC,20,46.5430
WFC,21,47.4759
WFC,22,48.6950
WFC,23,48.8895
WFC,24,48.6888
WFC,25,48.4020
WFC,26,48.6393
WFC,27,50.0819
WFC,28,49.2658
WFC,29,49.8480
WFC,30,51.4179
WFC,31,51.4485
WFC,32,53.3775
WFC,33,52.0704
WFC,34,52.9163
WFC,35,51.6897
WFC,36,51.5245
WFC,37,50.7544
WFC,38,50.7088
WFC,39,50.0570
WFC,40,52.2617
WFC,41,51.9588
WFC,42,51.0055
WFC,43,50.4216
WFC,44,50.2198
WFC,45,50.3614
WFC,46,51.2647
WFC,47,50.9298
WFC,48,51.0859
WFC,49,52.2324
WFC,50,50.6339
WFC,51,50.4726
WFC,52,50.4045
WFC,53,50.3374
WFC,54,49.8264
WFC,55,50.9113
WFC,56,49.8542
WFC,57,51.8214
WFC,58,52.3387
WFC,59,50.6210
WFC,60,49.4082
WFC,61,49.1945
WFC,62,49.7677
WFC,63,50.4342
WFC,64,50.9279
WFC,65,51.3642
WFC,66,49.7840
WFC,67,49.7564
WFC,68,49.8127
WFC,69,48.6515
WFC,70,49.0198
WFC,71,50.1247
WFC,72,49.3695
WFC,73,46.0377
WFC,74,45.1961
WFC,75,43.1658
WFC,76,43.6489
WFC,77,45.0693
WFC,78,44.6124
WFC,79,43.8304
WFC,80,43.5321
WFC,81,43.4880
WFC,82,43.4362
WFC,83,43.6118
WFC,84,43.9189
WFC,85,44.3836
WFC,86,45.5010
WFC,87,45.0383
WFC,88,44.7278
WFC,89,44.2220
WFC,90,44.0901
WFC,91,43.8578
WFC,92,45.4144
WFC,93,43.6717
WFC,94,44.8486
WFC,95,43.8348
WFC,96,44.4951
WFC,97,45.4033
WFC,98,44.3652
WFC,99,42.0641
WFC,100,43.0901
WFC,101,43.2238
WFC,102,43.2178
WFC,103,42.7133
WFC,104,42.1665
WFC,105,42.3893
WFC,106,42.6052
WFC,107,42.5392
WFC,108,42.2477
WFC,109,39.9764
WFC,110,38.2645
WFC,111,37.3333
WFC,112,38.4562
WFC,113,38.4721
WFC,114,37.6266
WFC,115,38.3519
WFC,116,38.4220
WFC,117,38.1638
WFC,118,38.3731
WFC,119,40.1955
WFC,120,40.8574
WFC,121,41.4453
WFC,122,41.1971
WFC,123,40.6802
WFC,124,41.2809
WFC,125,41.0310
WFC,126,39.8594
WFC,127,39.6274
WFC,128,39.7432
WFC,129,39.7927
WFC,130,39.5824
WFC,131,38.4756
WFC,132,38.6546
WFC,133,38.0107
WFC,134,38.0535
WFC,135,36.9421
WFC,136,37.4870
WFC,137,37.4309
WFC,138,36.7705
WFC,139,37.3308
WFC,140,37.7894
WFC,141,36.8784
WFC,142,35.7145
WFC,143,36.0883
WFC,144,35.5866
WFC,145,35.4672
WFC,146,35.5843
WFC,147,35.0577
WFC,148,34.9879
WFC,149,34.0672
WFC,150,33.5525
WFC,151,33.5869
WFC,152,34.3250
WFC,153,34.5942
WFC,154,34.6662
WFC,155,33.9060
WFC,156,33.6479
WFC,157,33.8904
WFC,158,32.0443
WFC,159,31.9450
WFC,160,31.9472
WFC,161,30.8738
WFC,162,30.0396
WFC,163,30.1492
WFC,164,29.2804
WFC,165,28.9881
WFC,166,29.2158
WFC,167,28.6810
WFC,168,28.0771
WFC,169,27.6234
WFC,170,28.3841
WFC,171,28.9241
WFC,172,29.0258
WFC,173,28.8535
WFC,174,28.3609
WFC,175,28.9792
WFC,176,30.1234
WFC,177,29.5414
WFC,178,29.2681
WFC,179,29.5553
WFC,180,28.6940
WFC,181,28.8783
WFC,182,29.2046
WFC,183,28.1539
WFC,184,28.1498
WFC,185,28.3228
WFC,186,28.3944
WFC,187,27.3885
WFC,188,27.1606
WFC,189,27.5898
WFC,190,26.9679
WFC,191,27.4830
WFC,192,27.1070
WFC,193,28.0984
WFC,194,28.5992
WFC,195,29.0785
WFC,196,28.9053
WFC,197,28.7662
WFC,198,28.8832
WFC,199,28.6329
WFC,200,29.0960
WFC,201,29.1917
WFC,202,28.8348
WFC,203,29.1867
WFC,204,29.9189
WFC,205,29.3353
WFC,206,28.0364
WFC,207,27.5228
WFC,208,28.3391
WFC,209,29.4027
WFC,210,29.4196
WFC,211,28.9352
WFC,212,28.8617
WFC,213,28.4962
WFC,214,28.1660
WFC,215,28.4952
WFC,216,28.3177
WFC,217,28.3714
WFC,218,28.7006
WFC,219,28.8417
WFC,220,29.2884
WFC,221,29.4548
WFC,222,29.0891
WFC,223,28.7445
WFC,224,28.6519
WFC,225,28.8469
WFC,226,29.7564
WFC,227,30.2843
WFC,228,30.1131
WFC,229,30.3874
WFC,230,30.4662
WFC,231,29.9376
WFC,232,29.7897
WFC,233,29.6260
WFC,234,29.5821
WFC,235,29.6682
WFC,236,30.2153
WFC,237,31.1552
WFC,238,31.0566
WFC,239,31.7887
WFC,240,31.4260
WFC,241,32.1010
WFC,242,32.0666
WFC,243,32.8589
WFC,244,33.1711
WFC,245,32.3364
WFC,246,32.3043
WFC,247,31.8137
WFC,248,31.2074
WFC,249,31.0282
WFC,250,32.1319
WFC,251,32.1141
WFC,252,32.0010
WFC,253,31.9373
WFC,254,32.2080
WFC,255,32.6502
WFC,256,33.7253
WFC,257,32.6101
WFC,258,33.3338
WFC,259,34.4539
WFC,260,34.5157
WFC,261,35.8998
WFC,262,36.3737
WFC,263,36.1865
WFC,264,36.5880
WFC,265,36.4226
WFC,266,35.1120
WFC,267,34.9291
WFC,268,34.6573
WFC,269,35.6136
WFC,270,36.0130
WFC,271,36.0729
WFC,272,34.9686
WFC,273,34.1097
WFC,274,33.2054
WFC,275,32.9087
WFC,276,33.1416
WFC,277,33.6040
WFC,278,33.1597
WFC,279,32.7171
WFC,280,32.9318
WFC,281,32.6092
WFC,282,33.0589
WFC,283,32.2555
WFC,284,31.8049
WFC,285,31.0247
WFC,286,32.2217
WFC,287,31.7723
WFC,288,31.6213
WFC,289,31.4890
WFC,290,31.6813
WFC,291,32.0773
WFC,292,31.6372
WFC,293,31.5975
WFC,294,31.4298
WFC,295,32.0243
WFC,296,32.7595
WFC,297,33.2863
WFC,298,34.0613
WFC,299,34.7349
WFC,300,34.7824
WFC,301,35.7420
WFC,302,36.3795
WFC,303,36.1084
WFC,304,36.5106
WFC,305,37.2035
WFC,306,36.9741
WFC,307,37.2943
WFC,308,37.2308
WFC,309,36.9523
WFC,310,36.1408
WFC,311,35.9715
WFC,312,36.3584
WFC,313,36.5765
WFC,314,36.6192
WFC,315,36.3357
WFC,316,35.9942
WFC,317,34.7625
WFC,318,35.5175
WFC,319,35.9790
WFC,320,35.6459
WFC,321,35.5333
WFC,322,35.2466
WFC,323,34.2492
WFC,324,34.5692
WFC,325,33.9931
WFC,326,34.2134
WFC,327,33.4778
WFC,328,33.5387
WFC,329,33.2726
WFC,330,33.4139
WFC,331,33.2913
WFC,332,34.4923
WFC,333,34.0366
WFC,334,35.0005
WFC,335,34.7714
WFC,336,34.5365
WFC,337,33.7586
WFC,338,34.2424
WFC,339,34.1846
WFC,340,33.5069
WFC,341,33.0623
WFC,342,32.6798
WFC,343,33.9765
WFC,344,33.9451
WFC,345,33.9407
WFC,346,35.0638
WFC,347,34.9797
WFC,348,34.8774
WFC,349,34.1538
WFC,350,34.0655
WFC,351,33.8862
WFC,352,35.0402
WFC,353,36.2200
WFC,354,35.1970
WFC,355,34.8317
WFC,356,34.1703
WFC,357,34.3015
WFC,358,33.9054
WFC,359,34.4903
WFC,360,34.5727
WFC,361,34.2505
WFC,362,34.2754
WFC,363,33.2977
WFC,364,33.8525
WFC,365,34.1421
WFC,366,34.1467
WFC,367,33.9208
WFC,368,34.2841
WFC,369,33.3897
WFC,370,34.0011
WFC,371,34.2952
WFC,372,33.8961
WFC,373,34.4283
WFC,374,33.9960
WFC,375,34.1962
WFC,376,33.3311
WFC,377,34.0479
WFC,378,34.8958
WFC,379,34.2155
WFC,380,34.7974
WFC,381,35.1632
WFC,382,35.7629
WFC,383,36.1863
WFC,384,37.1445
WFC,385,36.5761
WFC,386,36.3100
WFC,387,36.7829
WFC,388,36.7018
WFC,389,36.1612
WFC,390,35.7058
WFC,391,35.5149
WFC,392,35.7170
WFC,393,36.2475
WFC,394,36.1628
WFC,395,36.7102
WFC,396,36.3764
WFC,397,36.9474
WFC,398,36.2068
WFC,399,35.9795
WFC,400,36.4216
WFC,401,35.9776
WFC,402,36.7166
WFC,403,35.9374
WFC,404,34.6030
WFC,405,33.8979
WFC,406,33.6018
WFC,407,32.8807
WFC,408,32.9752
WFC,409,32.9959
WFC,410,33.3380
WFC,411,32.6665
WFC,412,33.5542
WFC,413,34.2269
WFC,414,33.2274
WFC,415,32.8861
WFC,416,33.0314
WFC,417,33.6690
WFC,418,32.9020
WFC,419,32.5750
WFC,420,32.8179
WFC,421,32.1805
WFC,422,32.4780
WFC,423,32.2598
WFC,424,32.2385
WFC,425,32.2826
WFC,426,32.9754
WFC,427,33.1836
WFC,428,33.2291
WFC,429,33.7263
WFC,430,34.3285
WFC,431,34.0937
WFC,432,35.1399
WFC,433,36.1889
WFC,434,34.8991
WFC,435,34.5560
WFC,436,34.7352
WFC,437,35.3556
WFC,438,35.5497
WFC,439,35.2779
WFC,440,36.4062
WFC,441,36.0277
WFC,442,36.6009
WFC,443,36.4443
WFC,444,35.5940
WFC,445,35.9856
WFC,446,35.6891
WFC,447,36.2304
WFC,448,36.7629
WFC,449,37.7743
WFC,450,37.2209
WFC,451,36.8341
WFC,452,35.7816
WFC,453,35.3688
WFC,454,34.7853
WFC,455,35.6044
WFC,456,36.4391
WFC,457,37.5155
WFC,458,38.2010
WFC,459,37.3158
WFC,460,37.4832
WFC,461,37.3785
WFC,462,36.8969
WFC,463,37.5524
WFC,464,37.2728
WFC,465,36.8503
WFC,466,37.5243
WFC,467,37.5132
WFC,468,37.2898
WFC,469,36.9751
WFC,470,38.4938
WFC,471,37.5789
WFC,472,37.7249
WFC,473,37.7609
WFC,474,37.2024
WFC,475,37.4498
WFC,476,37.0697
WFC,477,37.6897
WFC,478,37.1551
WFC,479,38.2885
WFC,480,37.9887
WFC,481,38.7900
WFC,482,38.8589
WFC,483,39.4484
WFC,484,40.0177
WFC,485,40.3461
WFC,486,40.4029
WFC,487,39.9549
WFC,488,39.8443
WFC,489,41.0203
WFC,490,42.8016
WFC,491,44.7103
WFC,492,45.9699
WFC,493,46.3770
WFC,494,47.8157
WFC,495,46.9645
WFC,496,45.8763
WFC,497,45.5810
WFC,498,47.6976
WFC,499,46.5943
WFC,500,46.6652
WFC,501,46.4177
WFC,502,45.9549
WFC,503,45.8117
WFC,504,44.7642
GS,0,450.0000
GS,1,438.4062
GS,2,446.1935
GS,3,455.9199
GS,4,453.7202
GS,5,451.2905
GS,6,448.4422
GS,7,439.3937
GS,8,429.7160
GS,9,413.1345
GS,10,418.1587
GS,11,410.8832
GS,12,408.4434
GS,13,402.7496
GS,14,405.6091
GS,15,401.8759
GS,16,396.7850
GS,17,391.1147
GS,18,387.1676
GS,19,386.6837
GS,20,373.7072
GS,21,376.6805
GS,22,380.4674
GS,23,385.6276
GS,24,391.5522
GS,25,389.6443
GS,26,390.1782
GS,27,405.2296
GS,28,404.2120
GS,29,400.3551
GS,30,408.6690
GS,31,403.7596
GS,32,412.3819
GS,33,400.2430
GS,34,401.2125
GS,35,396.8297
GS,36,399.8479
GS,37,392.5928
GS,38,400.2499
GS,39,399.1594
GS,40,404.1855
GS,41,402.7865
GS,42,393.5316
GS,43,391.9758
GS,44,404.5714
GS,45,404.9000
GS,46,407.0891
GS,47,402.3169
GS,48,390.3435
GS,49,392.6336
GS,50,387.1364
GS,51,390.1046
GS,52,378.6363
GS,53,378.5144
GS,54,378.9519
GS,55,384.1180
GS,56,376.0914
GS,57,382.2325
GS,58,379.4487
GS,59,368.7948
GS,60,360.0041
GS,61,354.6705
GS,62,354.9621
GS,63,361.8983
GS,64,359.0941
GS,65,367.8958
GS,66,359.3930
GS,67,361.5959
GS,68,372.4192
GS,69,359.4815
GS,70,355.3784
GS,71,354.5530
GS,72,353.3701
GS,73,336.6204
GS,74,329.4210
GS,75,318.5273
GS,76,322.8654
GS,77,328.4328
GS,78,338.8547
GS,79,346.6493
GS,80,345.0997
GS,81,345.9393
GS,82,346.8339
GS,83,357.6773
GS,84,355.9132
GS,85,352.9287
GS,86,358.4741
GS,87,363.0179
GS,88,363.2471
GS,89,367.6228
GS,90,376.6658
GS,91,376.8233
GS,92,389.4907
GS,93,379.5343
GS,94,381.9768
GS,95,368.1166
GS,96,365.3982
GS,97,355.7633
GS,98,346.2966
GS,99,333.4617
GS,100,343.3506
GS,101,340.8392
GS,102,340.0649
GS,103,330.6638
GS,104,331.7854
GS,105,331.0022
GS,106,338.9921
GS,107,330.1501
GS,108,327.7975
GS,109,323.0235
GS,110,322.6297
GS,111,316.2785
GS,112,323.9387
GS,113,323.0578
GS,114,323.8335
GS,115,334.4031
GS,116,337.4174
GS,117,333.3689
GS,118,333.4025
GS,119,345.0697
GS,120,348.0709
GS,121,348.9239
GS,122,352.5114
GS,123,341.9355
GS,124,362.1019
GS,125,357.9478
GS,126,351.4646
GS,127,347.1371
GS,128,344.7468
GS,129,345.3810
GS,130,347.3190
GS,131,350.9622
GS,132,344.4731
GS,133,331.0168
GS,134,331.7597
GS,135,330.1076
GS,136,340.0167
GS,137,339.1817
GS,138,334.1108
GS,139,337.8964
GS,140,341.7220
GS,141,334.4229
GS,142,331.0149
GS,143,334.9073
GS,144,335.0153
GS,145,330.4553
GS,146,334.1025
GS,147,333.9082
GS,148,328.2652
GS,149,324.9742
GS,150,331.9319
GS,151,329.8293
GS,152,324.7104
GS,153,325.1883
GS,154,320.4698
GS,155,316.2583
GS,156,320.4310
GS,157,323.4673
GS,158,313.5990
GS,159,308.3699
GS,160,310.5966
GS,161,307.6876
GS,162,301.7136
GS,163,297.5905
GS,164,296.4484
GS,165,295.0758
GS,166,297.0750
GS,167,296.2906
GS,168,292.2763
GS,169,288.9448
GS,170,292.8970
GS,171,293.0404
GS,172,299.6425
GS,173,297.5480
GS,174,294.7293
GS,175,298.2370
GS,176,301.1129
GS,177,302.9013
GS,178,303.1741
GS,179,310.0885
GS,180,306.2219
GS,181,309.4153
GS,182,312.9176
GS,183,308.4549
GS,184,306.2021
GS,185,310.7056
GS,186,309.8220
GS,187,302.7669
GS,188,302.6249
GS,189,313.8843
GS,190,311.3678
GS,191,321.0470
GS,192,327.2903
GS,193,337.7557
GS,194,337.5175
GS,195,339.0694
GS,196,341.1733
GS,197,336.6504
GS,198,342.3990
GS,199,345.5304
GS,200,353.3978
GS,201,357.3924
GS,202,360.7584
GS,203,359.7168
GS,204,363.2539
GS,205,365.3772
GS,206,352.0079
GS,207,356.0429
GS,208,365.8179
GS,209,373.3228
GS,210,380.0491
GS,211,379.8876
GS,212,379.4618
GS,213,377.5350
GS,214,380.7378
GS,215,391.3054
GS,216,394.7382
GS,217,396.0859
GS,218,388.9705
GS,219,389.4019
GS,220,395.2369
GS,221,395.6975
GS,222,401.3335
GS,223,397.3794
GS,224,393.6624
GS,225,394.1563
GS,226,401.7067
GS,227,404.1672
GS,228,399.2032
GS,229,397.6849
GS,230,403.4154
GS,231,402.6094
GS,232,403.1582
GS,233,407.4544
GS,234,408.3492
GS,235,409.6907
GS,236,411.3392
GS,237,413.5541
GS,238,413.4189
GS,239,413.4652
GS,240,420.4391
GS,241,435.1763
GS,242,424.8698
GS,243,439.4325
GS,244,450.8959
GS,245,443.0532
GS,246,457.6097
GS,247,450.7476
GS,248,439.2265
GS,249,435.6088
GS,250,442.9520
GS,251,452.7018
GS,252,457.7310
GS,253,454.2164
GS,254,460.0088
GS,255,459.1547
GS,256,461.3692
GS,257,458.4733
GS,258,461.6820
GS,259,471.4537
GS,260,477.8693
GS,261,481.6955
GS,262,482.8424
GS,263,484.8764
GS,264,490.4466
GS,265,488.3531
GS,266,478.9231
GS,267,483.8590
GS,268,485.0189
GS,269,496.3588
GS,270,506.2537
GS,271,505.0184
GS,272,490.3811
GS,273,483.5107
GS,274,481.4148
GS,275,484.8391
GS,276,495.1155
GS,277,502.7383
GS,278,497.9457
GS,279,488.8820
GS,280,482.4987
GS,281,479.8696
GS,282,471.7864
GS,283,460.7722
GS,284,452.5768
GS,285,441.1062
GS,286,453.5663
GS,287,456.3468
GS,288,462.7523
GS,289,456.0131
GS,290,457.4042
GS,291,465.1241
GS,292,469.3243
GS,293,479.8976
GS,294,471.3514
GS,295,471.8341
GS,296,464.7302
GS,297,475.3627
GS,298,492.5391
GS,299,498.1961
GS,300,505.7657
GS,301,519.5920
GS,302,516.9392
GS,303,505.9182
GS,304,505.6668
GS,305,524.7383
GS,306,526.7170
GS,307,527.6885
GS,308,511.6453
GS,309,502.0225
GS,310,500.9478
GS,311,503.4822
GS,312,501.1076
GS,313,511.8305
GS,314,514.8683
GS,315,513.0795
GS,316,507.9611
GS,317,502.2088
GS,318,518.6390
GS,319,526.5445
GS,320,527.9344
GS,321,528.1337
GS,322,527.5197
GS,323,517.3890
GS,324,526.9709
GS,325,521.0611
GS,326,520.2799
GS,327,503.1210
GS,328,507.1389
GS,329,499.9024
GS,330,494.8186
GS,331,496.5776
GS,332,505.3899
GS,333,497.5341
GS,334,521.4723
GS,335,527.6543
GS,336,513.3183
GS,337,512.6190
GS,338,520.4530
GS,339,521.8261
GS,340,509.8606
GS,341,507.9026
GS,342,503.8335
GS,343,514.6943
GS,344,506.3985
GS,345,500.9820
GS,346,507.4049
GS,347,494.6423
GS,348,496.8496
GS,349,506.0672
GS,350,500.5917
GS,351,505.5149
GS,352,517.1043
GS,353,530.6742
GS,354,529.4492
GS,355,542.2509
GS,356,545.4052
GS,357,539.2183
GS,358,531.1344
GS,359,529.2091
GS,360,536.0808
GS,361,532.3673
GS,362,530.9216
GS,363,520.3541
GS,364,514.7312
GS,365,503.5315
GS,366,513.1766
GS,367,516.6082
GS,368,514.0354
GS,369,511.9348
GS,370,505.4541
GS,371,500.0113
GS,372,496.9889
GS,373,501.3484
GS,374,506.3603
GS,375,502.8264
GS,376,486.0349
GS,377,498.5224
GS,378,498.2275
GS,379,478.1120
GS,380,479.8006
GS,381,472.8459
GS,382,487.3093
GS,383,485.4886
GS,384,489.9652
GS,385,494.5080
GS,386,495.1972
GS,387,495.9869
GS,388,484.9496
GS,389,489.3300
GS,390,485.0456
GS,391,484.4960
GS,392,481.1906
GS,393,492.3290
GS,394,498.6737
GS,395,512.5454
GS,396,511.8536
GS,397,518.3065
GS,398,516.4560
GS,399,514.0592
GS,400,526.1568
GS,401,526.6343
GS,402,510.9938
GS,403,508.6208
GS,404,490.1967
GS,405,484.0784
GS,406,482.9456
GS,407,471.3305
GS,408,473.1149
GS,409,476.0156
GS,410,480.5983
GS,411,477.0918
GS,412,490.3923
GS,413,503.2293
GS,414,491.2485
GS,415,476.0059
GS,416,479.8924
GS,417,479.1282
GS,418,477.9288
GS,419,471.9899
GS,420,477.5998
GS,421,475.0505
GS,422,475.4387
GS,423,479.1374
GS,424,489.0081
GS,425,491.6758
GS,426,494.2513
GS,427,501.6887
GS,428,503.3412
GS,429,505.7081
GS,430,495.0832
GS,431,497.8352
GS,432,504.8913
GS,433,503.3311
GS,434,490.1585
GS,435,484.1832
GS,436,482.1503
GS,437,478.1894
GS,438,493.2490
GS,439,488.1676
GS,440,492.1100
GS,441,489.9982
GS,442,503.8286
GS,443,510.5486
GS,444,508.9491
GS,445,513.9434
GS,446,511.7801
GS,447,515.1225
GS,448,521.1865
GS,449,519.8086
GS,450,519.4168
GS,451,524.8051
GS,452,528.5896
GS,453,541.3521
GS,454,542.0223
GS,455,544.6128
GS,456,530.4106
GS,457,536.8151
GS,458,543.3991
GS,459,533.7553
GS,460,524.1259
GS,461,530.5979
GS,462,510.9886
GS,463,497.2823
GS,464,486.7962
GS,465,476.3585
GS,466,486.4707
GS,467,497.4926
GS,468,496.8632
GS,469,477.4263
GS,470,478.2529
GS,471,472.0860
GS,472,459.5733
GS,473,462.1833
GS,474,461.2839
GS,475,450.6393
GS,476,450.3136
GS,477,452.6960
GS,478,453.6226
GS,479,451.4345
GS,480,448.2478
GS,481,457.6378
GS,482,463.6759
GS,483,474.2076
GS,484,483.9827
GS,485,494.4258
GS,486,497.6318
GS,487,489.8470
GS,488,493.5026
GS,489,503.4158
GS,490,520.1192
GS,491,538.8202
GS,492,556.1091
GS,493,569.5619
GS,494,570.9328
GS,495,575.1167
GS,496,567.8470
GS,497,551.0373
GS,498,562.2260
GS,499,545.1728
GS,500,536.9050
GS,501,541.3911
GS,502,539.1383
GS,503,541.8532
GS,504,532.6270
MS,0,95.0000
MS,1,94.2841
MS,2,96.7218
MS,3,97.7732
MS,4,99.3503
MS,5,98.8961
MS,6,97.3785
MS,7,96.5387
MS,8,93.4587
MS,9,90.1875
MS,10,91.4519
MS,11,91.5622
MS,12,93.2319
MS,13,92.4939
MS,14,92.8031
MS,15,89.5888
MS,16,89.3385
MS,17,86.5146
MS,18,84.6586
MS,19,84.4421
MS,20,82.0828
MS,21,80.2049
MS,22,81.9244
MS,23,82.4339
MS,24,83.6031
MS,25,81.4280
MS,26,83.3421
MS,27,87.5255
MS,28,87.2403
MS,29,85.4350
MS,30,85.1166
MS,31,85.2287
MS,32,87.8304
MS,33,86.3102
MS,34,88.3254
MS,35,88.1336
MS,36,88.8018
MS,37,91.6456
MS,38,93.2993
MS,39,93.6342
MS,40,94.6824
MS,41,93.7957
MS,42,91.8906
MS,43,90.2115
MS,44,91.8484
MS,45,92.4870
MS,46,90.0332
MS,47,88.8032
MS,48,88.6187
MS,49,88.4143
MS,50,88.1659
MS,51,86.2636
MS,52,85.4903
MS,53,85.7496
MS,54,85.8864
MS,55,84.8350
MS,56,83.8073
MS,57,86.6603
MS,58,85.5545
MS,59,85.4186
MS,60,84.2599
MS,61,83.2701
MS,62,83.6858
MS,63,85.3912
MS,64,85.9616
MS,65,85.3783
MS,66,82.8294
MS,67,83.6175
MS,68,84.9144
MS,69,82.9848
MS,70,83.3664
MS,71,84.5446
MS,72,86.5669
MS,73,82.8690
MS,74,83.0938
MS,75,81.0693
MS,76,81.6233
MS,77,83.5047
MS,78,86.1932
MS,79,86.5351
MS,80,85.7451
MS,81,86.3836
MS,82,87.0401
MS,83,85.9456
MS,84,86.6277
MS,85,85.9569
MS,86,86.2757
MS,87,87.4390
MS,88,89.0129
MS,89,89.5596
MS,90,90.7905
MS,91,91.8312
MS,92,94.5799
MS,93,93.2567
MS,94,95.6311
MS,95,92.3891
MS,96,93.7048
MS,97,91.2649
MS,98,88.6525
MS,99,86.5400
MS,100,88.5238
MS,101,87.9771
MS,102,86.1225
MS,103,82.7002
MS,104,83.1644
MS,105,83.6475
MS,106,83.8681
MS,107,83.3637
MS,108,83.9506
MS,109,82.5432
MS,110,79.8761
MS,111,78.4906
MS,112,80.2667
MS,113,79.6146
MS,114,79.6614
MS,115,79.1828
MS,116,78.5955
MS,117,78.4708
MS,118,75.6411
MS,119,78.0091
MS,120,78.0225
MS,121,78.7857
MS,122,79.6181
MS,123,79.4387
MS,124,80.1392
MS,125,80.0197
MS,126,80.7315
MS,127,79.6333
MS,128,78.5397
MS,129,80.2668
MS,130,78.9841
MS,131,77.8350
MS,132,76.5038
MS,133,74.1255
MS,134,75.5067
MS,135,75.6030
MS,136,76.2364
MS,137,76.1351
MS,138,74.2087
MS,139,74.1779
MS,140,74.1546
MS,141,71.9820
MS,142,69.1753
MS,143,67.6814
MS,144,67.0228
MS,145,65.6957
MS,146,65.3827
MS,147,65.8735
MS,148,64.2736
MS,149,63.1635
MS,150,63.5375
MS,151,63.9159
MS,152,64.3132
MS,153,63.8820
MS,154,63.2736
MS,155,61.5612
MS,156,61.7342
MS,157,61.7341
MS,158,59.7201
MS,159,59.1533
MS,160,57.6621
MS,161,55.9690
MS,162,53.9395
MS,163,52.6875
MS,164,52.5765
MS,165,52.6627
MS,166,52.9441
MS,167,53.1567
MS,168,51.8932
MS,169,50.9905
MS,170,52.3989
MS,171,51.8097
MS,172,52.5517
MS,173,52.8732
MS,174,51.6282
MS,175,52.0607
MS,176,52.6826
MS,177,53.1288
MS,178,53.7779
MS,179,52.9976
MS,180,52.1419
MS,181,52.3556
MS,182,51.9318
MS,183,50.5700
MS,184,49.7194
MS,185,51.3804
MS,186,51.4046
MS,187,50.6509
MS,188,51.3532
MS,189,51.8709
MS,190,51.8512
MS,191,52.9744
MS,192,53.0510
MS,193,55.2232
MS,194,55.6246
MS,195,55.5906
MS,196,56.9214
MS,197,55.8264
MS,198,55.7791
MS,199,56.9933
MS,200,57.2488
MS,201,57.6606
MS,202,58.0581
MS,203,59.1764
MS,204,59.9206
MS,205,58.8938
MS,206,58.1820
MS,207,57.3621
MS,208,58.4721
MS,209,57.7690
MS,210,59.6437
MS,211,59.7320
MS,212,59.1481
MS,213,58.5655
MS,214,58.9637
MS,215,59.6323
MS,216,60.4681
MS,217,59.7572
MS,218,59.4531
MS,219,61.6982
MS,220,61.9581
MS,221,62.5407
MS,222,61.5005
MS,223,60.8944
MS,224,60.1660
MS,225,61.0925
MS,226,62.1313
MS,227,63.0928
MS,228,62.2499
MS,229,62.6188
MS,230,63.3360
MS,231,63.4824
MS,232,64.7437
MS,233,64.7528
MS,234,64.9914
MS,235,64.6737
MS,236,65.2361
MS,237,64.9222
MS,238,63.9496
MS,239,64.1346
MS,240,64.8530
MS,241,65.7772
MS,242,65.6409
MS,243,66.4114
MS,244,66.6395
MS,245,64.6017
MS,246,66.8038
MS,247,65.9091
MS,248,64.5466
MS,249,63.8426
MS,250,65.2880
MS,251,66.6177
MS,252,66.4906
MS,253,65.9576
MS,254,64.6311
MS,255,65.8244
MS,256,65.8974
MS,257,64.7181
MS,258,63.2813
MS,259,65.2062
MS,260,65.7721
MS,261,66.0224
MS,262,67.6735
MS,263,68.5702
MS,264,67.7911
MS,265,67.2692
MS,266,65.6242
MS,267,66.3645
MS,268,64.5567
MS,269,66.6115
MS,270,66.1412
MS,271,66.5956
MS,272,64.3344
MS,273,61.5137
MS,274,61.0790
MS,275,61.1359
MS,276,61.7701
MS,277,62.9808
MS,278,63.2221
MS,279,61.7163
MS,280,61.5163
MS,281,61.6157
MS,282,58.9720
MS,283,57.8749
MS,284,56.6422
MS,285,55.4218
MS,286,56.5492
MS,287,55.6948
MS,288,55.9418
MS,289,55.1900
MS,290,54.5977
MS,291,56.1893
MS,292,56.7878
MS,293,56.5879
MS,294,55.6901
MS,295,54.9572
MS,296,56.1964
MS,297,55.8581
MS,298,56.8194
MS,299,58.0124
MS,300,59.2918
MS,301,60.7286
MS,302,61.4441
MS,303,60.4948
MS,304,61.5645
MS,305,65.1880
MS,306,65.0204
MS,307,64.2571
MS,308,64.4610
MS,309,63.8281
MS,310,62.6758
MS,311,63.6774
MS,312,63.9408
MS,313,65.8459
MS,314,65.5938
MS,315,65.5754
MS,316,66.7871
MS,317,66.4444
MS,318,66.5228
MS,319,67.6114
MS,320,66.9186
MS,321,64.0730
MS,322,63.1853
MS,323,60.8265
MS,324,61.1180
MS,325,58.7291
MS,326,59.3066
MS,327,58.4313
MS,328,58.1102
MS,329,58.3354
MS,330,58.7137
MS,331,58.7656
MS,332,60.1600
MS,333,58.1903
MS,334,59.5829
MS,335,58.2392
MS,336,56.9019
MS,337,55.0265
MS,338,54.3222
MS,339,54.7073
MS,340,55.3567
MS,341,54.7585
MS,342,53.4775
MS,343,55.4564
MS,344,56.0604
MS,345,56.6324
MS,346,56.5989
MS,347,56.6712
MS,348,56.5267
MS,349,56.9129
MS,350,57.2977
MS,351,56.9321
MS,352,57.0495
MS,353,58.9256
MS,354,58.7944
MS,355,59.4884
MS,356,60.3204
MS,357,60.3535
MS,358,59.6075
MS,359,60.6270
MS,360,60.9109
MS,361,61.4583
MS,362,61.2739
MS,363,58.4735
MS,364,59.5236
MS,365,58.1746
MS,366,59.0148
MS,367,59.4542
MS,368,59.3818
MS,369,60.0371
MS,370,59.6850
MS,371,60.3822
MS,372,60.0415
MS,373,60.8493
MS,374,61.0422
MS,375,61.7082
MS,376,61.7664
MS,377,62.4102
MS,378,64.0630
MS,379,62.8735
MS,380,63.8278
MS,381,64.4387
MS,382,65.8291
MS,383,67.0060
MS,384,67.5392
MS,385,68.2316
MS,386,69.2259
MS,387,70.0280
MS,388,68.5113
MS,389,68.0057
MS,390,67.0940
MS,391,67.7247
MS,392,66.9297
MS,393,67.7142
MS,394,68.6134
MS,395,69.3810
MS,396,68.0984
MS,397,68.3812
MS,398,67.3904
MS,399,67.8282
MS,400,67.7029
MS,401,67.4349
MS,402,66.7237
MS,403,65.7304
MS,404,65.1501
MS,405,64.7683
MS,406,65.0247
MS,407,62.9674
MS,408,63.7281
MS,409,64.2393
MS,410,63.1501
MS,411,63.8717
MS,412,65.4592
MS,413,66.8691
MS,414,65.0425
MS,415,64.6253
MS,416,65.2332
MS,417,66.6251
MS,418,66.5920
MS,419,65.2787
MS,420,65.6311
MS,421,66.2490
MS,422,66.5376
MS,423,66.3189
MS,424,65.1902
MS,425,64.4514
MS,426,65.6599
MS,427,66.5211
MS,428,67.4815
MS,429,68.1832
MS,430,66.8193
MS,431,66.1313
MS,432,66.7152
MS,433,68.7685
MS,434,69.2789
MS,435,68.9632
MS,436,68.9561
MS,437,69.5417
MS,438,70.7092
MS,439,69.4142
MS,440,70.6962
MS,441,70.4609
MS,442,71.9725
MS,443,73.8254
MS,444,72.7079
MS,445,73.5820
MS,446,71.4810
MS,447,73.2477
MS,448,73.4492
MS,449,73.1056
MS,450,71.9053
MS,451,71.7901
MS,452,70.0295
MS,453,69.8903
MS,454,70.6444
MS,455,70.9710
MS,456,72.0337
MS,457,73.3369
MS,458,74.6069
MS,459,74.2098
MS,460,74.0706
MS,461,75.3617
MS,462,74.1952
MS,463,75.0754
MS,464,74.5227
MS,465,74.8987
MS,466,76.5425
MS,467,78.4280
MS,468,80.6078
MS,469,79.4842
MS,470,82.2843
MS,471,81.3098
MS,472,81.3930
MS,473,82.5611
MS,474,80.9590
MS,475,80.3778
MS,476,79.5264
MS,477,81.6628
MS,478,80.7937
MS,479,81.6993
MS,480,82.2216
MS,481,85.9494
MS,482,86.5926
MS,483,88.0483
MS,484,88.6910
MS,485,90.6693
MS,486,91.0186
MS,487,92.4860
MS,488,93.8910
MS,489,95.9583
MS,490,99.0811
MS,491,105.8580
MS,492,106.7644
MS,493,109.2317
MS,494,110.8786
MS,495,110.3568
MS,496,107.1715
MS,497,106.8201
MS,498,108.8837
MS,499,105.6262
MS,500,106.5741
MS,501,105.8043
MS,502,107.2879
MS,503,106.4801
MS,504,104.5656
BLK,0,800.0000
BLK,1,797.2582
BLK,2,797.9807
BLK,3,814.8599
BLK,4,809.3863
BLK,5,811.7135
BLK,6,807.9868
BLK,7,798.3790
BLK,8,783.6709
BLK,9,763.2945
BLK,10,768.1894
BLK,11,759.6171
BLK,12,771.6867
BLK,13,785.0509
BLK,14,782.2033
BLK,15,766.7692
BLK,16,778.5836
BLK,17,787.2434
BLK,18,774.2309
BLK,19,778.8650
BLK,20,748.8639
BLK,21,751.4378
BLK,22,755.1645
BLK,23,767.1672
BLK,24,765.0149
BLK,25,767.1416
BLK,26,779.9310
BLK,27,806.1086
BLK,28,818.1381
BLK,29,813.6867
BLK,30,832.8402
BLK,31,834.4759
BLK,32,848.5954
BLK,33,842.8245
BLK,34,852.0750
BLK,35,842.4602
BLK,36,839.6534
BLK,37,849.5652
BLK,38,856.7004
BLK,39,848.3877
BLK,40,865.9169
BLK,41,865.7741
BLK,42,839.0216
BLK,43,826.3600
BLK,44,827.9767
BLK,45,825.6701
BLK,46,805.4665
BLK,47,825.6333
BLK,48,824.1164
BLK,49,825.5224
BLK,50,816.9837
BLK,51,811.1906
BLK,52,806.2252
BLK,53,800.9536
BLK,54,803.7840
BLK,55,806.8196
BLK,56,778.7175
BLK,57,791.9647
BLK,58,796.9936
BLK,59,774.9047
BLK,60,772.8843
BLK,61,767.7785
BLK,62,769.5627
BLK,63,783.1228
BLK,64,791.1874
BLK,65,793.0509
BLK,66,775.4030
BLK,67,786.3230
BLK,68,804.7946
BLK,69,802.2041
BLK,70,798.8236
BLK,71,809.1039
BLK,72,822.0643
BLK,73,794.1904
BLK,74,785.0191
BLK,75,755.7541
BLK,76,752.2041
BLK,77,771.2760
BLK,78,768.3103
BLK,79,763.0859
BLK,80,746.6831
BLK,81,738.6171
BLK,82,743.9335
BLK,83,744.7360
BLK,84,747.1464
BLK,85,742.6607
BLK,86,753.1548
BLK,87,747.9998
BLK,88,762.4891
BLK,89,758.5463
BLK,90,765.6957
BLK,91,770.9891
BLK,92,779.7989
BLK,93,775.5273
BLK,94,783.0926
BLK,95,772.6273
BLK,96,777.1440
BLK,97,776.3216
BLK,98,763.1532
BLK,99,749.7675
BLK,100,765.0726
BLK,101,751.0119
BLK,102,733.0675
BLK,103,726.0117
BLK,104,719.6944
BLK,105,725.7554
BLK,106,717.8632
BLK,107,705.5104
BLK,108,705.7003
BLK,109,680.0470
BLK,110,661.2634
BLK,111,642.7566
BLK,112,655.9886
BLK,113,638.8509
BLK,114,649.3558
BLK,115,646.3237
BLK,116,632.5069
BLK,117,622.5533
BLK,118,622.8576
BLK,119,639.9803
BLK,120,649.3210
BLK,121,659.8217
BLK,122,667.1082
BLK,123,676.8498
BLK,124,694.9406
BLK,125,677.2569
BLK,126,687.8076
BLK,127,670.3202
BLK,128,671.3621
BLK,129,687.9847
BLK,130,684.9432
BLK,131,670.5127
BLK,132,679.5428
BLK,133,656.3266
BLK,134,660.0690
BLK,135,661.0251
BLK,136,678.3329
BLK,137,675.6971
BLK,138,657.1508
BLK,139,656.3972
BLK,140,668.2612
BLK,141,674.6749
BLK,142,644.5138
BLK,143,635.3681
BLK,144,639.2842
BLK,145,629.9360
BLK,146,634.7741
BLK,147,635.0638
BLK,148,628.2166
BLK,149,608.4161
BLK,150,605.9199
BLK,151,611.4795
BLK,152,618.4375
BLK,153,622.4616
BLK,154,620.9300
BLK,155,608.4225
BLK,156,611.6457
BLK,157,611.9496
BLK,158,596.1123
BLK,159,599.4504
BLK,160,582.5343
BLK,161,572.5242
BLK,162,554.0747
BLK,163,554.0940
BLK,164,554.3663
BLK,165,558.8603
BLK,166,565.3232
BLK,167,566.4814
BLK,168,559.6944
BLK,169,555.2265
BLK,170,557.0193
BLK,171,558.1006
BLK,172,567.1192
BLK,173,563.6048
BLK,174,561.3130
BLK,175,561.1342
BLK,176,572.8566
BLK,177,576.8780
BLK,178,578.1345
BLK,179,581.8404
BLK,180,567.7686
BLK,181,577.0890
BLK,182,570.5498
BLK,183,552.0573
BLK,184,551.5188
BLK,185,558.9034
BLK,186,565.1263
BLK,187,555.4945
BLK,188,538.8710
BLK,189,547.2317
BLK,190,540.0886
BLK,191,558.1362
BLK,192,559.8905
BLK,193,565.8263
BLK,194,568.6676
BLK,195,565.5084
BLK,196,572.3383
BLK,197,561.1543
BLK,198,568.1874
BLK,199,577.7810
BLK,200,580.8677
BLK,201,588.7804
BLK,202,588.1285
BLK,203,590.2678
BLK,204,607.8379
BLK,205,606.0108
BLK,206,592.3869
BLK,207,585.2366
BLK,208,590.9349
BLK,209,611.1979
BLK,210,614.0015
BLK,211,605.1801
BLK,212,603.1604
BLK,213,592.9288
BLK,214,588.2541
BLK,215,605.2390
BLK,216,623.5499
BLK,217,619.5420
BLK,218,613.2582
BLK,219,624.0417
BLK,220,620.0352
BLK,221,615.2569
BLK,222,604.5193
BLK,223,598.4497
BLK,224,613.3051
BLK,225,622.0509
BLK,226,632.8277
BLK,227,636.7832
BLK,228,614.6996
BLK,229,622.7604
BLK,230,612.0076
BLK,231,593.2410
BLK,232,589.7044
BLK,233,588.8537
BLK,234,587.3043
BLK,235,575.3631
BLK,236,578.8094
BLK,237,582.6722
BLK,238,570.7218
BLK,239,563.8407
BLK,240,556.3383
BLK,241,566.2242
BLK,242,559.2208
BLK,243,576.4359
BLK,244,579.8976
BLK,245,560.1589
BLK,246,563.3684
BLK,247,554.6762
BLK,248,552.1458
BLK,249,553.6859
BLK,250,571.5775
BLK,251,581.7328
BLK,252,569.2225
BLK,253,564.2774
BLK,254,563.3932
BLK,255,573.7849
BLK,256,588.3503
BLK,257,579.6303
BLK,258,578.8202
BLK,259,585.7372
BLK,260,598.0198
BLK,261,607.6771
BLK,262,626.6395
BLK,263,631.3073
BLK,264,642.6827
BLK,265,632.0172
BLK,266,617.5620
BLK,267,605.3264
BLK,268,597.1436
BLK,269,602.7621
BLK,270,609.9887
BLK,271,622.4816
BLK,272,612.8546
BLK,273,599.7619
BLK,274,600.2452
BLK,275,596.2906
BLK,276,602.8799
BLK,277,609.4692
BLK,278,593.3234
BLK,279,587.5247
BLK,280,587.6658
BLK,281,581.7623
BLK,282,575.1514
BLK,283,571.7647
BLK,284,572.7576
BLK,285,561.0400
BLK,286,572.0031
BLK,287,573.9316
BLK,288,569.2032
BLK,289,566.1090
BLK,290,567.4552
BLK,291,573.6423
BLK,292,571.3713
BLK,293,580.5668
BLK,294,581.5701
BLK,295,588.4681
BLK,296,590.7965
BLK,297,599.8304
BLK,298,617.8068
BLK,299,614.3163
BLK,300,624.3667
BLK,301,632.2050
BLK,302,644.9819
BLK,303,628.5545
BLK,304,631.1213
BLK,305,654.6998
BLK,306,644.3003
BLK,307,649.5079
BLK,308,654.3626
BLK,309,653.8913
BLK,310,647.6125
BLK,311,651.3317
BLK,312,660.8951
BLK,313,668.9811
BLK,314,658.8406
BLK,315,647.9626
BLK,316,646.5469
BLK,317,645.7348
BLK,318,655.2042
BLK,319,657.3448
BLK,320,647.7579
BLK,321,650.9047
BLK,322,644.0482
BLK,323,630.6919
BLK,324,629.8823
BLK,325,614.5975
BLK,326,616.2318
BLK,327,608.4618
BLK,328,620.5439
BLK,329,624.2625
BLK,330,624.1102
BLK,331,634.4764
BLK,332,654.5471
BLK,333,642.3769
BLK,334,655.7599
BLK,335,662.0822
BLK,336,647.2891
BLK,337,637.9731
BLK,338,645.7538
BLK,339,652.7597
BLK,340,650.8287
BLK,341,642.8232
BLK,342,634.3146
BLK,343,631.5108
BLK,344,635.5563
BLK,345,634.5821
BLK,346,651.3814
BLK,347,650.6216
BLK,348,648.6996
BLK,349,647.7517
BLK,350,664.0765
BLK,351,661.4473
BLK,352,688.8934
BLK,353,718.1554
BLK,354,717.3658
BLK,355,710.7155
BLK,356,709.3495
BLK,357,710.7177
BLK,358,705.7638
BLK,359,721.6091
BLK,360,715.4041
BLK,361,715.0694
BLK,362,718.7277
BLK,363,694.9541
BLK,364,698.4726
BLK,365,691.8572
BLK,366,696.2557
BLK,367,694.8271
BLK,368,697.6156
BLK,369,697.3509
BLK,370,702.4623
BLK,371,705.1941
BLK,372,692.9560
BLK,373,690.1796
BLK,374,678.5223
BLK,375,680.3534
BLK,376,676.5306
BLK,377,664.8532
BLK,378,678.5478
BLK,379,664.0647
BLK,380,673.6801
BLK,381,687.2726
BLK,382,682.8275
BLK,383,679.0461
BLK,384,698.9949
BLK,385,710.6555
BLK,386,707.6696
BLK,387,710.1777
BLK,388,708.4616
BLK,389,686.8389
BLK,390,673.2514
BLK,391,678.5633
BLK,392,674.1409
BLK,393,684.4387
BLK,394,691.3802
BLK,395,691.5490
BLK,396,673.3368
BLK,397,679.7802
BLK,398,681.2979
BLK,399,686.4714
BLK,400,686.4924
BLK,401,680.0880
BLK,402,676.6491
BLK,403,659.0700
BLK,404,647.1541
BLK,405,632.8371
BLK,406,620.5832
BLK,407,611.8188
BLK,408,601.1624
BLK,409,595.9408
BLK,410,587.7757
BLK,411,591.1149
BLK,412,599.6758
BLK,413,611.5300
BLK,414,606.6752
BLK,415,616.2730
BLK,416,609.4959
BLK,417,608.7627
BLK,418,593.6318
BLK,419,587.5795
BLK,420,581.1046
BLK,421,575.9735
BLK,422,575.1594
BLK,423,575.8150
BLK,424,588.9478
BLK,425,589.6780
BLK,426,596.5165
BLK,427,601.2524
BLK,428,591.2526
BLK,429,590.5720
BLK,430,594.7297
BLK,431,597.6268
BLK,432,615.8657
BLK,433,635.5752
BLK,434,636.8020
BLK,435,642.4485
BLK,436,653.0341
BLK,437,668.0102
BLK,438,683.4729
BLK,439,682.5502
BLK,440,699.5578
BLK,441,690.5663
BLK,442,701.5201
BLK,443,702.8377
BLK,444,699.7422
BLK,445,700.3900
BLK,446,694.4451
BLK,447,695.0914
BLK,448,695.5896
BLK,449,709.1721
BLK,450,696.5262
BLK,451,684.5960
BLK,452,685.0472
BLK,453,667.3428
BLK,454,670.1396
BLK,455,664.3572
BLK,456,675.6248
BLK,457,689.8067
BLK,458,694.9067
BLK,459,689.0482
BLK,460,690.2056
BLK,461,695.9325
BLK,462,679.0429
BLK,463,677.7244
BLK,464,685.7349
BLK,465,688.7636
BLK,466,691.6160
BLK,467,692.9649
BLK,468,708.8919
BLK,469,682.6209
BLK,470,709.1846
BLK,471,706.2491
BLK,472,701.8233
BLK,473,701.5778
BLK,474,685.8078
BLK,475,670.8419
BLK,476,681.9256
BLK,477,681.1500
BLK,478,670.8714
BLK,479,665.4831
BLK,480,651.8648
BLK,481,673.3601
BLK,482,687.4498
BLK,483,699.0610
BLK,484,703.9035
BLK,485,719.6626
BLK,486,731.0939
BLK,487,735.7032
BLK,488,750.3599
BLK,489,765.9015
BLK,490,792.6847
BLK,491,824.5034
BLK,492,835.6717
BLK,493,839.9074
BLK,494,842.7266
BLK,495,846.9286
BLK,496,823.3825
BLK,497,817.2236
BLK,498,815.7615
BLK,499,792.1285
BLK,500,789.1726
BLK,501,782.6960
BLK,502,788.7057
BLK,503,789.3797
BLK,504,775.3666
SCHW,0,65.0000
SCHW,1,64.8373
SCHW,2,66.5070
SCHW,3,67.3221
SCHW,4,67.8615
SCHW,5,67.9278
SCHW,6,66.9458
SCHW,7,64.3629
SCHW,8,63.8365
SCHW,9,61.1986
SCHW,10,61.6182
SCHW,11,60.7103
SCHW,12,60.1368
SCHW,13,59.3960
SCHW,14,60.6543
SCHW,15,61.1807
SCHW,16,61.8433
SCHW,17,60.9435
SCHW,18,59.7778
SCHW,19,60.4903
SCHW,20,60.7041
SCHW,21,60.7097
SCHW,22,59.7179
SCHW,23,61.2332
SCHW,24,60.8459
SCHW,25,61.3941
SCHW,26,62.0701
SCHW,27,65.6013
SCHW,28,66.1967
SCHW,29,67.2004
SCHW,30,67.9307
SCHW,31,69.1743
SCHW,32,69.9330
SCHW,33,68.6753
SCHW,34,68.6071
SCHW,35,67.1386
SCHW,36,67.0651
SCHW,37,66.8491
SCHW,38,67.6188
SCHW,39,67.4735
SCHW,40,70.5614
SCHW,41,69.2953
SCHW,42,67.9601
SCHW,43,68.8624
SCHW,44,68.1564
SCHW,45,68.7589
SCHW,46,67.4081
SCHW,47,68.3526
SCHW,48,69.0544
SCHW,49,68.2001
SCHW,50,66.8315
SCHW,51,67.2262
SCHW,52,65.0446
SCHW,53,65.5426
SCHW,54,66.3702
SCHW,55,66.3769
SCHW,56,63.6023
SCHW,57,64.6392
SCHW,58,64.8275
SCHW,59,62.1897
SCHW,60,61.7663
SCHW,61,62.7901
SCHW,62,61.7258
SCHW,63,61.7979
SCHW,64,61.0593
SCHW,65,61.7290
SCHW,66,59.5181
SCHW,67,60.8875
SCHW,68,61.9980
SCHW,69,60.7008
SCHW,70,59.9032
SCHW,71,60.5594
SCHW,72,59.8431
SCHW,73,56.3869
SCHW,74,56.5526
SCHW,75,53.8272
SCHW,76,52.7962
SCHW,77,54.7250
SCHW,78,55.4758
SCHW,79,54.0697
SCHW,80,54.8746
SCHW,81,54.1902
SCHW,82,52.7872
SCHW,83,52.5721
SCHW,84,53.9134
SCHW,85,54.1629
SCHW,86,54.4142
SCHW,87,53.2587
SCHW,88,53.1076
SCHW,89,52.4994
SCHW,90,51.9811
SCHW,91,52.1853
SCHW,92,54.5660
SCHW,93,53.4660
SCHW,94,54.5938
SCHW,95,54.0324
SCHW,96,55.2900
SCHW,97,54.5761
SCHW,98,52.1767
SCHW,99,51.2262
SCHW,100,53.4021
SCHW,101,53.5339
SCHW,102,51.7759
SCHW,103,49.5502
SCHW,104,50.6723
SCHW,105,50.6798
SCHW,106,51.0139
SCHW,107,50.7224
SCHW,108,51.2342
SCHW,109,50.5336
SCHW,110,49.6279
SCHW,111,48.6415
SCHW,112,50.0033
SCHW,113,49.9479
SCHW,114,50.0508
SCHW,115,50.6943
SCHW,116,50.2880
SCHW,117,50.0010
SCHW,118,50.2268
SCHW,119,52.4646
SCHW,120,52.4564
SCHW,121,51.7469
SCHW,122,53.1209
SCHW,123,52.9639
SCHW,124,53.6896
SCHW,125,53.7678
SCHW,126,54.1527
SCHW,127,53.4269
SCHW,128,52.7176
SCHW,129,52.4337
SCHW,130,53.1474
SCHW,131,52.8048
SCHW,132,52.6094
SCHW,133,50.6549
SCHW,134,51.5557
SCHW,135,51.7276
SCHW,136,52.7432
SCHW,137,52.4458
SCHW,138,50.8573
SCHW,139,51.5274
SCHW,140,51.4459
SCHW,141,50.3905
SCHW,142,48.5432
SCHW,143,48.4125
SCHW,144,48.2480
SCHW,145,46.0091
SCHW,146,46.5013
SCHW,147,45.6623
SCHW,148,45.1667
SCHW,149,44.0775
SCHW,150,44.3596
SCHW,151,43.8032
SCHW,152,44.4466
SCHW,153,43.8499
SCHW,154,43.0980
SCHW,155,41.9160
SCHW,156,42.6614
SCHW,157,42.7588
SCHW,158,40.4289
SCHW,159,40.1123
SCHW,160,39.3710
SCHW,161,38.7604
SCHW,162,36.9081
SCHW,163,36.4535
SCHW,164,37.0486
SCHW,165,38.2433
SCHW,166,39.0440
SCHW,167,38.7842
SCHW,168,38.5563
SCHW,169,38.1807
SCHW,170,38.2997
SCHW,171,38.0857
SCHW,172,38.9158
SCHW,173,38.7124
SCHW,174,37.7039
SCHW,175,37.7078
SCHW,176,37.8148
SCHW,177,37.8973
SCHW,178,38.0807
SCHW,179,37.4096
SCHW,180,37.2385
SCHW,181,37.7293
SCHW,182,37.0850
SCHW,183,35.8038
SCHW,184,35.6202
SCHW,185,36.8873
SCHW,186,37.3690
SCHW,187,36.3480
SCHW,188,36.2741
SCHW,189,38.1237
SCHW,190,38.2150
SCHW,191,39.4560
SCHW,192,39.9625
SCHW,193,39.8865
SCHW,194,39.8229
SCHW,195,39.6958
SCHW,196,40.4707
SCHW,197,40.5071
SCHW,198,41.0930
SCHW,199,41.3534
SCHW,200,42.1056
SCHW,201,42.2015
SCHW,202,42.3233
SCHW,203,42.7728
SCHW,204,44.3858
SCHW,205,43.9385
SCHW,206,42.9828
SCHW,207,42.3746
SCHW,208,43.9147
SCHW,209,44.8145
SCHW,210,44.3550
SCHW,211,43.8999
SCHW,212,44.1814
SCHW,213,43.4725
SCHW,214,44.3690
SCHW,215,45.6351
SCHW,216,47.2319
SCHW,217,47.3689
SCHW,218,46.8012
SCHW,219,47.2696
SCHW,220,47.4095
SCHW,221,46.1323
SCHW,222,44.7425
SCHW,223,44.1533
SCHW,224,44.0827
SCHW,225,44.1043
SCHW,226,44.5335
SCHW,227,44.1525
SCHW,228,43.3394
SCHW,229,44.0157
SCHW,230,43.1679
SCHW,231,42.9878
SCHW,232,43.6163
SCHW,233,42.8959
SCHW,234,41.2060
SCHW,235,40.7717
SCHW,236,41.3580
SCHW,237,41.5505
SCHW,238,40.7910
SCHW,239,41.7315
SCHW,240,41.1718
SCHW,241,42.5394
SCHW,242,42.0266
SCHW,243,42.5086
SCHW,244,43.1924
SCHW,245,42.3847
SCHW,246,43.4536
SCHW,247,42.2034
SCHW,248,42.0635
SCHW,249,42.3339
SCHW,250,43.3838
SCHW,251,44.4060
SCHW,252,44.2314
SCHW,253,44.7042
SCHW,254,44.8255
SCHW,255,45.6476
SCHW,256,46.5365
SCHW,257,45.6712
SCHW,258,46.0814
SCHW,259,46.4798
SCHW,260,46.5908
SCHW,261,46.7366
SCHW,262,47.8929
SCHW,263,48.5477
SCHW,264,48.9846
SCHW,265,48.2194
SCHW,266,46.2105
SCHW,267,46.7160
SCHW,268,46.3582
SCHW,269,47.4161
SCHW,270,48.8238
SCHW,271,49.7784
SCHW,272,48.5406
SCHW,273,47.7226
SCHW,274,48.4453
SCHW,275,48.1978
SCHW,276,48.8231
SCHW,277,49.6483
SCHW,278,48.8919
SCHW,279,48.2957
SCHW,280,47.7701
SCHW,281,47.5656
SCHW,282,47.5015
SCHW,283,46.5471
SCHW,284,46.2841
SCHW,285,46.2157
SCHW,286,47.4566
SCHW,287,46.8333
SCHW,288,46.7056
SCHW,289,46.0484
SCHW,290,46.4539
SCHW,291,48.1126
SCHW,292,48.7105
SCHW,293,48.2417
SCHW,294,47.4800
SCHW,295,47.8862
SCHW,296,49.2672
SCHW,297,50.3303
SCHW,298,51.6764
SCHW,299,53.0571
SCHW,300,53.0969
SCHW,301,55.4487
SCHW,302,56.6810
SCHW,303,56.5430
SCHW,304,56.3814
SCHW,305,57.7988
SCHW,306,56.2437
SCHW,307,55.6710
SCHW,308,54.9165
SCHW,309,55.1195
SCHW,310,54.8100
SCHW,311,54.2418
SCHW,312,54.3278
SCHW,313,56.2566
SCHW,314,56.2229
SCHW,315,56.7764
SCHW,316,57.9734
SCHW,317,56.6849
SCHW,318,57.9378
SCHW,319,58.7358
SCHW,320,58.4829
SCHW,321,58.5742
SCHW,322,56.2888
SCHW,323,54.2194
SCHW,324,53.5016
SCHW,325,52.0097
SCHW,326,52.2996
SCHW,327,51.4226
SCHW,328,51.4139
SCHW,329,52.0908
SCHW,330,52.1885
SCHW,331,53.2145
SCHW,332,54.1031
SCHW,333,53.5678
SCHW,334,55.1702
SCHW,335,54.8747
SCHW,336,53.9309
SCHW,337,53.0421
SCHW,338,54.0404
SCHW,339,52.9282
SCHW,340,51.3739
SCHW,341,50.7017
SCHW,342,50.0982
SCHW,343,51.2968
SCHW,344,51.5478
SCHW,345,52.1543
SCHW,346,53.0633
SCHW,347,51.9756
SCHW,348,52.2826
SCHW,349,52.5984
SCHW,350,53.3641
SCHW,351,53.6236
SCHW,352,56.2053
SCHW,353,57.2534
SCHW,354,56.9515
SCHW,355,56.2369
SCHW,356,56.4989
SCHW,357,56.8395
SCHW,358,55.5327
SCHW,359,54.8242
SCHW,360,55.3929
SCHW,361,55.8299
SCHW,362,56.0457
SCHW,363,54.5038
SCHW,364,55.4189
SCHW,365,54.5304
SCHW,366,55.2369
SCHW,367,55.2741
SCHW,368,56.1561
SCHW,369,56.5274
SCHW,370,56.3623
SCHW,371,56.6647
SCHW,372,56.6379
SCHW,373,57.6369
SCHW,374,56.4412
SCHW,375,55.1963
SCHW,376,53.3772
SCHW,377,54.0859
SCHW,378,55.4233
SCHW,379,54.2138
SCHW,380,54.1639
SCHW,381,54.0835
SCHW,382,54.6801
SCHW,383,55.1742
SCHW,384,54.4181
SCHW,385,54.5368
SCHW,386,54.5557
SCHW,387,54.5155
SCHW,388,53.2523
SCHW,389,53.0232
SCHW,390,53.2400
SCHW,391,53.6146
SCHW,392,52.7602
SCHW,393,54.8980
SCHW,394,54.6243
SCHW,395,55.5699
SCHW,396,55.4402
SCHW,397,57.2889
SCHW,398,56.1597
SCHW,399,55.9298
SCHW,400,57.0163
SCHW,401,57.5134
SCHW,402,58.2685
SCHW,403,56.2792
SCHW,404,54.5618
SCHW,405,53.5087
SCHW,406,54.2766
SCHW,407,53.9048
SCHW,408,54.1369
SCHW,409,53.4444
SCHW,410,53.3652
SCHW,411,53.9200
SCHW,412,57.1740
SCHW,413,57.4699
SCHW,414,55.4490
SCHW,415,54.1189
SCHW,416,55.1494
SCHW,417,54.5524
SCHW,418,53.8754
SCHW,419,52.9824
SCHW,420,53.0184
SCHW,421,53.1849
SCHW,422,55.1895
SCHW,423,55.0126
SCHW,424,55.0555
SCHW,425,54.1762
SCHW,426,55.4871
SCHW,427,55.9480
SCHW,428,55.8786
SCHW,429,54.1819
SCHW,430,53.9262
SCHW,431,53.6404
SCHW,432,55.4690
SCHW,433,57.6360
SCHW,434,56.2313
SCHW,435,56.1034
SCHW,436,57.3702
SCHW,437,57.5388
SCHW,438,59.0886
SCHW,439,58.9854
SCHW,440,60.5576
SCHW,441,60.6588
SCHW,442,62.2793
SCHW,443,63.8488
SCHW,444,62.8320
SCHW,445,64.4169
SCHW,446,63.3261
SCHW,447,63.3927
SCHW,448,62.6747
SCHW,449,63.1352
SCHW,450,62.2081
SCHW,451,61.4852
SCHW,452,61.8951
SCHW,453,60.6178
SCHW,454,60.7346
SCHW,455,60.3441
SCHW,456,61.7095
SCHW,457,61.3834
SCHW,458,61.9897
SCHW,459,60.5463
SCHW,460,60.6741
SCHW,461,61.3026
SCHW,462,60.3750
SCHW,463,59.7190
SCHW,464,60.5835
SCHW,465,60.1633
SCHW,466,60.4374
SCHW,467,61.4631
SCHW,468,61.4439
SCHW,469,59.1344
SCHW,470,60.7368
SCHW,471,58.9674
SCHW,472,58.6128
SCHW,473,57.3519
SCHW,474,58.1589
SCHW,475,56.9458
SCHW,476,56.0395
SCHW,477,57.2732
SCHW,478,57.4751
SCHW,479,57.6635
SCHW,480,57.3689
SCHW,481,57.4302
SCHW,482,58.4561
SCHW,483,59.5600
SCHW,484,61.5182
SCHW,485,61.0735
SCHW,486,61.3003
SCHW,487,61.1088
SCHW,488,62.9495
SCHW,489,64.1319
SCHW,490,68.0565
SCHW,491,71.8109
SCHW,492,74.7959
SCHW,493,77.1348
SCHW,494,79.6991
SCHW,495,78.8124
SCHW,496,77.2875
SCHW,497,77.7177
SCHW,498,80.6178
SCHW,499,76.6767
SCHW,500,76.1949
SCHW,501,75.4647
SCHW,502,76.2966
SCHW,503,74.2794
SCHW,504,71.8048
AXP,0,230.0000
AXP,1,227.5817
AXP,2,233.3508
AXP,3,235.9816
AXP,4,237.2595
AXP,5,234.2390
AXP,6,230.7666
AXP,7,228.6232
AXP,8,223.0903
AXP,9,218.5053
AXP,10,218.7398
AXP,11,219.3883
AXP,12,217.1021
AXP,13,219.7677
AXP,14,216.6515
AXP,15,220.3225
AXP,16,219.1216
AXP,17,216.2096
AXP,18,214.0854
AXP,19,215.1299
AXP,20,203.5265
AXP,21,202.1463
AXP,22,204.9695
AXP,23,209.2450
AXP,24,210.2050
AXP,25,207.0550
AXP,26,204.7633
AXP,27,216.5473
AXP,28,214.3074
AXP,29,209.7037
AXP,30,210.2751
AXP,31,212.7646
AXP,32,215.9051
AXP,33,215.3924
AXP,34,219.6786
AXP,35,211.0473
AXP,36,210.8411
AXP,37,212.7988
AXP,38,213.8397
AXP,39,213.0329
AXP,40,218.0764
AXP,41,216.3111
AXP,42,214.1662
AXP,43,213.2374
AXP,44,220.6174
AXP,45,226.7589
AXP,46,225.7311
AXP,47,230.3345
AXP,48,230.6311
AXP,49,233.0500
AXP,50,230.1820
AXP,51,234.1860
AXP,52,233.4139
AXP,53,238.0453
AXP,54,236.0871
AXP,55,239.2779
AXP,56,232.1305
AXP,57,235.9681
AXP,58,235.4771
AXP,59,234.1479
AXP,60,233.3151
AXP,61,234.0409
AXP,62,236.0854
AXP,63,241.1310
AXP,64,244.1851
AXP,65,247.7181
AXP,66,243.5074
AXP,67,242.8816
AXP,68,251.0311
AXP,69,245.9443
AXP,70,247.7922
AXP,71,250.9831
AXP,72,253.1307
AXP,73,240.5012
AXP,74,241.8722
AXP,75,235.3452
AXP,76,237.7084
AXP,77,248.7572
AXP,78,250.4367
AXP,79,251.7115
AXP,80,254.1156
AXP,81,256.7481
AXP,82,256.3145
AXP,83,261.1246
AXP,84,265.7340
AXP,85,276.3316
AXP,86,281.6656
AXP,87,283.0339
AXP,88,281.9609
AXP,89,283.2678
AXP,90,290.5240
AXP,91,291.4544
AXP,92,298.5935
AXP,93,291.3741
AXP,94,298.4878
AXP,95,291.4794
AXP,96,292.7802
AXP,97,291.8559
AXP,98,292.7639
AXP,99,285.9089
AXP,100,293.6629
AXP,101,285.9161
AXP,102,277.6693
AXP,103,271.9660
AXP,104,274.2793
AXP,105,275.3376
AXP,106,280.0629
AXP,107,271.7963
AXP,108,268.9270
AXP,109,263.2693
AXP,110,257.0161
AXP,111,249.8061
AXP,112,256.4971
AXP,113,262.3884
AXP,114,265.2653
AXP,115,273.4856
AXP,116,273.0909
AXP,117,264.1371
AXP,118,257.7076
AXP,119,265.4498
AXP,120,265.4707
AXP,121,272.4817
AXP,122,278.8478
AXP,123,278.8117
AXP,124,286.9605
AXP,125,283.4550
AXP,126,281.6241
AXP,127,285.2968
AXP,128,286.5835
AXP,129,289.2182
AXP,130,292.6142
AXP,131,283.4517
AXP,132,285.9079
AXP,133,275.9878
AXP,134,276.8467
AXP,135,272.1622
AXP,136,280.2824
AXP,137,280.6860
AXP,138,276.7551
AXP,139,282.9216
AXP,140,283.8546
AXP,141,281.5016
AXP,142,270.2137
AXP,143,267.8321
AXP,144,264.2644
AXP,145,256.4969
AXP,146,254.9346
AXP,147,256.1226
AXP,148,256.9726
AXP,149,249.2250
AXP,150,250.5214
AXP,151,247.6843
AXP,152,249.6561
AXP,153,248.4134
AXP,154,246.8631
AXP,155,242.4280
AXP,156,245.4818
AXP,157,243.8577
AXP,158,238.6802
AXP,159,237.7108
AXP,160,233.3770
AXP,161,229.0625
AXP,162,221.8997
AXP,163,220.6409
AXP,164,223.5417
AXP,165,225.1415
AXP,166,228.0337
AXP,167,230.5720
AXP,168,230.1748
AXP,169,224.8697
AXP,170,224.5075
AXP,171,217.3953
AXP,172,218.5186
AXP,173,217.6307
AXP,174,213.0731
AXP,175,217.5302
AXP,176,218.5457
AXP,177,218.5364
AXP,178,222.2797
AXP,179,224.7102
AXP,180,220.3988
AXP,181,222.4493
AXP,182,224.1863
AXP,183,216.5118
AXP,184,218.0236
AXP,185,225.7329
AXP,186,225.1668
AXP,187,223.1492
AXP,188,223.0237
AXP,189,228.5070
AXP,190,224.6498
AXP,191,227.0167
AXP,192,231.0072
AXP,193,236.9052
AXP,194,237.6316
AXP,195,239.0630
AXP,196,245.1562
AXP,197,241.9371
AXP,198,241.6177
AXP,199,243.6164
AXP,200,250.4565
AXP,201,256.0003
AXP,202,252.6030
AXP,203,257.6861
AXP,204,268.0107
AXP,205,270.1920
AXP,206,268.7775
AXP,207,266.2609
AXP,208,267.6781
AXP,209,275.3156
AXP,210,280.1473
AXP,211,273.2485
AXP,212,269.8724
AXP,213,270.2064
AXP,214,269.6575
AXP,215,274.8471
AXP,216,280.0161
AXP,217,279.9186
AXP,218,279.2511
AXP,219,288.8128
AXP,220,292.0782
AXP,221,287.8220
AXP,222,284.8061
AXP,223,282.2314
AXP,224,291.8719
AXP,225,301.3130
AXP,226,302.1078
AXP,227,301.3035
AXP,228,302.0745
AXP,229,300.9401
AXP,230,299.2909
AXP,231,295.7184
AXP,232,292.2213
AXP,233,288.3919
AXP,234,287.4658
AXP,235,286.0031
AXP,236,290.0969
AXP,237,290.5597
AXP,238,290.9189
AXP,239,286.1884
AXP,240,294.9576
AXP,241,303.1272
AXP,242,295.1114
AXP,243,300.3116
AXP,244,299.0191
AXP,245,294.1245
AXP,246,303.2342
AXP,247,295.8796
AXP,248,291.2755
AXP,249,294.9341
AXP,250,306.9872
AXP,251,311.4700
AXP,252,315.3539
AXP,253,317.0444
AXP,254,322.6296
AXP,255,326.8650
AXP,256,329.2963
AXP,257,319.0176
AXP,258,317.8729
AXP,259,317.4838
AXP,260,327.5428
AXP,261,331.2824
AXP,262,335.7190
AXP,263,336.6255
AXP,264,346.7896
AXP,265,353.9535
AXP,266,350.2182
AXP,267,349.6927
AXP,268,345.0281
AXP,269,348.3996
AXP,270,352.4568
AXP,271,352.2695
AXP,272,346.6186
AXP,273,339.9303
AXP,274,338.4292
AXP,275,332.5859
AXP,276,339.5287
AXP,277,342.1895
AXP,278,336.1382
AXP,279,331.6826
AXP,280,328.2658
AXP,281,321.0071
AXP,282,315.3107
AXP,283,315.1273
AXP,284,311.1499
AXP,285,303.0857
AXP,286,306.0113
AXP,287,304.0757
AXP,288,303.6516
AXP,289,299.4552
AXP,290,296.8181
AXP,291,306.6877
AXP,292,312.7944
AXP,293,317.6714
AXP,294,309.4810
AXP,295,309.7508
AXP,296,312.5917
AXP,297,310.7030
AXP,298,318.7928
AXP,299,324.8362
AXP,300,322.5917
AXP,301,322.7290
AXP,302,317.7588
AXP,303,312.1164
AXP,304,312.7010
AXP,305,322.9056
AXP,306,325.9321
AXP,307,325.4935
AXP,308,326.8301
AXP,309,326.4874
AXP,310,322.6500
AXP,311,323.0299
AXP,312,322.6585
AXP,313,329.7591
AXP,314,328.5923
AXP,315,328.9568
AXP,316,328.5130
AXP,317,322.5377
AXP,318,329.1828
AXP,319,336.5300
AXP,320,334.1017
AXP,321,340.5232
AXP,322,336.6721
AXP,323,326.6210
AXP,324,328.9990
AXP,325,325.6318
AXP,326,330.6388
AXP,327,322.7211
AXP,328,331.0246
AXP,329,337.7372
AXP,330,341.1382
AXP,331,340.3949
AXP,332,355.1654
AXP,333,344.8382
AXP,334,349.1382
AXP,335,342.9705
AXP,336,339.8733
AXP,337,340.2420
AXP,338,340.4022
AXP,339,346.1620
AXP,340,345.7901
AXP,341,340.9933
AXP,342,344.9360
AXP,343,343.9022
AXP,344,339.4858
AXP,345,340.5520
AXP,346,340.6519
AXP,347,337.5659
AXP,348,330.7384
AXP,349,328.5052
AXP,350,328.3391
AXP,351,330.0159
AXP,352,337.5216
AXP,353,347.4745
AXP,354,348.9458
AXP,355,349.0659
AXP,356,348.7802
AXP,357,351.8173
AXP,358,348.9386
AXP,359,354.6967
AXP,360,359.5425
AXP,361,360.8889
AXP,362,362.8631
AXP,363,353.4527
AXP,364,359.1662
AXP,365,358.5541
AXP,366,358.3281
AXP,367,352.1814
AXP,368,351.8938
AXP,369,348.5633
AXP,370,343.0485
AXP,371,347.9735
AXP,372,351.6757
AXP,373,362.0049
AXP,374,365.4148
AXP,375,365.4491
AXP,376,363.2253
AXP,377,363.6480
AXP,378,377.7800
AXP,379,367.5383
AXP,380,369.0570
AXP,381,365.5352
AXP,382,367.8072
AXP,383,368.0854
AXP,384,366.4479
AXP,385,358.6387
AXP,386,361.4741
AXP,387,357.5063
AXP,388,353.6271
AXP,389,354.7802
AXP,390,355.1321
AXP,391,359.9810
AXP,392,357.3753
AXP,393,360.8756
AXP,394,364.8064
AXP,395,380.6501
AXP,396,384.3617
AXP,397,396.0914
AXP,398,395.0190
AXP,399,407.9818
AXP,400,408.3910
AXP,401,403.2640
AXP,402,398.5271
AXP,403,391.7902
AXP,404,378.4966
AXP,405,377.9741
AXP,406,379.4778
AXP,407,370.1683
AXP,408,366.0917
AXP,409,366.2153
AXP,410,360.8201
AXP,411,350.6649
AXP,412,358.8926
AXP,413,363.3163
AXP,414,354.7503
AXP,415,348.1858
AXP,416,347.3793
AXP,417,347.3731
AXP,418,337.5454
AXP,419,329.1017
AXP,420,328.3297
AXP,421,328.1545
AXP,422,329.5791
AXP,423,330.8989
AXP,424,330.9072
AXP,425,321.5461
AXP,426,319.5804
AXP,427,325.5125
AXP,428,327.7760
AXP,429,332.0362
AXP,430,326.5015
AXP,431,327.3187
AXP,432,330.5408
AXP,433,335.9344
AXP,434,334.6625
AXP,435,337.5451
AXP,436,349.9249
AXP,437,352.1266
AXP,438,360.6942
AXP,439,359.0090
AXP,440,362.3920
AXP,441,354.6495
AXP,442,363.7202
AXP,443,363.2055
AXP,444,352.8525
AXP,445,356.7698
AXP,446,346.3872
AXP,447,351.9204
AXP,448,355.7495
AXP,449,363.1850
AXP,450,363.1677
AXP,451,362.2936
AXP,452,355.5941
AXP,453,356.9919
AXP,454,357.4187
AXP,455,349.1305
AXP,456,352.8560
AXP,457,355.8933
AXP,458,358.0135
AXP,459,355.7081
AXP,460,357.0395
AXP,461,366.6345
AXP,462,361.2202
AXP,463,354.0572
AXP,464,359.1813
AXP,465,359.5827
AXP,466,363.2937
AXP,467,373.8262
AXP,468,368.2364
AXP,469,358.1900
AXP,470,377.5581
AXP,471,369.3924
AXP,472,372.4758
AXP,473,375.7502
AXP,474,369.4153
AXP,475,356.6387
AXP,476,353.7329
AXP,477,360.1985
AXP,478,356.7440
AXP,479,361.8882
AXP,480,346.2209
AXP,481,355.2866
AXP,482,360.6706
AXP,483,361.8507
AXP,484,359.6601
AXP,485,364.4811
AXP,486,368.7684
AXP,487,367.0594
AXP,488,378.5620
AXP,489,383.9965
AXP,490,400.4330
AXP,491,423.4659
AXP,492,450.5920
AXP,493,455.9150
AXP,494,463.6804
AXP,495,466.4078
AXP,496,458.4158
AXP,497,447.1299
AXP,498,456.1333
AXP,499,444.2255
AXP,500,435.2597
AXP,501,444.1502
AXP,502,446.2652
AXP,503,442.1688
AXP,504,437.0317
V,0,270.0000
V,1,266.5477
V,2,269.6859
V,3,271.2170
V,4,275.0593
V,5,272.5360
V,6,267.4509
V,7,262.5661
V,8,260.3076
V,9,252.1110
V,10,255.4328
V,11,253.5967
V,12,250.6101
V,13,247.9809
V,14,245.9755
V,15,244.7676
V,16,241.8585
V,17,242.0078
V,18,239.9793
V,19,240.5740
V,20,237.6800
V,21,237.1225
V,22,240.8544
V,23,244.2025
V,24,248.4343
V,25,245.6515
V,26,247.8089
V,27,255.1612
V,28,254.0212
V,29,251.6604
V,30,251.2891
V,31,251.7923
V,32,254.9412
V,33,251.5256
V,34,254.4059
V,35,252.7444
V,36,255.9456
V,37,256.9198
V,38,257.7759
V,39,258.7473
V,40,262.5064
V,41,263.5507
V,42,260.4040
V,43,257.1627
V,44,260.2883
V,45,261.8999
V,46,256.3648
V,47,254.7673
V,48,255.5147
V,49,256.0070
V,50,254.8731
V,51,254.1682
V,52,249.1720
V,53,248.8394
V,54,250.3046
V,55,252.0340
V,56,246.4416
V,57,250.3429
V,58,249.6531
V,59,244.9171
V,60,238.8149
V,61,237.9295
V,62,240.3230
V,63,246.8971
V,64,251.2698
V,65,255.1558
V,66,248.7007
V,67,246.8595
V,68,251.8750
V,69,250.8787
V,70,252.0178
V,71,252.6422
V,72,254.6523
V,73,248.3704
V,74,242.0883
V,75,233.5773
V,76,235.0608
V,77,238.4458
V,78,236.4511
V,79,234.5248
V,80,234.4366
V,81,233.2205
V,82,228.8569
V,83,231.8409
V,84,233.6503
V,85,232.7340
V,86,231.4338
V,87,230.1853
V,88,232.4208
V,89,231.2353
V,90,232.2428
V,91,234.2203
V,92,239.0305
V,93,239.4388
V,94,241.2360
V,95,234.3944
V,96,236.9735
V,97,235.5577
V,98,231.9416
V,99,225.1356
V,100,229.6368
V,101,225.8236
V,102,220.3921
V,103,218.0643
V,104,218.0490
V,105,223.0488
V,106,225.8419
V,107,224.8779
V,108,227.3040
V,109,222.8682
V,110,221.2942
V,111,222.9742
V,112,225.4376
V,113,225.3009
V,114,223.9804
V,115,224.8400
V,116,223.9632
V,117,221.4926
V,118,220.8336
V,119,226.2835
V,120,227.5878
V,121,229.0239
V,122,230.5345
V,123,227.7004
V,124,229.1450
V,125,229.1882
V,126,225.2160
V,127,222.0836
V,128,217.6369
V,129,219.4625
V,130,219.4041
V,131,219.2452
V,132,221.8007
V,133,217.2284
V,134,217.5436
V,135,217.7471
V,136,221.3026
V,137,222.8596
V,138,218.8645
V,139,221.1186
V,140,221.9987
V,141,222.4558
V,142,215.9555
V,143,214.5142
V,144,214.0227
V,145,211.5813
V,146,216.0121
V,147,213.6396
V,148,210.9890
V,149,205.4415
V,150,203.4422
V,151,199.0378
V,152,198.8262
V,153,197.7622
V,154,193.8431
V,155,195.3868
V,156,196.7297
V,157,195.3772
V,158,190.4791
V,159,191.0512
V,160,187.2118
V,161,185.5895
V,162,182.3577
V,163,178.1354
V,164,177.5111
V,165,175.3002
V,166,177.8913
V,167,174.4509
V,168,172.3507
V,169,168.9440
V,170,172.8578
V,171,173.6611
V,172,176.4136
V,173,177.2646
V,174,178.1994
V,175,179.4560
V,176,179.6076
V,177,181.1454
V,178,185.2589
V,179,183.5597
V,180,183.4729
V,181,187.9246
V,182,188.3490
V,183,183.3524
V,184,183.1206
V,185,186.6084
V,186,185.1225
V,187,183.7130
V,188,179.6300
V,189,179.1974
V,190,176.9250
V,191,179.3036
V,192,180.4123
V,193,183.0470
V,194,184.3239
V,195,184.8531
V,196,185.8466
V,197,183.8189
V,198,184.7996
V,199,187.0833
V,200,187.6018
V,201,188.7319
V,202,189.3544
V,203,190.1974
V,204,189.8451
V,205,189.7756
V,206,186.3555
V,207,182.7253
V,208,184.5288
V,209,185.9542
V,210,190.1794
V,211,188.6816
V,212,192.1849
V,213,191.5183
V,214,189.4487
V,215,192.4386
V,216,194.1483
V,217,194.0054
V,218,193.9596
V,219,196.0342
V,220,196.1651
V,221,197.1574
V,222,197.7135
V,223,196.8413
V,224,197.6736
V,225,199.4055
V,226,202.3473
V,227,202.1920
V,228,198.8170
V,229,197.3192
V,230,196.5553
V,231,195.7855
V,232,194.0829
V,233,194.0841
V,234,190.2176
V,235,189.6836
V,236,188.4283
V,237,189.7682
V,238,186.8178
V,239,188.6062
V,240,188.4288
V,241,191.9220
V,242,189.5908
V,243,195.3109
V,244,196.1789
V,245,190.6811
V,246,190.1228
V,247,190.1947
V,248,188.6908
V,249,188.5901
V,250,191.4326
V,251,192.8859
V,252,191.7946
V,253,190.4829
V,254,190.0401
V,255,195.1322
V,256,197.7078
V,257,195.1979
V,258,195.7656
V,259,201.1829
V,260,202.6785
V,261,205.8598
V,262,208.5100
V,263,207.5017
V,264,210.2658
V,265,208.8770
V,266,207.0436
V,267,206.1559
V,268,207.2330
V,269,208.6330
V,270,212.6255
V,271,213.4183
V,272,211.3307
V,273,208.7999
V,274,206.6999
V,275,203.6411
V,276,204.7941
V,277,207.4931
V,278,206.2001
V,279,204.4113
V,280,206.2305
V,281,203.5447
V,282,203.0522
V,283,203.9992
V,284,201.7347
V,285,202.9753
V,286,204.4325
V,287,203.0350
V,288,204.3132
V,289,200.9133
V,290,199.6302
V,291,202.1807
V,292,202.7498
V,293,205.7478
V,294,202.6356
V,295,202.7336
V,296,205.5842
V,297,206.6959
V,298,210.8681
V,299,214.5982
V,300,217.9094
V,301,218.2159
V,302,215.3987
V,303,211.4757
V,304,213.1559
V,305,215.0120
V,306,214.6674
V,307,215.6411
V,308,217.5435
V,309,214.4766
V,310,217.2352
V,311,215.8297
V,312,219.3109
V,313,223.1630
V,314,221.3392
V,315,217.9400
V,316,218.3085
V,317,214.6273
V,318,218.3097
V,319,217.1524
V,320,214.0179
V,321,213.4889
V,322,210.3665
V,323,206.0930
V,324,206.0771
V,325,204.2480
V,326,206.0223
V,327,204.6257
V,328,202.6267
V,329,203.1014
V,330,203.7483
V,331,202.4519
V,332,208.1560
V,333,204.0269
V,334,205.3354
V,335,201.7570
V,336,199.3344
V,337,197.9639
V,338,201.9192
V,339,202.3604
V,340,200.4192
V,341,198.9731
V,342,200.5938
V,343,202.1073
V,344,202.1642
V,345,202.9284
V,346,205.3284
V,347,204.4445
V,348,205.1674
V,349,203.5233
V,350,202.5097
V,351,202.7801
V,352,209.6435
V,353,214.6627
V,354,214.4136
V,355,212.6325
V,356,215.6021
V,357,213.8776
V,358,215.6557
V,359,216.7135
V,360,218.4488
V,361,217.8960
V,362,222.4607
V,363,219.5945
V,364,223.0199
V,365,220.4795
V,366,223.6032
V,367,221.6900
V,368,216.7077
V,369,217.2926
V,370,217.0817
V,371,220.9289
V,372,217.1902
V,373,219.8192
V,374,218.5442
V,375,219.8070
V,376,220.7441
V,377,224.4812
V,378,229.2948
V,379,222.7634
V,380,224.0808
V,381,226.3013
V,382,231.7269
V,383,232.6439
V,384,232.4368
V,385,234.6865
V,386,235.0399
V,387,235.3516
V,388,234.7466
V,389,229.0654
V,390,227.0017
V,391,229.0432
V,392,229.4683
V,393,232.3852
V,394,235.2645
V,395,235.6801
V,396,231.7051
V,397,232.0430
V,398,235.6786
V,399,237.6323
V,400,238.2833
V,401,241.5987
V,402,243.0575
V,403,238.9453
V,404,235.8414
V,405,233.4874
V,406,232.6827
V,407,231.4533
V,408,229.6193
V,409,224.3695
V,410,225.0223
V,411,223.3651
V,412,223.4034
V,413,224.6567
V,414,222.1707
V,415,220.6837
V,416,221.9967
V,417,224.7365
V,418,221.9514
V,419,219.5125
V,420,217.5639
V,421,215.4824
V,422,218.6251
V,423,219.2630
V,424,219.2172
V,425,218.3308
V,426,218.5490
V,427,221.4504
V,428,221.9468
V,429,223.3954
V,430,223.7417
V,431,224.6050
V,432,229.6389
V,433,231.9084
V,434,228.6365
V,435,229.5134
V,436,226.7000
V,437,228.6311
V,438,233.5903
V,439,230.3470
V,440,233.1251
V,441,231.7217
V,442,232.1842
V,443,234.9476
V,444,232.8580
V,445,237.0771
V,446,235.5379
V,447,239.3430
V,448,239.8413
V,449,244.0158
V,450,240.1199
V,451,238.4436
V,452,238.6636
V,453,237.9033
V,454,236.6008
V,455,235.7676
V,456,239.1743
V,457,240.3015
V,458,242.0349
V,459,241.7088
V,460,238.9436
V,461,241.1974
V,462,238.5214
V,463,244.4259
V,464,242.6806
V,465,239.8912
V,466,237.1136
V,467,237.7461
V,468,238.2402
V,469,232.9195
V,470,242.0991
V,471,238.6711
V,472,239.4713
V,473,242.6368
V,474,238.3785
V,475,233.9862
V,476,234.6399
V,477,237.3182
V,478,231.1291
V,479,232.3893
V,480,230.9261
V,481,237.2855
V,482,242.0704
V,483,250.9562
V,484,254.9432
V,485,261.4650
V,486,262.5341
V,487,259.9515
V,488,261.4122
V,489,264.1078
V,490,270.3528
V,491,272.1097
V,492,276.1992
V,493,282.7218
V,494,289.9325
V,495,289.4008
V,496,288.4275
V,497,285.6761
V,498,289.0916
V,499,281.4700
V,500,280.5247
V,501,279.8897
V,502,283.0305
V,503,276.5031
V,504,273.9892
MA,0,450.0000
MA,1,450.7755
MA,2,459.7087
MA,3,469.8448
MA,4,473.0771
MA,5,463.7509
MA,6,455.8581
MA,7,449.4464
MA,8,434.2833
MA,9,420.3305
MA,10,417.1617
MA,11,416.5087
MA,12,412.1507
MA,13,411.7070
MA,14,414.9201
MA,15,409.5197
MA,16,410.6685
MA,17,407.3268
MA,18,401.2460
MA,19,405.7884
MA,20,394.9003
MA,21,390.9510
MA,22,393.9330
MA,23,400.7412
MA,24,398.8686
MA,25,394.8202
MA,26,400.7557
MA,27,418.3277
MA,28,423.2945
MA,29,426.5605
MA,30,432.0459
MA,31,427.1474
MA,32,434.7590
MA,33,433.6052
MA,34,442.4069
MA,35,436.5077
MA,36,444.5588
MA,37,453.2226
MA,38,448.5281
MA,39,442.6485
MA,40,447.6329
MA,41,450.3813
MA,42,445.4382
MA,43,440.6367
MA,44,453.5275
MA,45,457.3751
MA,46,456.0332
MA,47,459.4798
MA,48,458.0616
MA,49,455.8795
MA,50,444.9833
MA,51,440.1741
MA,52,431.4154
MA,53,432.1720
MA,54,425.3915
MA,55,429.3338
MA,56,414.8412
MA,57,417.8351
MA,58,416.1388
MA,59,409.5553
MA,60,403.8251
MA,61,405.9251
MA,62,407.6701
MA,63,413.4663
MA,64,412.8246
MA,65,417.3187
MA,66,415.2634
MA,67,414.8809
MA,68,426.1215
MA,69,422.3620
MA,70,413.8230
MA,71,413.5568
MA,72,419.2280
MA,73,412.2349
MA,74,409.5552
MA,75,397.7823
MA,76,401.4729
MA,77,407.6882
MA,78,408.6425
MA,79,408.7803
MA,80,410.4063
MA,81,411.1837
MA,82,410.7812
MA,83,416.2681
MA,84,417.9548
MA,85,415.9734
MA,86,422.9192
MA,87,423.3787
MA,88,429.4031
MA,89,425.6383
MA,90,425.6848
MA,91,428.1287
MA,92,441.2747
MA,93,432.1118
MA,94,435.4628
MA,95,428.3152
MA,96,431.0478
MA,97,423.5660
MA,98,411.2071
MA,99,404.3136
MA,100,416.0845
MA,101,419.3270
MA,102,410.8548
MA,103,403.0622
MA,104,404.9590
MA,105,412.4010
MA,106,413.6502
MA,107,410.2476
MA,108,402.5875
MA,109,391.5363
MA,110,377.9388
MA,111,368.0388
MA,112,373.4300
MA,113,370.3549
MA,114,375.5141
MA,115,381.3263
MA,116,383.9695
MA,117,377.9755
MA,118,370.5071
MA,119,381.9389
MA,120,380.2782
MA,121,371.9878
MA,122,376.1746
MA,123,380.1690
MA,124,383.0835
MA,125,379.1555
MA,126,375.1282
MA,127,378.2984
MA,128,379.6725
MA,129,379.4556
MA,130,382.9334
MA,131,379.6150
MA,132,382.3801
MA,133,373.4885
MA,134,375.4596
MA,135,368.3958
MA,136,381.2558
MA,137,379.9704
MA,138,369.5285
MA,139,380.0830
MA,140,375.6537
MA,141,369.0150
MA,142,359.0041
MA,143,354.6119
MA,144,355.5141
MA,145,351.8161
MA,146,350.2949
MA,147,357.2049
MA,148,351.8319
MA,149,343.2600
MA,150,339.7980
MA,151,339.2122
MA,152,337.9395
MA,153,338.5867
MA,154,336.2578
MA,155,332.6479
MA,156,338.2191
MA,157,343.8887
MA,158,332.7096
MA,159,328.4873
MA,160,321.7055
MA,161,319.5157
MA,162,310.4735
MA,163,309.8529
MA,164,310.5553
MA,165,308.8809
MA,166,309.5901
MA,167,312.2468
MA,168,300.9766
MA,169,293.8991
MA,170,300.2240
MA,171,298.9719
MA,172,303.2730
MA,173,299.8744
MA,174,293.4935
MA,175,292.3924
MA,176,295.3361
MA,177,290.0036
MA,178,288.2499
MA,179,288.9662
MA,180,289.3181
MA,181,293.7426
MA,182,293.4083
MA,183,285.9364
MA,184,286.0862
MA,185,290.5341
MA,186,282.7963
MA,187,281.6150
MA,188,284.2673
MA,189,289.5176
MA,190,283.6914
MA,191,289.7433
MA,192,291.5504
MA,193,295.5613
MA,194,297.2697
MA,195,296.6356
MA,196,301.1487
MA,197,301.1524
MA,198,306.4424
MA,199,307.0191
MA,200,313.8870
MA,201,313.7394
MA,202,314.1070
MA,203,313.8442
MA,204,317.3361
MA,205,316.6774
MA,206,311.4489
MA,207,306.2750
MA,208,305.4127
MA,209,305.8920
MA,210,306.8129
MA,211,299.9362
MA,212,298.5770
MA,213,295.9712
MA,214,295.0682
MA,215,301.6187
MA,216,299.0419
MA,217,296.2938
MA,218,293.9996
MA,219,300.4666
MA,220,305.6048
MA,221,308.7876
MA,222,302.2251
MA,223,302.2495
MA,224,303.3632
MA,225,303.1424
MA,226,310.0861
MA,227,312.5675
MA,228,308.4201
MA,229,309.5626
MA,230,310.2406
MA,231,317.6132
MA,232,319.0430
MA,233,318.4217
MA,234,316.1380
MA,235,313.6447
MA,236,319.3237
MA,237,320.7038
MA,238,313.6840
MA,239,309.0894
MA,240,306.8328
MA,241,310.8461
MA,242,312.9097
MA,243,321.3374
MA,244,325.6144
MA,245,319.2037
MA,246,320.2053
MA,247,316.9498
MA,248,311.6009
MA,249,311.6122
MA,250,315.1278
MA,251,318.5586
MA,252,320.1106
MA,253,317.1156
MA,254,321.4025
MA,255,322.2864
MA,256,325.2289
MA,257,319.3876
MA,258,317.7528
MA,259,323.5007
MA,260,324.7560
MA,261,324.6387
MA,262,327.1331
MA,263,327.2787
MA,264,323.8314
MA,265,323.9269
MA,266,316.6515
MA,267,314.9982
MA,268,315.4607
MA,269,321.4432
MA,270,323.4674
MA,271,322.3506
MA,272,320.4866
MA,273,311.9382
MA,274,308.5557
MA,275,307.0743
MA,276,313.0574
MA,277,313.8660
MA,278,313.4601
MA,279,310.8563
MA,280,307.7013
MA,281,308.1848
MA,282,306.8006
MA,283,311.5258
MA,284,311.4565
MA,285,311.1459
MA,286,309.5593
MA,287,309.3570
MA,288,310.1617
MA,289,309.1845
MA,290,307.7320
MA,291,317.1472
MA,292,319.7896
MA,293,321.8059
MA,294,321.8297
MA,295,318.2121
MA,296,324.5334
MA,297,324.6014
MA,298,335.6799
MA,299,341.7707
MA,300,341.2699
MA,301,345.2636
MA,302,348.9541
MA,303,345.2775
MA,304,341.0262
MA,305,350.0259
MA,306,350.4304
MA,307,347.0261
MA,308,345.8482
MA,309,346.2723
MA,310,345.3459
MA,311,346.4542
MA,312,352.2665
MA,313,357.3214
MA,314,353.1191
MA,315,352.1341
MA,316,354.5452
MA,317,349.1662
MA,318,359.5607
MA,319,366.0452
MA,320,366.3059
MA,321,367.5682
MA,322,360.5767
MA,323,356.2941
MA,324,358.0405
MA,325,353.2758
MA,326,350.5801
MA,327,341.9435
MA,328,345.9952
MA,329,349.0699
MA,330,349.8682
MA,331,351.2104
MA,332,358.7598
MA,333,354.2923
MA,334,360.1580
MA,335,358.4001
MA,336,350.5829
MA,337,346.1558
MA,338,342.6532
MA,339,349.1373
MA,340,352.6442
MA,341,353.5612
MA,342,352.9928
MA,343,349.9747
MA,344,348.4258
MA,345,352.0754
MA,346,355.9166
MA,347,353.7876
MA,348,350.1375
MA,349,345.1666
MA,350,347.1240
MA,351,348.6902
MA,352,355.1644
MA,353,365.6187
MA,354,360.3723
MA,355,352.9780
MA,356,354.2091
MA,357,359.8376
MA,358,358.0400
MA,359,356.5699
MA,360,353.9429
MA,361,348.1103
MA,362,356.7707
MA,363,350.6112
MA,364,347.4005
MA,365,341.9220
MA,366,347.9075
MA,367,349.0280
MA,368,348.1179
MA,369,346.1724
MA,370,342.9536
MA,371,340.4228
MA,372,338.8307
MA,373,351.5054
MA,374,348.8416
MA,375,351.1838
MA,376,348.1431
MA,377,347.5961
MA,378,355.1990
MA,379,347.9936
MA,380,351.9162
MA,381,352.3998
MA,382,360.6856
MA,383,362.1951
MA,384,362.6164
MA,385,362.0292
MA,386,366.3475
MA,387,370.8578
MA,388,367.4904
MA,389,365.9765
MA,390,363.6551
MA,391,366.2994
MA,392,365.2447
MA,393,366.6614
MA,394,366.9924
MA,395,360.9541
MA,396,352.8298
MA,397,359.5700
MA,398,359.1267
MA,399,354.5288
MA,400,353.6159
MA,401,350.3763
MA,402,343.5377
MA,403,338.3388
MA,404,330.1884
MA,405,330.1550
MA,406,329.8847
MA,407,324.6875
MA,408,324.3944
MA,409,326.9955
MA,410,325.1120
MA,411,321.3603
MA,412,326.2536
MA,413,335.5227
MA,414,332.6233
MA,415,327.3746
MA,416,329.1833
MA,417,325.4444
MA,418,322.7565
MA,419,317.8722
MA,420,314.9408
MA,421,314.6852
MA,422,318.4531
MA,423,316.2305
MA,424,320.4686
MA,425,323.8709
MA,426,323.1348
MA,427,328.7085
MA,428,324.3028
MA,429,321.0026
MA,430,318.5874
MA,431,316.8758
MA,432,322.6775
MA,433,328.2169
MA,434,326.0340
MA,435,324.6702
MA,436,325.4458
MA,437,326.5076
MA,438,329.8915
MA,439,321.3945
MA,440,327.2245
MA,441,323.2885
MA,442,326.1402
MA,443,330.4027
MA,444,330.2123
MA,445,337.8471
MA,446,333.5699
MA,447,340.8787
MA,448,343.9381
MA,449,345.0952
MA,450,338.0903
MA,451,339.5421
MA,452,335.4975
MA,453,333.6809
MA,454,331.2061
MA,455,325.5418
MA,456,330.2346
MA,457,333.2299
MA,458,338.2000
MA,459,337.2279
MA,460,338.2660
MA,461,337.1425
MA,462,323.7595
MA,463,325.7180
MA,464,329.5770
MA,465,328.0872
MA,466,326.4844
MA,467,328.1737
MA,468,332.0009
MA,469,321.8650
MA,470,331.5652
MA,471,322.0772
MA,472,328.6051
MA,473,325.4694
MA,474,324.3063
MA,475,322.6049
MA,476,320.8023
MA,477,329.5714
MA,478,320.8185
MA,479,321.8218
MA,480,320.6365
MA,481,324.1136
MA,482,329.5084
MA,483,333.4993
MA,484,342.4748
MA,485,347.5342
MA,486,351.8591
MA,487,350.7999
MA,488,354.9544
MA,489,354.0339
MA,490,366.7596
MA,491,376.0961
MA,492,383.3896
MA,493,382.9944
MA,494,389.9152
MA,495,387.5965
MA,496,384.5590
MA,497,380.9814
MA,498,389.6674
MA,499,382.3571
MA,500,382.9190
MA,501,390.4369
MA,502,392.8276
MA,503,384.9624
MA,504,379.7587
C,0,60.0000
C,1,58.8686
C,2,60.0081
C,3,61.2095
C,4,61.4937
C,5,61.2451
C,6,60.2115
C,7,58.6473
C,8,56.0420
C,9,53.7959
C,10,54.2749
C,11,53.5580
C,12,54.2317
C,13,54.5630
C,14,53.2261
C,15,53.3276
C,16,53.6490
C,17,53.6344
C,18,52.3542
C,19,53.2238
C,20,51.0603
C,21,51.1665
C,22,51.3973
C,23,51.8602
C,24,51.6324
C,25,50.2770
C,26,50.2454
C,27,53.3305
C,28,53.2442
C,29,53.0062
C,30,54.3091
C,31,55.7210
C,32,55.7328
C,33,56.0036
C,34,56.5993
C,35,54.2457
C,36,54.8301
C,37,55.1897
C,38,54.7239
C,39,53.5169
C,40,56.5560
C,41,55.0261
C,42,53.7420
C,43,53.4769
C,44,53.2886
C,45,53.0062
C,46,53.5484
C,47,53.1517
C,48,52.9561
C,49,53.6268
C,50,52.9557
C,51,52.9292
C,52,53.1448
C,53,53.4069
C,54,52.5907
C,55,52.5374
C,56,50.5795
C,57,51.1299
C,58,50.6096
C,59,49.8772
C,60,48.8584
C,61,47.6625
C,62,48.1611
C,63,48.4584
C,64,48.8682
C,65,49.8334
C,66,48.7643
C,67,48.7943
C,68,49.8077
C,69,48.0939
C,70,49.1172
C,71,49.3841
C,72,49.8430
C,73,46.7038
C,74,46.0155
C,75,43.9436
C,76,44.4286
C,77,46.1710
C,78,45.2064
C,79,44.1923
C,80,43.8745
C,81,43.8302
C,82,43.7370
C,83,44.7122
C,84,45.4404
C,85,45.6810
C,86,45.9737
C,87,45.8512
C,88,45.5707
C,89,45.3121
C,90,45.0145
C,91,44.9202
C,92,46.3418
C,93,45.2164
C,94,45.5535
C,95,43.8304
C,96,43.5577
C,97,42.8438
C,98,42.8654
C,99,42.1596
C,100,44.1035
C,101,43.9428
C,102,42.7821
C,103,41.8512
C,104,42.5925
C,105,42.4689
C,106,43.0618
C,107,42.0928
C,108,42.1639
C,109,41.4471
C,110,40.4686
C,111,39.9070
C,112,41.1911
C,113,41.2086
C,114,41.4096
C,115,41.8004
C,116,42.1148
C,117,42.6307
C,118,42.8929
C,119,45.7105
C,120,46.4508
C,121,46.8476
C,122,47.6995
C,123,46.7212
C,124,48.1633
C,125,48.1869
C,126,47.6152
C,127,46.7337
C,128,46.4009
C,129,47.3612
C,130,47.2322
C,131,46.4884
C,132,47.4571
C,133,46.0900
C,134,46.1635
C,135,45.9431
C,136,47.0096
C,137,47.6726
C,138,47.2206
C,139,47.5236
C,140,48.4317
C,141,48.7846
C,142,47.5309
C,143,47.4250
C,144,46.7746
C,145,45.2445
C,146,45.3320
C,147,45.7983
C,148,45.1034
C,149,43.9699
C,150,44.4464
C,151,43.7515
C,152,43.5795
C,153,43.7480
C,154,42.8548
C,155,42.0997
C,156,42.0083
C,157,42.5960
C,158,41.2935
C,159,40.8720
C,160,40.4258
C,161,38.7486
C,162,37.0451
C,163,36.6413
C,164,36.6065
C,165,37.3328
C,166,37.9847
C,167,37.2538
C,168,35.9389
C,169,34.9622
C,170,35.3214
C,171,35.4316
C,172,35.6286
C,173,35.1916
C,174,34.9508
C,175,35.3994
C,176,35.9461
C,177,36.7380
C,178,37.8689
C,179,38.0607
C,180,38.4994
C,181,39.6284
C,182,39.8159
C,183,38.8837
C,184,38.4427
C,185,39.5188
C,186,38.4554
C,187,37.5112
C,188,37.9829
C,189,38.6836
C,190,38.5301
C,191,38.6722
C,192,38.7331
C,193,38.9462
C,194,39.1079
C,195,38.6208
C,196,38.8645
C,197,38.4981
C,198,38.7334
C,199,38.7602
C,200,39.3173
C,201,40.8062
C,202,41.4355
C,203,41.5870
C,204,41.6548
C,205,40.8364
C,206,39.9549
C,207,39.0544
C,208,38.9138
C,209,39.4031
C,210,40.0762
C,211,39.6609
C,212,40.2568
C,213,39.2507
C,214,39.7022
C,215,41.1190
C,216,41.6457
C,217,41.7410
C,218,42.0341
C,219,43.4851
C,220,43.4640
C,221,43.2140
C,222,43.0394
C,223,42.9605
C,224,43.5448
C,225,43.9469
C,226,43.9176
C,227,43.5260
C,228,43.0067
C,229,43.7821
C,230,43.0381
C,231,42.2301
C,232,42.5503
C,233,41.6464
C,234,41.4118
C,235,41.4361
C,236,41.6126
C,237,41.1725
C,238,41.5895
C,239,41.8979
C,240,42.0876
C,241,43.2159
C,242,41.7873
C,243,41.9738
C,244,43.2009
C,245,42.1688
C,246,41.7246
C,247,40.9534
C,248,41.0972
C,249,40.5774
C,250,41.8335
C,251,43.0496
C,252,43.3206
C,253,43.2990
C,254,44.1072
C,255,44.0258
C,256,45.8083
C,257,44.5792
C,258,44.5067
C,259,45.3890
C,260,46.1831
C,261,46.7741
C,262,47.8606
C,263,47.3643
C,264,47.4881
C,265,47.0867
C,266,46.1915
C,267,46.6536
C,268,46.5123
C,269,47.6734
C,270,47.9510
C,271,48.3123
C,272,46.8277
C,273,45.1487
C,274,45.0481
C,275,44.9420
C,276,45.4992
C,277,45.5720
C,278,45.0750
C,279,44.5182
C,280,44.5678
C,281,44.2280
C,282,43.2896
C,283,42.5544
C,284,40.8790
C,285,40.2984
C,286,40.1183
C,287,39.5707
C,288,39.7160
C,289,39.6948
C,290,38.5009
C,291,39.2916
C,292,39.9249
C,293,40.2982
C,294,39.8797
C,295,39.8790
C,296,41.6815
C,297,41.9008
C,298,43.3465
C,299,44.2905
C,300,44.1441
C,301,44.3107
C,302,45.0137
C,303,44.2302
C,304,45.7181
C,305,47.1508
C,306,47.3054
C,307,47.0998
C,308,47.5752
C,309,46.5287
C,310,46.6612
C,311,46.7510
C,312,47.1819
C,313,47.4915
C,314,46.9986
C,315,46.2703
C,316,45.9490
C,317,44.7769
C,318,46.0187
C,319,46.8313
C,320,46.6980
C,321,45.6487
C,322,44.7117
C,323,42.8294
C,324,42.9517
C,325,41.8843
C,326,42.1591
C,327,40.0568
C,328,40.5635
C,329,40.8371
C,330,40.5103
C,331,40.8431
C,332,42.0816
C,333,41.3032
C,334,42.3961
C,335,42.1229
C,336,41.2217
C,337,40.1504
C,338,40.7409
C,339,40.6226
C,340,40.4262
C,341,40.5014
C,342,39.7663
C,343,40.8898
C,344,40.3234
C,345,40.3560
C,346,41.5369
C,347,40.8649
C,348,40.4024
C,349,39.9163
C,350,40.9219
C,351,41.4061
C,352,41.6436
C,353,42.9698
C,354,43.8827
C,355,43.5359
C,356,44.1775
C,357,44.5941
C,358,43.9313
C,359,43.7188
C,360,43.8196
C,361,44.4058
C,362,44.4057
C,363,43.4222
C,364,43.3833
C,365,42.9404
C,366,43.1815
C,367,43.4931
C,368,43.6432
C,369,43.3611
C,370,43.0503
C,371,43.4491
C,372,42.2833
C,373,43.5670
C,374,42.2785
C,375,42.9256
C,376,42.7311
C,377,42.8082
C,378,43.4983
C,379,41.5608
C,380,42.4438
C,381,43.0401
C,382,42.9049
C,383,43.5957
C,384,43.5601
C,385,43.0915
C,386,43.0010
C,387,42.9958
C,388,42.5612
C,389,41.6492
C,390,42.2708
C,391,41.9097
C,392,41.7718
C,393,43.0893
C,394,42.7409
C,395,43.1926
C,396,42.0227
C,397,42.8486
C,398,42.4113
C,399,42.4235
C,400,42.5290
C,401,41.4457
C,402,41.1387
C,403,40.5135
C,404,39.1554
C,405,38.7790
C,406,38.3246
C,407,37.5317
C,408,37.9412
C,409,38.6917
C,410,37.7726
C,411,38.2116
C,412,39.2405
C,413,40.0024
C,414,40.1037
C,415,40.4103
C,416,40.2347
C,417,41.2106
C,418,41.6852
C,419,40.6252
C,420,40.5287
C,421,40.1183
C,422,40.4777
C,423,40.8156
C,424,41.1779
C,425,41.5261
C,426,42.6377
C,427,43.8078
C,428,43.7122
C,429,43.9085
C,430,43.5096
C,431,44.0232
C,432,44.5634
C,433,45.0940
C,434,43.9315
C,435,43.9366
C,436,44.4434
C,437,45.0146
C,438,46.7646
C,439,47.0790
C,440,48.0028
C,441,48.0397
C,442,49.6165
C,443,49.6695
C,444,48.1636
C,445,49.5113
C,446,48.1819
C,447,48.4250
C,448,48.4995
C,449,48.7008
C,450,47.3712
C,451,47.9248
C,452,47.1528
C,453,46.6287
C,454,47.0252
C,455,47.0266
C,456,48.0958
C,457,49.4702
C,458,50.2853
C,459,50.4371
C,460,50.1144
C,461,50.6691
C,462,49.7187
C,463,49.5700
C,464,49.8200
C,465,50.3945
C,466,50.6110
C,467,51.6478
C,468,50.9102
C,469,50.2192
C,470,51.3500
C,471,49.8394
C,472,49.6072
C,473,50.9996
C,474,50.1063
C,475,49.2873
C,476,49.5340
C,477,51.0130
C,478,49.7832
C,479,49.8244
C,480,49.6053
C,481,50.9079
C,482,51.8470
C,483,52.6966
C,484,53.5799
C,485,55.4010
C,486,54.9926
C,487,54.9230
C,488,55.3174
C,489,55.3617
C,490,56.4561
C,491,57.9420
C,492,59.2052
C,493,59.9505
C,494,61.0028
C,495,60.8862
C,496,59.1807
C,497,58.4089
C,498,57.8976
C,499,55.5549
C,500,55.3437
C,501,55.4107
C,502,55.8076
C,503,55.3682
C,504,53.6765
USB,0,42.0000
USB,1,41.0794
USB,2,41.3936
USB,3,43.2711
USB,4,43.9846
USB,5,43.9989
USB,6,43.4188
USB,7,42.5912
USB,8,42.2569
USB,9,41.0595
USB,10,41.7776
USB,11,41.6085
USB,12,42.3387
USB,13,42.0951
USB,14,41.3587
USB,15,40.6392
USB,16,40.5587
USB,17,40.1050
USB,18,39.0512
USB,19,39.0961
USB,20,37.8021
USB,21,37.4693
USB,22,37.8619
USB,23,39.1636
USB,24,38.9958
USB,25,38.1435
USB,26,38.3044
USB,27,39.7622
USB,28,39.9355
USB,29,39.8969
USB,30,40.2041
USB,31,40.8885
USB,32,40.9570
USB,33,40.2261
USB,34,40.9516
USB,35,39.5196
USB,36,39.7658
USB,37,40.0836
USB,38,40.5140
USB,39,39.8814
USB,40,41.5372
USB,41,41.6980
USB,42,41.1302
USB,43,40.3705
USB,44,41.1061
USB,45,40.6873
USB,46,40.0039
USB,47,40.4005
USB,48,39.8533
USB,49,39.7225
USB,50,39.4382
USB,51,38.8798
USB,52,38.2946
USB,53,37.3016
USB,54,37.4234
USB,55,36.8946
USB,56,35.3422
USB,57,36.2321
USB,58,35.8737
USB,59,34.1491
USB,60,33.7165
USB,61,34.1443
USB,62,34.4546
USB,63,34.9614
USB,64,35.1724
USB,65,35.0434
USB,66,35.2673
USB,67,35.6999
USB,68,36.7899
USB,69,35.6836
USB,70,35.9641
USB,71,36.6385
USB,72,36.7795
USB,73,35.5356
USB,74,34.8456
USB,75,33.7928
USB,76,33.9794
USB,77,34.0854
USB,78,35.3281
USB,79,33.9497
USB,80,33.7366
USB,81,33.8263
USB,82,33.1492
USB,83,33.0792
USB,84,33.2560
USB,85,33.2181
USB,86,32.6037
USB,87,32.5860
USB,88,32.6926
USB,89,32.0577
USB,90,32.6271
USB,91,33.2380
USB,92,34.9881
USB,93,34.4485
USB,94,35.6224
USB,95,34.9493
USB,96,35.4346
USB,97,35.0290
USB,98,33.7148
USB,99,33.5149
USB,100,34.9256
USB,101,34.0868
USB,102,33.2962
USB,103,32.4754
USB,104,31.9099
USB,105,32.4191
USB,106,32.2892
USB,107,31.5694
USB,108,31.0484
USB,109,30.2701
USB,110,29.4705
USB,111,28.5755
USB,112,29.5335
USB,113,29.8543
USB,114,29.7297
USB,115,29.6906
USB,116,30.0192
USB,117,29.8250
USB,118,29.7197
USB,119,31.0957
USB,120,30.9734
USB,121,31.0895
USB,122,32.4195
USB,123,32.4667
USB,124,32.8977
USB,125,32.4282
USB,126,32.5258
USB,127,32.0396
USB,128,32.4194
USB,129,32.7083
USB,130,32.2954
USB,131,31.6302
USB,132,32.2513
USB,133,31.0662
USB,134,31.3001
USB,135,31.4307
USB,136,31.8462
USB,137,31.9384
USB,138,31.3241
USB,139,31.6634
USB,140,32.1104
USB,141,31.8722
USB,142,30.5557
USB,143,30.8109
USB,144,30.5074
USB,145,29.6759
USB,146,29.4615
USB,147,29.6883
USB,148,29.2656
USB,149,28.0040
USB,150,28.2203
USB,151,28.0325
USB,152,28.1803
USB,153,27.7226
USB,154,27.1922
USB,155,26.7561
USB,156,26.6872
USB,157,27.1595
USB,158,26.0421
USB,159,25.7039
USB,160,25.1932
USB,161,24.6808
USB,162,24.0992
USB,163,23.3668
USB,164,23.2515
USB,165,23.1168
USB,166,23.1703
USB,167,23.2122
USB,168,22.7783
USB,169,22.4945
USB,170,22.4545
USB,171,22.4137
USB,172,22.5039
USB,173,22.8951
USB,174,22.7578
USB,175,23.0109
USB,176,22.8598
USB,177,23.0242
USB,178,23.0190
USB,179,22.8689
USB,180,23.1445
USB,181,23.4891
USB,182,23.4065
USB,183,22.8763
USB,184,22.8923
USB,185,23.4904
USB,186,23.2672
USB,187,23.0212
USB,188,22.2977
USB,189,22.5380
USB,190,22.4825
USB,191,23.5546
USB,192,23.7077
USB,193,24.6433
USB,194,24.6082
USB,195,24.7893
USB,196,25.3834
USB,197,25.6424
USB,198,26.2115
USB,199,26.2934
USB,200,27.0383
USB,201,27.4030
USB,202,26.8232
USB,203,27.3033
USB,204,28.1103
USB,205,27.7637
USB,206,27.3093
USB,207,26.9318
USB,208,27.5855
USB,209,28.4137
USB,210,29.0445
USB,211,28.1174
USB,212,28.1373
USB,213,27.4297
USB,214,27.1944
USB,215,27.2565
USB,216,27.4492
USB,217,26.8946
USB,218,26.9095
USB,219,27.2596
USB,220,26.9687
USB,221,26.7012
USB,222,26.8568
USB,223,26.5603
USB,224,26.3197
USB,225,26.4896
USB,226,27.0875
USB,227,27.0890
USB,228,26.6799
USB,229,26.4208
USB,230,25.9181
USB,231,25.7909
USB,232,26.3631
USB,233,26.5282
USB,234,25.8124
USB,235,25.3919
USB,236,25.5770
USB,237,25.5676
USB,238,25.3948
USB,239,25.4234
USB,240,25.2737
USB,241,25.9266
USB,242,25.0630
USB,243,25.4614
USB,244,26.2890
USB,245,26.2151
USB,246,26.7580
USB,247,26.4673
USB,248,25.8866
USB,249,25.6196
USB,250,26.1856
USB,251,26.5667
USB,252,27.0733
USB,253,27.0473
USB,254,26.9206
USB,255,27.1301
USB,256,27.6064
USB,257,26.7276
USB,258,26.5557
USB,259,26.8259
USB,260,27.4744
USB,261,27.9297
USB,262,27.9307
USB,263,27.8457
USB,264,27.9946
USB,265,27.4681
USB,266,27.0810
USB,267,27.2055
USB,268,26.8988
USB,269,27.7341
USB,270,27.6353
USB,271,28.2173
USB,272,28.0305
USB,273,27.6389
USB,274,27.6379
USB,275,27.4694
USB,276,27.7379
USB,277,28.0720
USB,278,27.6437
USB,279,27.0855
USB,280,26.7346
USB,281,26.6735
USB,282,25.4009
USB,283,25.4412
USB,284,24.9238
USB,285,24.8883
USB,286,25.0843
USB,287,24.4896
USB,288,24.6451
USB,289,24.8367
USB,290,24.9917
USB,291,25.6795
USB,292,26.1464
USB,293,25.8415
USB,294,26.1798
USB,295,25.7434
USB,296,25.9637
USB,297,26.3487
USB,298,26.9302
USB,299,26.8109
USB,300,26.7537
USB,301,27.1184
USB,302,27.0116
USB,303,26.7347
USB,304,26.3234
USB,305,27.3623
USB,306,27.5298
USB,307,27.1254
USB,308,27.3050
USB,309,26.8596
USB,310,26.3139
USB,311,25.8049
USB,312,26.2312
USB,313,26.8120
USB,314,27.1649
USB,315,27.1198
USB,316,27.2605
USB,317,26.4766
USB,318,27.0173
USB,319,27.2010
USB,320,26.5922
USB,321,26.1394
USB,322,25.6486
USB,323,25.2717
USB,324,25.1525
USB,325,24.5765
USB,326,24.7081
USB,327,24.0930
USB,328,24.2714
USB,329,24.3388
USB,330,24.6632
USB,331,24.9351
USB,332,25.3847
USB,333,24.9955
USB,334,25.7008
USB,335,26.1521
USB,336,25.5410
USB,337,25.3237
USB,338,25.6534
USB,339,25.6810
USB,340,25.6386
USB,341,26.1004
USB,342,25.2467
USB,343,25.0811
USB,344,25.0570
USB,345,25.4488
USB,346,25.9043
USB,347,25.5715
USB,348,25.7560
USB,349,25.6443
USB,350,25.6324
USB,351,25.4377
USB,352,26.3995
USB,353,27.0444
USB,354,27.3524
USB,355,27.1667
USB,356,27.2380
USB,357,27.2807
USB,358,26.8762
USB,359,27.0829
USB,360,26.9416
USB,361,26.8841
USB,362,26.8571
USB,363,25.9480
USB,364,26.3729
USB,365,26.1326
USB,366,26.3016
USB,367,25.6135
USB,368,25.4041
USB,369,24.9795
USB,370,24.7469
USB,371,25.2176
USB,372,24.8328
USB,373,25.4849
USB,374,25.3460
USB,375,25.5935
USB,376,25.3439
USB,377,25.7695
USB,378,26.2137
USB,379,25.2485
USB,380,25.4030
USB,381,25.5016
USB,382,25.4991
USB,383,25.9002
USB,384,26.2552
USB,385,26.6201
USB,386,26.5451
USB,387,27.0394
USB,388,26.2933
USB,389,25.4633
USB,390,25.5359
USB,391,25.4441
USB,392,24.8383
USB,393,25.4975
USB,394,24.9534
USB,395,25.1796
USB,396,24.9758
USB,397,25.6262
USB,398,25.5730
USB,399,25.4195
USB,400,26.0022
USB,401,25.5187
USB,402,25.5684
USB,403,25.0104
USB,404,23.8801
USB,405,23.3549
USB,406,23.4051
USB,407,23.2162
USB,408,22.9241
USB,409,22.5501
USB,410,22.7904
USB,411,22.4585
USB,412,23.2603
USB,413,24.0080
USB,414,24.0165
USB,415,23.6313
USB,416,23.1395
USB,417,23.3495
USB,418,23.1836
USB,419,22.8664
USB,420,22.1009
USB,421,22.0548
USB,422,22.2932
USB,423,22.6518
USB,424,22.5393
USB,425,21.8096
USB,426,21.5734
USB,427,21.6435
USB,428,21.6510
USB,429,21.6009
USB,430,21.6397
USB,431,21.7371
USB,432,21.9981
USB,433,22.1711
USB,434,21.6099
USB,435,21.5453
USB,436,21.6254
USB,437,22.0839
USB,438,22.9036
USB,439,22.4823
USB,440,22.5995
USB,441,22.5805
USB,442,22.7996
USB,443,22.8889
USB,444,22.2872
USB,445,22.5531
USB,446,22.5936
USB,447,22.5276
USB,448,22.8293
USB,449,23.2999
USB,450,22.9142
USB,451,22.6648
USB,452,22.5161
USB,453,22.2564
USB,454,22.3573
USB,455,22.6127
USB,456,22.8652
USB,457,23.0627
USB,458,23.3639
USB,459,22.7738
USB,460,22.1775
USB,461,22.5180
USB,462,21.7629
USB,463,21.7801
USB,464,21.7654
USB,465,21.6437
USB,466,21.9188
USB,467,22.0899
USB,468,21.6449
USB,469,21.4490
USB,470,22.2583
USB,471,21.6631
USB,472,21.6571
USB,473,21.7374
USB,474,21.1815
USB,475,20.3784
USB,476,20.4998
USB,477,20.8016
USB,478,20.3154
USB,479,20.1279
USB,480,19.7765
USB,481,20.2056
USB,482,20.1142
USB,483,20.5099
USB,484,20.6636
USB,485,20.8082
USB,486,21.2321
USB,487,21.1648
USB,488,21.4577
USB,489,22.1565
USB,490,22.8846
USB,491,23.9849
USB,492,24.7710
USB,493,24.8377
USB,494,25.5808
USB,495,25.6118
USB,496,24.9454
USB,497,24.2343
USB,498,24.7687
USB,499,23.9350
USB,500,24.1421
USB,501,24.2196
USB,502,24.3488
USB,503,24.1280
USB,504,24.0865
PNC,0,155.0000
PNC,1,156.0980
PNC,2,156.1885
PNC,3,160.4925
PNC,4,160.6013
PNC,5,161.8001
PNC,6,158.0546
PNC,7,154.8051
PNC,8,151.2363
PNC,9,144.4297
PNC,10,145.4732
PNC,11,143.9968
PNC,12,143.0037
PNC,13,141.7194
PNC,14,140.9603
PNC,15,140.3732
PNC,16,139.8684
PNC,17,138.6687
PNC,18,136.9793
PNC,19,137.3236
PNC,20,134.6485
PNC,21,133.8334
PNC,22,136.1417
PNC,23,140.2915
PNC,24,137.5859
PNC,25,135.3376
PNC,26,135.2402
PNC,27,141.9391
PNC,28,141.4468
PNC,29,138.9586
PNC,30,143.1837
PNC,31,143.3090
PNC,32,147.7401
PNC,33,144.9794
PNC,34,146.9262
PNC,35,141.9580
PNC,36,141.3333
PNC,37,145.1090
PNC,38,142.9710
PNC,39,141.7744
PNC,40,144.8154
PNC,41,143.1997
PNC,42,142.3043
PNC,43,141.9930
PNC,44,144.9808
PNC,45,146.8349
PNC,46,144.5084
PNC,47,140.8255
PNC,48,138.7198
PNC,49,141.4806
PNC,50,140.5551
PNC,51,142.1259
PNC,52,141.1480
PNC,53,140.1090
PNC,54,142.3351
PNC,55,141.4340
PNC,56,135.2856
PNC,57,139.3516
PNC,58,138.4001
PNC,59,131.2762
PNC,60,128.3408
PNC,61,129.4355
PNC,62,132.3441
PNC,63,135.0863
PNC,64,136.4234
PNC,65,136.0669
PNC,66,136.1252
PNC,67,134.5825
PNC,68,135.8111
PNC,69,134.8049
PNC,70,135.2294
PNC,71,133.7962
PNC,72,134.1255
PNC,73,128.9830
PNC,74,127.9207
PNC,75,124.0588
PNC,76,123.8153
PNC,77,127.0386
PNC,78,128.9717
PNC,79,128.2828
PNC,80,128.7403
PNC,81,130.6867
PNC,82,128.1229
PNC,83,127.7500
PNC,84,128.9069
PNC,85,130.4305
PNC,86,130.7106
PNC,87,130.7857
PNC,88,132.9566
PNC,89,132.9622
PNC,90,133.4832
PNC,91,132.5077
PNC,92,137.1714
PNC,93,135.1367
PNC,94,139.4143
PNC,95,136.8627
PNC,96,137.5318
PNC,97,136.1469
PNC,98,134.8333
PNC,99,132.3395
PNC,100,135.5381
PNC,101,137.9497
PNC,102,135.3246
PNC,103,132.6547
PNC,104,134.4728
PNC,105,135.6527
PNC,106,134.9129
PNC,107,131.4502
PNC,108,130.8935
PNC,109,125.5511
PNC,110,121.0185
PNC,111,117.6222
PNC,112,119.9869
PNC,113,120.7587
PNC,114,121.8672
PNC,115,123.1505
PNC,116,123.8795
PNC,117,123.2590
PNC,118,122.1863
PNC,119,126.7665
PNC,120,127.1609
PNC,121,129.2390
PNC,122,131.6850
PNC,123,128.8629
PNC,124,131.0802
PNC,125,129.6362
PNC,126,128.1018
PNC,127,125.4515
PNC,128,125.2394
PNC,129,128.1095
PNC,130,126.8812
PNC,131,124.6928
PNC,132,125.4854
PNC,133,120.6302
PNC,134,121.5169
PNC,135,120.5593
PNC,136,124.1944
PNC,137,124.8864
PNC,138,121.1356
PNC,139,124.7218
PNC,140,126.3637
PNC,141,123.7477
PNC,142,122.9146
PNC,143,124.0094
PNC,144,124.6833
PNC,145,122.1043
PNC,146,125.2924
PNC,147,124.3793
PNC,148,120.4454
PNC,149,115.5239
PNC,150,115.6811
PNC,151,116.9770
PNC,152,118.4851
PNC,153,117.8834
PNC,154,115.8192
PNC,155,112.3395
PNC,156,113.6428
PNC,157,114.7713
PNC,158,111.0825
PNC,159,108.3744
PNC,160,106.9930
PNC,161,104.4927
PNC,162,101.5008
PNC,163,98.5278
PNC,164,98.0316
PNC,165,97.6593
PNC,166,96.8829
PNC,167,95.5873
PNC,168,93.2271
PNC,169,91.6287
PNC,170,92.9743
PNC,171,93.5422
PNC,172,94.8960
PNC,173,93.6959
PNC,174,91.9602
PNC,175,93.9517
PNC,176,94.8625
PNC,177,95.1644
PNC,178,98.2063
PNC,179,98.3073
PNC,180,97.8935
PNC,181,98.8214
PNC,182,98.1546
PNC,183,94.6999
PNC,184,92.2770
PNC,185,91.3875
PNC,186,92.6440
PNC,187,91.7280
PNC,188,91.2550
PNC,189,92.9301
PNC,190,91.7561
PNC,191,94.1154
PNC,192,93.4154
PNC,193,94.7238
PNC,194,93.0509
PNC,195,94.0909
PNC,196,96.4630
PNC,197,94.7176
PNC,198,94.3567
PNC,199,94.9025
PNC,200,96.7049
PNC,201,96.8917
PNC,202,98.1229
PNC,203,98.4974
PNC,204,100.1952
PNC,205,100.2432
PNC,206,98.5474
PNC,207,98.9211
PNC,208,101.1397
PNC,209,100.5349
PNC,210,101.3025
PNC,211,97.9781
PNC,212,99.8624
PNC,213,97.3449
PNC,214,99.1418
PNC,215,99.2679
PNC,216,100.1745
PNC,217,101.1608
PNC,218,99.3959
PNC,219,100.9742
PNC,220,102.1852
PNC,221,101.3143
PNC,222,100.8541
PNC,223,99.5109
PNC,224,99.3317
PNC,225,100.1859
PNC,226,100.3975
PNC,227,100.2346
PNC,228,98.6448
PNC,229,96.4728
PNC,230,96.3904
PNC,231,95.0648
PNC,232,95.0166
PNC,233,94.2677
PNC,234,93.7332
PNC,235,92.9743
PNC,236,94.5315
PNC,237,96.1900
PNC,238,95.1689
PNC,239,95.0390
PNC,240,94.0111
PNC,241,95.4914
PNC,242,93.5707
PNC,243,96.2681
PNC,244,96.0752
PNC,245,92.1268
PNC,246,94.1023
PNC,247,92.6915
PNC,248,92.2556
PNC,249,93.7736
PNC,250,97.5132
PNC,251,99.4438
PNC,252,100.0007
PNC,253,100.3249
PNC,254,100.1886
PNC,255,100.5773
PNC,256,102.6888
PNC,257,100.2204
PNC,258,99.3320
PNC,259,100.3701
PNC,260,102.7571
PNC,261,104.2011
PNC,262,103.8416
PNC,263,103.6077
PNC,264,104.9720
PNC,265,107.5114
PNC,266,104.5542
PNC,267,104.7391
PNC,268,105.1452
PNC,269,108.3781
PNC,270,109.1427
PNC,271,108.7703
PNC,272,109.1773
PNC,273,106.5032
PNC,274,105.7640
PNC,275,104.7387
PNC,276,103.4261
PNC,277,103.8276
PNC,278,102.7290
PNC,279,100.3987
PNC,280,101.2058
PNC,281,100.8034
PNC,282,96.9579
PNC,283,94.7537
PNC,284,93.6979
PNC,285,93.1129
PNC,286,93.3474
PNC,287,92.5131
PNC,288,92.8486
PNC,289,94.2788
PNC,290,94.0234
PNC,291,95.2735
PNC,292,96.0132
PNC,293,96.7548
PNC,294,96.4597
PNC,295,96.3606
PNC,296,97.3664
PNC,297,96.9762
PNC,298,99.9913
PNC,299,104.5910
PNC,300,104.2795
PNC,301,105.0617
PNC,302,102.0245
PNC,303,99.9461
PNC,304,100.2833
PNC,305,102.2123
PNC,306,102.3599
PNC,307,102.2696
PNC,308,102.2861
PNC,309,100.5947
PNC,310,100.3036
PNC,311,100.8005
PNC,312,102.2916
PNC,313,103.9340
PNC,314,103.2168
PNC,315,102.6769
PNC,316,101.8615
PNC,317,100.4405
PNC,318,102.4447
PNC,319,103.6913
PNC,320,101.1014
PNC,321,100.0876
PNC,322,99.2999
PNC,323,97.1839
PNC,324,100.1907
PNC,325,97.0319
PNC,326,96.4320
PNC,327,94.5268
PNC,328,93.7097
PNC,329,96.3565
PNC,330,95.1029
PNC,331,94.9769
PNC,332,98.1037
PNC,333,97.9602
PNC,334,99.9601
PNC,335,99.6970
PNC,336,97.2253
PNC,337,95.4628
PNC,338,98.4025
PNC,339,96.8652
PNC,340,95.4826
PNC,341,95.0109
PNC,342,94.3994
PNC,343,96.1498
PNC,344,95.0953
PNC,345,94.0515
PNC,346,95.6361
PNC,347,92.6143
PNC,348,92.4478
PNC,349,90.9628
PNC,350,92.0202
PNC,351,91.3194
PNC,352,92.5201
PNC,353,95.6421
PNC,354,93.5452
PNC,355,92.1141
PNC,356,93.2522
PNC,357,93.2886
PNC,358,92.8662
PNC,359,94.9337
PNC,360,95.1630
PNC,361,94.4606
PNC,362,95.0492
PNC,363,92.0509
PNC,364,92.7047
PNC,365,91.5887
PNC,366,93.3669
PNC,367,91.3468
PNC,368,91.8350
PNC,369,90.2855
PNC,370,91.0714
PNC,371,90.9425
PNC,372,90.8280
PNC,373,92.4718
PNC,374,91.8153
PNC,375,92.5195
PNC,376,91.0396
PNC,377,92.2717
PNC,378,92.8933
PNC,379,90.4614
PNC,380,92.3098
PNC,381,93.4219
PNC,382,94.5739
PNC,383,95.9316
PNC,384,95.7284
PNC,385,94.1607
PNC,386,94.8944
PNC,387,96.4001
PNC,388,96.5286
PNC,389,97.1674
PNC,390,96.5129
PNC,391,96.9807
PNC,392,94.1470
PNC,393,94.7109
PNC,394,93.7917
PNC,395,94.1648
PNC,396,92.2387
PNC,397,94.5697
PNC,398,94.6711
PNC,399,93.8164
PNC,400,95.7643
PNC,401,96.5904
PNC,402,94.2658
PNC,403,93.3134
PNC,404,90.3860
PNC,405,90.4522
PNC,406,90.8373
PNC,407,87.6014
PNC,408,88.7710
PNC,409,89.7195
PNC,410,89.5216
PNC,411,89.5137
PNC,412,92.7206
PNC,413,96.0633
PNC,414,92.7599
PNC,415,90.8087
PNC,416,89.7247
PNC,417,89.5612
PNC,418,88.9022
PNC,419,88.7222
PNC,420,89.7678
PNC,421,89.1978
PNC,422,88.4724
PNC,423,88.7936
PNC,424,89.0573
PNC,425,87.7467
PNC,426,88.3955
PNC,427,89.4816
PNC,428,89.0620
PNC,429,89.8399
PNC,430,91.1079
PNC,431,91.6911
PNC,432,95.4115
PNC,433,98.4350
PNC,434,97.2069
PNC,435,96.0837
PNC,436,97.2301
PNC,437,98.2349
PNC,438,100.8474
PNC,439,100.3054
PNC,440,101.6577
PNC,441,100.4129
PNC,442,101.8552
PNC,443,101.6403
PNC,444,99.6349
PNC,445,103.1916
PNC,446,102.8419
PNC,447,104.3008
PNC,448,105.6310
PNC,449,107.5558
PNC,450,106.1320
PNC,451,104.5783
PNC,452,105.4076
PNC,453,103.7948
PNC,454,102.1804
PNC,455,101.7101
PNC,456,103.0832
PNC,457,104.4685
PNC,458,106.8552
PNC,459,105.2227
PNC,460,106.0123
PNC,461,105.9930
PNC,462,103.7430
PNC,463,104.1912
PNC,464,104.5103
PNC,465,104.3084
PNC,466,104.9794
PNC,467,106.6660
PNC,468,105.9269
PNC,469,103.3015
PNC,470,108.4168
PNC,471,106.6937
PNC,472,107.9031
PNC,473,109.2639
PNC,474,107.8596
PNC,475,108.2166
PNC,476,107.7977
PNC,477,112.7030
PNC,478,111.7376
PNC,479,112.9906
PNC,480,109.9506
PNC,481,113.8463
PNC,482,118.0568
PNC,483,122.9184
PNC,484,128.7701
PNC,485,132.2822
PNC,486,134.2660
PNC,487,132.1021
PNC,488,134.6070
PNC,489,134.6712
PNC,490,140.0974
PNC,491,147.8028
PNC,492,152.2343
PNC,493,157.5984
PNC,494,158.2295
PNC,495,159.0378
PNC,496,154.9181
PNC,497,153.3753
PNC,498,153.5513
PNC,499,151.8248
PNC,500,150.0373
PNC,501,153.7703
PNC,502,156.6050
PNC,503,158.9091
PNC,504,153.7843
UNH,0,520.0000
UNH,1,519.8554
UNH,2,525.0327
UNH,3,520.5866
UNH,4,525.2334
UNH,5,534.7023
UNH,6,538.5435
UNH,7,533.0178
UNH,8,529.2166
UNH,9,529.1542
UNH,10,517.5734
UNH,11,524.6311
UNH,12,529.8577
UNH,13,532.8020
UNH,14,538.7706
UNH,15,535.7890
UNH,16,535.7631
UNH,17,533.3408
UNH,18,536.7185
UNH,19,546.5555
UNH,20,535.1479
UNH,21,525.0520
UNH,22,538.5820
UNH,23,541.6093
UNH,24,552.5519
UNH,25,536.8488
UNH,26,553.0455
UNH,27,552.8095
UNH,28,559.3514
UNH,29,562.9943
UNH,30,554.3856
UNH,31,555.3862
UNH,32,558.1480
UNH,33,554.0978
UNH,34,556.5137
UNH,35,550.3025
UNH,36,542.2014
UNH,37,532.4552
UNH,38,542.4810
UNH,39,543.5465
UNH,40,566.9606
UNH,41,574.9048
UNH,42,559.7383
UNH,43,559.8904
UNH,44,561.6646
UNH,45,548.1039
UNH,46,546.0122
UNH,47,540.2195
UNH,48,538.3414
UNH,49,540.8570
UNH,50,535.5163
UNH,51,537.9293
UNH,52,527.4772
UNH,53,528.7046
UNH,54,531.4683
UNH,55,535.9823
UNH,56,533.4932
UNH,57,532.2058
UNH,58,538.8625
UNH,59,539.9136
UNH,60,539.2281
UNH,61,532.0624
UNH,62,519.0729
UNH,63,537.9318
UNH,64,537.1650
UNH,65,539.0254
UNH,66,539.9900
UNH,67,534.8788
UNH,68,541.4399
UNH,69,525.4507
UNH,70,519.5145
UNH,71,532.8264
UNH,72,540.8282
UNH,73,535.4238
UNH,74,530.9560
UNH,75,521.6764
UNH,76,515.6051
UNH,77,516.6912
UNH,78,523.6131
UNH,79,526.7864
UNH,80,537.6899
UNH,81,535.8834
UNH,82,543.9029
UNH,83,549.9700
UNH,84,555.7454
UNH,85,555.7529
UNH,86,557.3735
UNH,87,559.7085
UNH,88,563.5250
UNH,89,565.1272
UNH,90,574.0269
UNH,91,571.0678
UNH,92,579.6871
UNH,93,566.6846
UNH,94,566.9539
UNH,95,569.5195
UNH,96,562.8295
UNH,97,565.0239
UNH,98,573.1184
UNH,99,567.2005
UNH,100,583.6828
UNH,101,568.8603
UNH,102,567.8834
UNH,103,577.0878
UNH,104,579.8701
UNH,105,584.4754
UNH,106,595.5799
UNH,107,590.9993
UNH,108,596.2483
UNH,109,575.8255
UNH,110,576.5432
UNH,111,569.1768
UNH,112,577.7886
UNH,113,571.9056
UNH,114,568.8930
UNH,115,581.9174
UNH,116,580.6850
UNH,117,582.1762
UNH,118,574.1715
UNH,119,590.2412
UNH,120,587.1510
UNH,121,585.2750
UNH,122,599.9856
UNH,123,582.4069
UNH,124,577.1732
UNH,125,570.6754
UNH,126,576.9025
UNH,127,572.0121
UNH,128,577.3919
UNH,129,581.2730
UNH,130,584.0541
UNH,131,577.7860
UNH,132,576.5057
UNH,133,567.8774
UNH,134,566.7078
UNH,135,572.0796
UNH,136,583.1624
UNH,137,583.9857
UNH,138,568.1708
UNH,139,581.2634
UNH,140,599.4816
UNH,141,586.2547
UNH,142,566.9851
UNH,143,567.4028
UNH,144,569.9932
UNH,145,567.9293
UNH,146,573.2852
UNH,147,550.9551
UNH,148,549.9033
UNH,149,550.5267
UNH,150,554.6483
UNH,151,559.5422
UNH,152,561.8481
UNH,153,552.7469
UNH,154,546.5320
UNH,155,531.5378
UNH,156,546.6484
UNH,157,553.0884
UNH,158,548.9248
UNH,159,550.7127
UNH,160,550.9291
UNH,161,537.8984
UNH,162,536.1296
UNH,163,518.1687
UNH,164,514.4116
UNH,165,516.1648
UNH,166,517.4972
UNH,167,525.0498
UNH,168,519.9839
UNH,169,519.5932
UNH,170,522.0888
UNH,171,528.5285
UNH,172,538.2768
UNH,173,539.8257
UNH,174,535.1196
UNH,175,554.6095
UNH,176,560.3147
UNH,177,566.1887
UNH,178,591.8140
UNH,179,594.7890
UNH,180,593.5145
UNH,181,585.8349
UNH,182,582.5000
UNH,183,574.0415
UNH,184,571.7824
UNH,185,587.7416
UNH,186,578.6270
UNH,187,578.9800
UNH,188,578.5413
UNH,189,568.4675
UNH,190,562.2074
UNH,191,569.6812
UNH,192,570.7701
UNH,193,584.2892
UNH,194,580.8602
UNH,195,584.9108
UNH,196,581.9572
UNH,197,590.0490
UNH,198,589.5016
UNH,199,580.5666
UNH,200,568.1186
UNH,201,563.7728
UNH,202,559.6977
UNH,203,555.1306
UNH,204,549.9079
UNH,205,557.4475
UNH,206,546.2220
UNH,207,554.2961
UNH,208,567.0365
UNH,209,565.1442
UNH,210,559.5767
UNH,211,552.1471
UNH,212,564.9946
UNH,213,559.8992
UNH,214,564.5546
UNH,215,563.0336
UNH,216,563.2039
UNH,217,557.0785
UNH,218,555.0896
UNH,219,559.7054
UNH,220,558.2915
UNH,221,546.3059
UNH,222,552.5373
UNH,223,536.2097
UNH,224,536.7931
UNH,225,543.4429
UNH,226,549.2206
UNH,227,557.1692
UNH,228,550.5242
UNH,229,555.8311
UNH,230,562.1457
UNH,231,549.0516
UNH,232,554.3559
UNH,233,551.8174
UNH,234,547.7112
UNH,235,558.4771
UNH,236,553.4436
UNH,237,572.4389
UNH,238,567.7891
UNH,239,569.6339
UNH,240,561.3289
UNH,241,564.0115
UNH,242,566.5372
UNH,243,575.0628
UNH,244,570.1129
UNH,245,572.2507
UNH,246,591.4328
UNH,247,576.7659
UNH,248,572.5303
UNH,249,570.2574
UNH,250,573.9684
UNH,251,584.0766
UNH,252,569.3386
UNH,253,582.9757
UNH,254,592.9728
UNH,255,604.5793
UNH,256,611.7120
UNH,257,613.5051
UNH,258,599.7568
UNH,259,615.3809
UNH,260,613.2243
UNH,261,621.7451
UNH,262,614.0944
UNH,263,611.6317
UNH,264,621.1763
UNH,265,633.4446
UNH,266,613.7414
UNH,267,613.8345
UNH,268,617.8986
UNH,269,632.8117
UNH,270,642.9822
UNH,271,644.8160
UNH,272,649.3653
UNH,273,645.0603
UNH,274,625.7603
UNH,275,621.6789
UNH,276,639.9588
UNH,277,657.6935
UNH,278,662.5476
UNH,279,657.3718
UNH,280,659.0204
UNH,281,649.7455
UNH,282,644.9900
UNH,283,631.5066
UNH,284,625.6886
UNH,285,617.7623
UNH,286,617.8340
UNH,287,621.4479
UNH,288,645.2109
UNH,289,632.9767
UNH,290,633.5664
UNH,291,630.2177
UNH,292,616.8120
UNH,293,603.8450
UNH,294,609.7424
UNH,295,609.2301
UNH,296,620.0216
UNH,297,629.1504
UNH,298,646.8777
UNH,299,674.5217
UNH,300,674.7919
UNH,301,672.4459
UNH,302,666.9332
UNH,303,675.8641
UNH,304,652.4497
UNH,305,646.2316
UNH,306,654.3178
UNH,307,645.6875
UNH,308,627.9655
UNH,309,626.1887
UNH,310,642.2996
UNH,311,645.5746
UNH,312,655.4558
UNH,313,653.7587
UNH,314,641.1228
UNH,315,633.5087
UNH,316,623.7842
UNH,317,613.5691
UNH,318,619.2616
UNH,319,634.1641
UNH,320,641.0745
UNH,321,636.0306
UNH,322,636.9853
UNH,323,630.6535
UNH,324,616.9716
UNH,325,589.7348
UNH,326,592.6274
UNH,327,591.1101
UNH,328,608.5434
UNH,329,609.1926
UNH,330,612.8381
UNH,331,612.3962
UNH,332,612.2218
UNH,333,612.9919
UNH,334,610.3095
UNH,335,613.1540
UNH,336,607.5890
UNH,337,620.7936
UNH,338,624.4375
UNH,339,646.1718
UNH,340,645.0138
UNH,341,646.9037
UNH,342,656.2954
UNH,343,640.3320
UNH,344,647.6558
UNH,345,649.6317
UNH,346,652.6014
UNH,347,643.1628
UNH,348,646.0318
UNH,349,633.7681
UNH,350,613.6434
UNH,351,613.2370
UNH,352,612.6544
UNH,353,612.9000
UNH,354,606.1959
UNH,355,603.9530
UNH,356,609.5771
UNH,357,608.9422
UNH,358,620.1133
UNH,359,622.0343
UNH,360,635.8973
UNH,361,637.5291
UNH,362,642.8951
UNH,363,629.5573
UNH,364,627.8724
UNH,365,621.0413
UNH,366,616.9838
UNH,367,614.2190
UNH,368,599.2796
UNH,369,601.1969
UNH,370,616.9616
UNH,371,610.0910
UNH,372,602.8870
UNH,373,598.8645
UNH,374,594.4739
UNH,375,604.7024
UNH,376,598.3775
UNH,377,599.5485
UNH,378,607.6268
UNH,379,585.0883
UNH,380,580.0551
UNH,381,587.5121
UNH,382,589.3812
UNH,383,607.3309
UNH,384,610.6186
UNH,385,597.0351
UNH,386,596.8029
UNH,387,600.2712
UNH,388,607.3916
UNH,389,585.2571
UNH,390,587.0808
UNH,391,597.1371
UNH,392,590.9787
UNH,393,606.8130
UNH,394,615.0753
UNH,395,607.7385
UNH,396,599.7713
UNH,397,598.1368
UNH,398,606.5611
UNH,399,598.5140
UNH,400,606.8436
UNH,401,615.2167
UNH,402,613.3732
UNH,403,603.9357
UNH,404,611.4250
UNH,405,611.5751
UNH,406,610.8588
UNH,407,600.5348
UNH,408,601.6176
UNH,409,609.9907
UNH,410,610.4329
UNH,411,607.4830
UNH,412,611.3617
UNH,413,617.4809
UNH,414,610.9664
UNH,415,597.9326
UNH,416,595.5791
UNH,417,586.0570
UNH,418,582.2521
UNH,419,585.9323
UNH,420,586.7933
UNH,421,573.2048
UNH,422,579.0312
UNH,423,579.7074
UNH,424,573.0844
UNH,425,580.3924
UNH,426,573.3552
UNH,427,567.1374
UNH,428,571.1615
UNH,429,580.4206
UNH,430,581.8261
UNH,431,577.7852
UNH,432,583.2995
UNH,433,572.3916
UNH,434,574.9567
UNH,435,589.2222
UNH,436,583.1082
UNH,437,577.4964
UNH,438,586.1549
UNH,439,595.5757
UNH,440,598.6053
UNH,441,592.1493
UNH,442,599.2395
UNH,443,606.0903
UNH,444,612.8013
UNH,445,624.6349
UNH,446,612.8491
UNH,447,621.2035
UNH,448,616.5673
UNH,449,615.2215
UNH,450,612.7728
UNH,451,609.7223
UNH,452,620.0274
UNH,453,623.2671
UNH,454,626.3708
UNH,455,630.3582
UNH,456,630.8871
UNH,457,631.5346
UNH,458,652.4508
UNH,459,644.5155
UNH,460,656.3822
UNH,461,660.5148
UNH,462,664.8559
UNH,463,658.4233
UNH,464,661.1249
UNH,465,668.9128
UNH,466,672.9323
UNH,467,681.5088
UNH,468,673.7913
UNH,469,657.5145
UNH,470,666.0455
UNH,471,668.7346
UNH,472,679.4767
UNH,473,674.9160
UNH,474,678.6932
UNH,475,679.6641
UNH,476,675.6988
UNH,477,673.6250
UNH,478,662.0000
UNH,479,644.0836
UNH,480,623.4794
UNH,481,633.1881
UNH,482,645.3857
UNH,483,648.5272
UNH,484,640.8092
UNH,485,646.0527
UNH,486,647.1726
UNH,487,647.2359
UNH,488,672.7357
UNH,489,704.2830
UNH,490,710.4995
UNH,491,727.7245
UNH,492,738.0967
UNH,493,725.7826
UNH,494,730.9519
UNH,495,720.9210
UNH,496,723.8978
UNH,497,714.3684
UNH,498,724.4330
UNH,499,713.8165
UNH,500,712.7396
UNH,501,722.0502
UNH,502,736.2878
UNH,503,738.2909
UNH,504,724.8251
LLY,0,780.0000
LLY,1,784.2554
LLY,2,808.0611
LLY,3,825.8160
LLY,4,831.6175
LLY,5,842.4316
LLY,6,839.4290
LLY,7,826.0288
LLY,8,793.9034
LLY,9,759.2130
LLY,10,752.3467
LLY,11,756.3995
LLY,12,755.1277
LLY,13,744.0006
LLY,14,757.0389
LLY,15,741.9650
LLY,16,744.5332
LLY,17,754.4435
LLY,18,744.4335
LLY,19,773.7338
LLY,20,754.7374
LLY,21,764.6431
LLY,22,787.8112
LLY,23,799.7260
LLY,24,817.6348
LLY,25,791.8424
LLY,26,812.8192
LLY,27,805.8330
LLY,28,824.0007
LLY,29,832.5020
LLY,30,812.8306
LLY,31,803.3042
LLY,32,804.1627
LLY,33,775.7645
LLY,34,775.0464
LLY,35,745.6512
LLY,36,740.4308
LLY,37,751.8114
LLY,38,793.3084
LLY,39,781.0704
LLY,40,806.5525
LLY,41,795.3794
LLY,42,764.4145
LLY,43,741.5309
LLY,44,731.9268
LLY,45,736.8078
LLY,46,728.9269
LLY,47,714.9397
LLY,48,705.5644
LLY,49,693.6367
LLY,50,672.7016
LLY,51,665.1237
LLY,52,653.8732
LLY,53,649.6896
LLY,54,636.1974
LLY,55,648.7583
LLY,56,639.1968
LLY,57,630.7177
LLY,58,640.0054
LLY,59,614.8946
LLY,60,599.1257
LLY,61,585.6600
LLY,62,560.2888
LLY,63,560.2052
LLY,64,568.8703
LLY,65,560.9145
LLY,66,571.0092
LLY,67,567.0255
LLY,68,563.8006
LLY,69,556.7920
LLY,70,555.6879
LLY,71,575.8542
LLY,72,568.0791
LLY,73,548.7133
LLY,74,548.0106
LLY,75,530.3624
LLY,76,522.9305
LLY,77,546.2609
LLY,78,557.3927
LLY,79,554.3179
LLY,80,551.2210
LLY,81,549.4992
LLY,82,560.1236
LLY,83,544.5078
LLY,84,550.2601
LLY,85,542.4353
LLY,86,531.4638
LLY,87,525.9184
LLY,88,529.1755
LLY,89,540.1227
LLY,90,543.3938
LLY,91,536.8045
LLY,92,545.2757
LLY,93,549.5148
LLY,94,556.5344
LLY,95,566.0520
LLY,96,586.4860
LLY,97,582.9034
LLY,98,574.2053
LLY,99,563.7668
LLY,100,566.5356
LLY,101,557.3378
LLY,102,531.5764
LLY,103,527.3673
LLY,104,535.6756
LLY,105,531.6479
LLY,106,561.7808
LLY,107,544.8842
LLY,108,527.1259
LLY,109,523.1167
LLY,110,522.8101
LLY,111,523.8023
LLY,112,538.9592
LLY,113,534.2685
LLY,114,547.9280
LLY,115,565.4679
LLY,116,566.6319
LLY,117,571.4095
LLY,118,551.4825
LLY,119,561.2569
LLY,120,571.7114
LLY,121,556.8187
LLY,122,571.6079
LLY,123,559.9023
LLY,124,570.8323
LLY,125,581.9109
LLY,126,577.8319
LLY,127,568.1285
LLY,128,560.9188
LLY,129,544.5025
LLY,130,557.9037
LLY,131,562.0868
LLY,132,554.4615
LLY,133,538.2433
LLY,134,539.7471
LLY,135,546.7963
LLY,136,562.1297
LLY,137,551.1200
LLY,138,546.2728
LLY,139,547.9739
LLY,140,569.7606
LLY,141,574.9559
LLY,142,570.5175
LLY,143,553.5811
LLY,144,533.6576
LLY,145,542.8798
LLY,146,533.8648
LLY,147,532.7442
LLY,148,542.6315
LLY,149,531.1954
LLY,150,539.0733
LLY,151,543.2355
LLY,152,537.8657
LLY,153,531.3714
LLY,154,538.0645
LLY,155,540.3454
LLY,156,564.5577
LLY,157,560.6141
LLY,158,538.9676
LLY,159,530.2715
LLY,160,521.2424
LLY,161,509.0415
LLY,162,513.4732
LLY,163,513.2231
LLY,164,518.1708
LLY,165,519.0581
LLY,166,530.3532
LLY,167,541.1848
LLY,168,527.0841
LLY,169,512.1929
LLY,170,525.2672
LLY,171,543.3459
LLY,172,542.1851
LLY,173,535.7408
LLY,174,538.4822
LLY,175,539.5474
LLY,176,541.3606
LLY,177,541.6218
LLY,178,555.2027
LLY,179,564.8859
LLY,180,568.4104
LLY,181,569.6443
LLY,182,553.9942
LLY,183,558.7808
LLY,184,563.7336
LLY,185,580.0601
LLY,186,582.8911
LLY,187,577.0153
LLY,188,560.4208
LLY,189,551.0793
LLY,190,538.7333
LLY,191,533.1017
LLY,192,533.1155
LLY,193,545.2412
LLY,194,548.4882
LLY,195,534.8365
LLY,196,541.4540
LLY,197,538.9327
LLY,198,542.5010
LLY,199,544.6014
LLY,200,551.4468
LLY,201,545.9166
LLY,202,530.4247
LLY,203,520.0090
LLY,204,524.0759
LLY,205,527.8481
LLY,206,516.2282
LLY,207,522.3131
LLY,208,532.6031
LLY,209,527.3001
LLY,210,556.5335
LLY,211,552.7790
LLY,212,560.3972
LLY,213,558.0610
LLY,214,560.4666
LLY,215,560.7510
LLY,216,557.7093
LLY,217,570.6802
LLY,218,571.6713
LLY,219,581.8921
LLY,220,577.8311
LLY,221,572.3903
LLY,222,592.1022
LLY,223,580.2056
LLY,224,573.6544
LLY,225,569.3596
LLY,226,593.2048
LLY,227,583.6055
LLY,228,581.0525
LLY,229,574.5448
LLY,230,555.7906
LLY,231,530.6085
LLY,232,535.6121
LLY,233,535.1980
LLY,234,525.0489
LLY,235,525.7427
LLY,236,524.1126
LLY,237,545.9014
LLY,238,545.0941
LLY,239,535.1065
LLY,240,513.4856
LLY,241,507.5165
LLY,242,505.2774
LLY,243,509.4054
LLY,244,517.9777
LLY,245,522.8225
LLY,246,540.6072
LLY,247,527.9967
LLY,248,532.9925
LLY,249,530.0964
LLY,250,532.4385
LLY,251,535.3015
LLY,252,519.2353
LLY,253,515.6725
LLY,254,538.0278
LLY,255,539.5583
LLY,256,552.5060
LLY,257,541.2909
LLY,258,531.5569
LLY,259,532.9899
LLY,260,540.5693
LLY,261,555.6748
LLY,262,570.6178
LLY,263,567.8729
LLY,264,564.7709
LLY,265,572.1780
LLY,266,553.9562
LLY,267,556.5732
LLY,268,562.3025
LLY,269,568.3277
LLY,270,560.1786
LLY,271,558.5358
LLY,272,564.6749
LLY,273,561.0698
LLY,274,565.5389
LLY,275,568.7030
LLY,276,577.1204
LLY,277,598.2396
LLY,278,591.3443
LLY,279,603.6426
LLY,280,596.1431
LLY,281,585.5389
LLY,282,590.1477
LLY,283,589.9243
LLY,284,586.0608
LLY,285,590.7175
LLY,286,602.6635
LLY,287,599.9386
LLY,288,619.7851
LLY,289,624.6487
LLY,290,619.9978
LLY,291,628.9285
LLY,292,622.5424
LLY,293,643.6513
LLY,294,650.2771
LLY,295,666.7835
LLY,296,670.3751
LLY,297,684.0008
LLY,298,688.2846
LLY,299,687.0834
LLY,300,703.9190
LLY,301,706.7082
LLY,302,700.1323
LLY,303,701.8094
LLY,304,693.4178
LLY,305,703.7874
LLY,306,711.9320
LLY,307,723.5278
LLY,308,730.2285
LLY,309,704.1808
LLY,310,701.2066
LLY,311,713.2409
LLY,312,737.2566
LLY,313,731.1108
LLY,314,712.4977
LLY,315,713.2973
LLY,316,722.9330
LLY,317,709.3757
LLY,318,708.1295
LLY,319,719.8973
LLY,320,717.5466
LLY,321,695.9677
LLY,322,696.1186
LLY,323,678.0661
LLY,324,668.4202
LLY,325,647.7118
LLY,326,639.2349
LLY,327,634.3097
LLY,328,628.7424
LLY,329,643.6403
LLY,330,633.2152
LLY,331,629.4415
LLY,332,639.7009
LLY,333,615.2012
LLY,334,604.8067
LLY,335,601.3645
LLY,336,586.4825
LLY,337,590.1931
LLY,338,580.9635
LLY,339,577.5690
LLY,340,575.3906
LLY,341,558.7476
LLY,342,555.6493
LLY,343,546.4857
LLY,344,547.2249
LLY,345,552.6551
LLY,346,567.0721
LLY,347,554.3577
LLY,348,555.3250
LLY,349,544.3426
LLY,350,534.0641
LLY,351,541.1858
LLY,352,540.9274
LLY,353,553.3080
LLY,354,546.2921
LLY,355,537.1089
LLY,356,540.0215
LLY,357,529.8161
LLY,358,539.6719
LLY,359,538.5248
LLY,360,541.8899
LLY,361,549.3079
LLY,362,551.8993
LLY,363,544.9149
LLY,364,554.6288
LLY,365,555.1425
LLY,366,552.5561
LLY,367,547.6546
LLY,368,540.9533
LLY,369,545.1083
LLY,370,541.5570
LLY,371,535.5941
LLY,372,532.4551
LLY,373,523.3349
LLY,374,530.3539
LLY,375,536.2621
LLY,376,536.2968
LLY,377,535.9504
LLY,378,552.2860
LLY,379,533.5302
LLY,380,547.2758
LLY,381,555.6025
LLY,382,572.0069
LLY,383,573.6846
LLY,384,570.8964
LLY,385,565.3867
LLY,386,567.7597
LLY,387,579.2270
LLY,388,579.6346
LLY,389,570.5206
LLY,390,578.9595
LLY,391,576.1508
LLY,392,565.3741
LLY,393,573.9029
LLY,394,572.5874
LLY,395,561.5079
LLY,396,562.4679
LLY,397,559.0135
LLY,398,560.4873
LLY,399,550.7107
LLY,400,558.5548
LLY,401,559.9648
LLY,402,554.8850
LLY,403,536.0130
LLY,404,535.9927
LLY,405,526.3710
LLY,406,527.9926
LLY,407,509.5411
LLY,408,502.3497
LLY,409,497.1306
LLY,410,490.4648
LLY,411,486.7715
LLY,412,496.0610
LLY,413,508.4751
LLY,414,506.6181
LLY,415,506.2790
LLY,416,517.7930
LLY,417,520.9338
LLY,418,518.5033
LLY,419,521.5210
LLY,420,511.2051
LLY,421,496.3518
LLY,422,504.7693
LLY,423,509.5960
LLY,424,517.5192
LLY,425,508.2498
LLY,426,498.1779
LLY,427,489.2728
LLY,428,487.2484
LLY,429,494.0777
LLY,430,487.7785
LLY,431,493.4032
LLY,432,499.9165
LLY,433,512.5322
LLY,434,515.4241
LLY,435,526.6292
LLY,436,527.9926
LLY,437,531.7900
LLY,438,545.0187
LLY,439,527.1205
LLY,440,536.6684
LLY,441,531.1371
LLY,442,535.1712
LLY,443,541.7778
LLY,444,536.8050
LLY,445,550.2636
LLY,446,537.8932
LLY,447,555.7029
LLY,448,554.2708
LLY,449,557.0538
LLY,450,556.2564
LLY,451,555.7059
LLY,452,569.7754
LLY,453,567.8269
LLY,454,545.7538
LLY,455,560.9569
LLY,456,566.4383
LLY,457,568.0774
LLY,458,592.7749
LLY,459,561.8635
LLY,460,562.2911
LLY,461,561.1255
LLY,462,544.5516
LLY,463,533.0263
LLY,464,525.3183
LLY,465,524.0931
LLY,466,524.4150
LLY,467,536.7324
LLY,468,528.8523
LLY,469,515.0811
LLY,470,520.5914
LLY,471,504.4872
LLY,472,503.7909
LLY,473,504.1109
LLY,474,492.2196
LLY,475,486.9788
LLY,476,496.2020
LLY,477,499.3647
LLY,478,481.4968
LLY,479,473.9646
LLY,480,464.3390
LLY,481,483.2294
LLY,482,497.3901
LLY,483,509.5124
LLY,484,509.3771
LLY,485,495.0251
LLY,486,500.5419
LLY,487,496.4723
LLY,488,516.8137
LLY,489,520.1717
LLY,490,521.5035
LLY,491,513.9441
LLY,492,535.1665
LLY,493,548.1942
LLY,494,552.4748
LLY,495,531.2808
LLY,496,531.0584
LLY,497,524.5640
LLY,498,534.2592
LLY,499,519.5523
LLY,500,513.6122
LLY,501,515.0194
LLY,502,487.7011
LLY,503,489.6820
LLY,504,474.7214
PFE,0,28.0000
PFE,1,28.1812
PFE,2,28.0161
PFE,3,27.8588
PFE,4,27.9653
PFE,5,28.0562
PFE,6,27.5063
PFE,7,27.0604
PFE,8,26.3412
PFE,9,25.8699
PFE,10,25.9533
PFE,11,25.5417
PFE,12,25.4235
PFE,13,25.7358
PFE,14,26.2787
PFE,15,26.2656
PFE,16,26.0688
PFE,17,25.9060
PFE,18,25.8567
PFE,19,26.5265
PFE,20,25.9785
PFE,21,25.0769
PFE,22,25.5937
PFE,23,26.0512
PFE,24,25.9741
PFE,25,25.8498
PFE,26,26.2093
PFE,27,26.1564
PFE,28,27.0227
PFE,29,27.4179
PFE,30,27.2696
PFE,31,27.0345
PFE,32,26.6825
PFE,33,25.8437
PFE,34,26.0948
PFE,35,25.6437
PFE,36,25.8799
PFE,37,25.3397
PFE,38,25.8825
PFE,39,26.2136
PFE,40,26.2544
PFE,41,26.1457
PFE,42,25.7541
PFE,43,25.3428
PFE,44,25.4409
PFE,45,25.4094
PFE,46,25.3683
PFE,47,24.6316
PFE,48,24.4218
PFE,49,24.1867
PFE,50,23.6092
PFE,51,23.7374
PFE,52,23.5911
PFE,53,23.1620
PFE,54,23.2575
PFE,55,24.0417
PFE,56,23.7528
PFE,57,23.5006
PFE,58,23.9529
PFE,59,24.0679
PFE,60,23.5499
PFE,61,22.9594
PFE,62,22.7491
PFE,63,22.9010
PFE,64,22.9193
PFE,65,23.0756
PFE,66,23.5460
PFE,67,23.2985
PFE,68,23.6142
PFE,69,23.2188
PFE,70,23.1081
PFE,71,23.9255
PFE,72,24.1134
PFE,73,23.7570
PFE,74,23.0034
PFE,75,21.8988
PFE,76,21.7276
PFE,77,22.0646
PFE,78,22.6375
PFE,79,22.4962
PFE,80,22.5279
PFE,81,22.3698
PFE,82,22.4004
PFE,83,22.2101
PFE,84,22.2834
PFE,85,21.9274
PFE,86,21.7666
PFE,87,21.7828
PFE,88,21.9623
PFE,89,22.0137
PFE,90,22.2262
PFE,91,22.3830
PFE,92,22.8881
PFE,93,22.8078
PFE,94,22.8142
PFE,95,23.2583
PFE,96,23.6497
PFE,97,23.2248
PFE,98,22.8927
PFE,99,22.4789
PFE,100,22.8576
PFE,101,22.7148
PFE,102,22.5349
PFE,103,22.4774
PFE,104,22.7255
PFE,105,22.8926
PFE,106,23.5259
PFE,107,23.4985
PFE,108,23.7600
PFE,109,22.9626
PFE,110,23.0001
PFE,111,23.2308
PFE,112,23.5417
PFE,113,23.2025
PFE,114,22.7021
PFE,115,23.6298
PFE,116,23.2119
PFE,117,23.4058
PFE,118,22.7906
PFE,119,22.9546
PFE,120,23.0358
PFE,121,22.8481
PFE,122,23.3154
PFE,123,23.3026
PFE,124,23.3356
PFE,125,23.1936
PFE,126,23.3163
PFE,127,24.3789
PFE,128,24.3414
PFE,129,24.1564
PFE,130,23.8480
PFE,131,23.7144
PFE,132,23.7783
PFE,133,23.3645
PFE,134,23.1535
PFE,135,23.5226
PFE,136,23.6031
PFE,137,23.7876
PFE,138,23.4141
PFE,139,23.8036
PFE,140,24.4952
PFE,141,24.3189
PFE,142,23.6755
PFE,143,22.9663
PFE,144,23.0996
PFE,145,22.9703
PFE,146,22.7450
PFE,147,21.9899
PFE,148,21.9062
PFE,149,21.3437
PFE,150,21.5211
PFE,151,21.0692
PFE,152,20.5493
PFE,153,20.7275
PFE,154,20.7528
PFE,155,20.3903
PFE,156,21.3689
PFE,157,21.4222
PFE,158,20.9879
PFE,159,21.2981
PFE,160,21.1634
PFE,161,21.1876
PFE,162,21.6378
PFE,163,21.5091
PFE,164,21.6227
PFE,165,21.8019
PFE,166,21.8832
PFE,167,22.3873
PFE,168,22.0689
PFE,169,22.0906
PFE,170,22.6482
PFE,171,22.7233
PFE,172,22.7351
PFE,173,21.9982
PFE,174,21.4219
PFE,175,21.7930
PFE,176,21.9569
PFE,177,21.9716
PFE,178,22.2389
PFE,179,22.6317
PFE,180,22.2229
PFE,181,22.3806
PFE,182,22.3280
PFE,183,21.9982
PFE,184,22.4246
PFE,185,23.0829
PFE,186,23.0374
PFE,187,22.0652
PFE,188,21.9577
PFE,189,21.4886
PFE,190,21.6078
PFE,191,22.3011
PFE,192,22.0881
PFE,193,22.5988
PFE,194,22.2801
PFE,195,22.3139
PFE,196,22.4727
PFE,197,22.4317
PFE,198,22.6600
PFE,199,22.2978
PFE,200,22.1877
PFE,201,22.2240
PFE,202,21.9722
PFE,203,21.7670
PFE,204,21.9631
PFE,205,22.1073
PFE,206,21.4047
PFE,207,21.4461
PFE,208,21.7207
PFE,209,21.9379
PFE,210,21.4570
PFE,211,21.2456
PFE,212,21.4410
PFE,213,21.2598
PFE,214,21.1779
PFE,215,21.0985
PFE,216,20.7047
PFE,217,20.6197
PFE,218,20.4355
PFE,219,20.3543
PFE,220,20.5722
PFE,221,20.4542
PFE,222,20.8511
PFE,223,20.7417
PFE,224,20.8511
PFE,225,20.6761
PFE,226,20.7771
PFE,227,20.8415
PFE,228,21.0059
PFE,229,21.1830
PFE,230,21.0865
PFE,231,20.5295
PFE,232,20.7780
PFE,233,20.8989
PFE,234,20.2678
PFE,235,20.0838
PFE,236,19.8354
PFE,237,19.8933
PFE,238,20.0756
PFE,239,20.2277
PFE,240,20.0949
PFE,241,19.8279
PFE,242,19.8938
PFE,243,20.3053
PFE,244,20.3888
PFE,245,20.5013
PFE,246,20.6369
PFE,247,20.2552
PFE,248,20.4407
PFE,249,20.5003
PFE,250,20.9316
PFE,251,21.3374
PFE,252,20.9485
PFE,253,20.5434
PFE,254,20.8192
PFE,255,21.0176
PFE,256,21.5347
PFE,257,21.1491
PFE,258,20.6945
PFE,259,20.6905
PFE,260,20.5981
PFE,261,21.1970
PFE,262,21.1729
PFE,263,21.0834
PFE,264,21.1723
PFE,265,21.4762
PFE,266,20.9636
PFE,267,21.1665
PFE,268,21.2348
PFE,269,21.8653
PFE,270,21.9477
PFE,271,21.7540
PFE,272,21.0917
PFE,273,21.1625
PFE,274,21.0285
PFE,275,20.7788
PFE,276,20.9656
PFE,277,21.3900
PFE,278,21.7377
PFE,279,21.6179
PFE,280,21.7488
PFE,281,21.5847
PFE,282,20.9835
PFE,283,21.2895
PFE,284,20.9837
PFE,285,20.6074
PFE,286,21.0673
PFE,287,20.8447
PFE,288,21.6013
PFE,289,21.4030
PFE,290,21.0942
PFE,291,21.4789
PFE,292,21.5555
PFE,293,21.8755
PFE,294,21.5836
PFE,295,21.8023
PFE,296,21.8300
PFE,297,22.4227
PFE,298,22.9236
PFE,299,23.1204
PFE,300,23.0985
PFE,301,23.1575
PFE,302,22.8618
PFE,303,23.1622
PFE,304,22.3498
PFE,305,22.6474
PFE,306,22.8151
PFE,307,23.0063
PFE,308,22.8831
PFE,309,22.8392
PFE,310,23.0568
PFE,311,23.2586
PFE,312,23.9437
PFE,313,23.6406
PFE,314,23.3841
PFE,315,22.8375
PFE,316,22.4351
PFE,317,22.0013
PFE,318,22.1102
PFE,319,22.5828
PFE,320,22.2269
PFE,321,22.3776
PFE,322,22.3902
PFE,323,21.3582
PFE,324,21.0294
PFE,325,20.3478
PFE,326,20.4198
PFE,327,20.5214
PFE,328,20.4839
PFE,329,20.5295
PFE,330,20.9310
PFE,331,21.3656
PFE,332,21.5624
PFE,333,21.6875
PFE,334,21.8873
PFE,335,21.8004
PFE,336,21.5471
PFE,337,21.4771
PFE,338,21.2496
PFE,339,21.6073
PFE,340,21.5217
PFE,341,21.4511
PFE,342,21.5161
PFE,343,21.2877
PFE,344,21.7765
PFE,345,21.9749
PFE,346,21.8940
PFE,347,21.8652
PFE,348,21.6652
PFE,349,21.2414
PFE,350,20.8728
PFE,351,21.3683
PFE,352,21.3766
PFE,353,21.9430
PFE,354,22.0864
PFE,355,22.0723
PFE,356,22.3697
PFE,357,21.8915
PFE,358,21.7746
PFE,359,22.1007
PFE,360,22.3450
PFE,361,22.0661
PFE,362,22.1163
PFE,363,22.1699
PFE,364,22.3513
PFE,365,21.9022
PFE,366,21.6883
PFE,367,21.7323
PFE,368,21.8319
PFE,369,21.9461
PFE,370,21.9911
PFE,371,21.8553
PFE,372,21.4787
PFE,373,21.3356
PFE,374,21.4586
PFE,375,21.8519
PFE,376,21.3161
PFE,377,21.4669
PFE,378,21.4349
PFE,379,20.8438
PFE,380,20.9543
PFE,381,20.5920
PFE,382,20.7148
PFE,383,20.9552
PFE,384,20.7418
PFE,385,20.5218
PFE,386,20.8650
PFE,387,20.4307
PFE,388,20.8064
PFE,389,20.6998
PFE,390,20.6389
PFE,391,20.9314
PFE,392,21.2612
PFE,393,21.7838
PFE,394,21.6312
PFE,395,21.7025
PFE,396,21.6059
PFE,397,21.4283
PFE,398,21.6902
PFE,399,21.5990
PFE,400,21.7100
PFE,401,21.7193
PFE,402,21.6406
PFE,403,21.5913
PFE,404,21.6995
PFE,405,21.6160
PFE,406,21.8107
PFE,407,21.5884
PFE,408,21.2782
PFE,409,21.4533
PFE,410,21.6316
PFE,411,21.8349
PFE,412,21.9916
PFE,413,22.2864
PFE,414,22.7005
PFE,415,22.0665
PFE,416,22.0426
PFE,417,21.6388
PFE,418,21.5182
PFE,419,21.8273
PFE,420,22.3374
PFE,421,21.3730
PFE,422,21.6501
PFE,423,22.0074
PFE,424,21.8629
PFE,425,22.0350
PFE,426,22.3289
PFE,427,22.2041
PFE,428,22.1163
PFE,429,22.4122
PFE,430,22.5609
PFE,431,22.7667
PFE,432,23.3683
PFE,433,22.9055
PFE,434,22.6462
PFE,435,22.6506
PFE,436,23.2249
PFE,437,23.0476
PFE,438,23.2947
PFE,439,22.9852
PFE,440,23.3847
PFE,441,23.0395
PFE,442,23.3903
PFE,443,23.1977
PFE,444,23.3511
PFE,445,23.4868
PFE,446,23.0580
PFE,447,23.3427
PFE,448,23.6536
PFE,449,23.1737
PFE,450,23.2268
PFE,451,22.7643
PFE,452,22.8536
PFE,453,22.8996
PFE,454,23.1560
PFE,455,23.3862
PFE,456,23.0912
PFE,457,23.1915
PFE,458,23.3293
PFE,459,22.9739
PFE,460,23.2716
PFE,461,23.3036
PFE,462,23.2147
PFE,463,22.9991
PFE,464,22.7074
PFE,465,22.8531
PFE,466,23.4035
PFE,467,23.4948
PFE,468,23.4591
PFE,469,23.3386
PFE,470,23.7047
PFE,471,23.7710
PFE,472,23.8883
PFE,473,24.0233
PFE,474,23.6489
PFE,475,23.6898
PFE,476,24.2055
PFE,477,24.1440
PFE,478,23.3217
PFE,479,23.1446
PFE,480,22.8213
PFE,481,23.7137
PFE,482,23.9007
PFE,483,24.3967
PFE,484,24.7876
PFE,485,24.7615
PFE,486,24.8540
PFE,487,25.0983
PFE,488,25.9878
PFE,489,26.5635
PFE,490,26.9798
PFE,491,27.3697
PFE,492,28.6341
PFE,493,29.1609
PFE,494,29.5293
PFE,495,28.8935
PFE,496,28.8265
PFE,497,28.3114
PFE,498,28.1045
PFE,499,27.7022
PFE,500,27.6528
PFE,501,27.2367
PFE,502,27.2218
PFE,503,27.1044
PFE,504,27.1690
MRK,0,110.0000
MRK,1,109.3275
MRK,2,110.0009
MRK,3,110.2466
MRK,4,108.8176
MRK,5,112.2028
MRK,6,113.2119
MRK,7,113.5170
MRK,8,113.2400
MRK,9,112.0142
MRK,10,111.8787
MRK,11,111.1400
MRK,12,110.7902
MRK,13,110.1977
MRK,14,111.7464
MRK,15,111.0140
MRK,16,111.5803
MRK,17,108.4779
MRK,18,108.8544
MRK,19,111.2478
MRK,20,108.3594
MRK,21,106.9610
MRK,22,107.3754
MRK,23,109.2105
MRK,24,110.2753
MRK,25,108.5784
MRK,26,109.0154
MRK,27,110.4566
MRK,28,110.6385
MRK,29,112.2794
MRK,30,113.5169
MRK,31,112.1370
MRK,32,114.3021
MRK,33,114.1221
MRK,34,114.4203
MRK,35,112.8655
MRK,36,110.2791
MRK,37,111.1339
MRK,38,112.9911
MRK,39,111.2180
MRK,40,111.8038
MRK,41,111.8725
MRK,42,109.9297
MRK,43,109.1287
MRK,44,109.0830
MRK,45,109.9873
MRK,46,111.0944
MRK,47,108.8818
MRK,48,108.7232
MRK,49,108.0395
MRK,50,106.9881
MRK,51,104.3586
MRK,52,101.9773
MRK,53,101.1712
MRK,54,100.8219
MRK,55,100.6205
MRK,56,100.4459
MRK,57,100.1932
MRK,58,101.8805
MRK,59,101.3160
MRK,60,100.7887
MRK,61,98.5159
MRK,62,98.6354
MRK,63,99.2417
MRK,64,99.7185
MRK,65,99.2040
MRK,66,97.9340
MRK,67,96.8839
MRK,68,98.5800
MRK,69,97.2698
MRK,70,98.1716
MRK,71,99.6014
MRK,72,97.5300
MRK,73,95.3076
MRK,74,94.6953
MRK,75,92.6401
MRK,76,91.1151
MRK,77,91.2620
MRK,78,93.3962
MRK,79,93.0649
MRK,80,93.9482
MRK,81,93.4258
MRK,82,92.5903
MRK,83,92.0166
MRK,84,91.3622
MRK,85,90.0710
MRK,86,90.9368
MRK,87,91.5257
MRK,88,90.7780
MRK,89,89.1471
MRK,90,90.5275
MRK,91,91.3345
MRK,92,93.0858
MRK,93,92.3080
MRK,94,94.8919
MRK,95,93.9413
MRK,96,94.8539
MRK,97,93.7428
MRK,98,92.6535
MRK,99,91.1934
MRK,100,91.6500
MRK,101,90.5599
MRK,102,89.9939
MRK,103,89.2633
MRK,104,87.9095
MRK,105,88.4612
MRK,106,90.9444
MRK,107,89.4265
MRK,108,89.6024
MRK,109,87.9983
MRK,110,88.0410
MRK,111,86.2693
MRK,112,87.8176
MRK,113,88.8565
MRK,114,87.4259
MRK,115,87.5813
MRK,116,87.0521
MRK,117,87.8255
MRK,118,86.4996
MRK,119,86.9505
MRK,120,87.0323
MRK,121,86.0960
MRK,122,88.3026
MRK,123,89.6778
MRK,124,90.6110
MRK,125,92.1541
MRK,126,91.8907
MRK,127,93.1653
MRK,128,92.5303
MRK,129,91.5952
MRK,130,92.3001
MRK,131,91.2035
MRK,132,91.3679
MRK,133,90.1566
MRK,134,90.8447
MRK,135,90.8426
MRK,136,91.7851
MRK,137,92.3008
MRK,138,92.5868
MRK,139,95.0288
MRK,140,97.7944
MRK,141,98.1558
MRK,142,95.6445
MRK,143,92.8326
MRK,144,91.8544
MRK,145,92.4128
MRK,146,89.6347
MRK,147,87.8845
MRK,148,87.8736
MRK,149,86.9551
MRK,150,85.2049
MRK,151,84.5729
MRK,152,84.5070
MRK,153,85.3971
MRK,154,84.5956
MRK,155,82.2723
MRK,156,83.0587
MRK,157,83.0484
MRK,158,82.3986
MRK,159,82.5454
MRK,160,83.0301
MRK,161,81.7190
MRK,162,81.6723
MRK,163,79.3666
MRK,164,79.3743
MRK,165,80.5097
MRK,166,81.1159
MRK,167,82.0159
MRK,168,80.4645
MRK,169,80.2261
MRK,170,81.3859
MRK,171,81.3879
MRK,172,81.5078
MRK,173,80.7425
MRK,174,79.0298
MRK,175,80.0498
MRK,176,81.6195
MRK,177,82.4379
MRK,178,83.1591
MRK,179,84.0336
MRK,180,83.2191
MRK,181,82.9308
MRK,182,82.3654
MRK,183,80.8101
MRK,184,81.1205
MRK,185,82.3098
MRK,186,83.5208
MRK,187,82.8879
MRK,188,81.6715
MRK,189,80.9034
MRK,190,81.6224
MRK,191,83.4916
MRK,192,82.9681
MRK,193,83.3004
MRK,194,82.6833
MRK,195,83.4949
MRK,196,81.9098
MRK,197,80.3902
MRK,198,80.9879
MRK,199,82.3709
MRK,200,82.3818
MRK,201,81.9852
MRK,202,79.9540
MRK,203,79.0631
MRK,204,80.6691
MRK,205,79.7255
MRK,206,78.9356
MRK,207,78.5368
MRK,208,78.4097
MRK,209,79.6256
MRK,210,80.6312
MRK,211,80.2877
MRK,212,81.9146
MRK,213,81.0801
MRK,214,82.0593
MRK,215,83.1601
MRK,216,82.8727
MRK,217,83.6668
MRK,218,82.4016
MRK,219,82.6148
MRK,220,81.7942
MRK,221,82.3451
MRK,222,83.8510
MRK,223,81.0682
MRK,224,81.2356
MRK,225,79.5228
MRK,226,79.3777
MRK,227,79.1064
MRK,228,79.1960
MRK,229,79.4744
MRK,230,77.9123
MRK,231,77.6468
MRK,232,77.0110
MRK,233,76.2846
MRK,234,74.6626
MRK,235,74.5433
MRK,236,74.8436
MRK,237,75.3262
MRK,238,75.5514
MRK,239,75.6227
MRK,240,73.7742
MRK,241,74.2919
MRK,242,74.7163
MRK,243,76.2666
MRK,244,76.7101
MRK,245,75.4385
MRK,246,75.9497
MRK,247,74.2199
MRK,248,73.3357
MRK,249,74.2915
MRK,250,76.3711
MRK,251,77.0809
MRK,252,76.7081
MRK,253,77.7549
MRK,254,78.5588
MRK,255,79.1227
MRK,256,79.1430
MRK,257,77.9073
MRK,258,77.4575
MRK,259,78.0077
MRK,260,76.9248
MRK,261,77.7967
MRK,262,78.3739
MRK,263,78.3806
MRK,264,79.1861
MRK,265,78.3196
MRK,266,75.2139
MRK,267,75.4666
MRK,268,75.8648
MRK,269,76.5456
MRK,270,75.7102
MRK,271,76.6316
MRK,272,77.4742
MRK,273,76.3157
MRK,274,75.5928
MRK,275,76.7894
MRK,276,77.8426
MRK,277,80.3178
MRK,278,79.7548
MRK,279,79.3605
MRK,280,79.8086
MRK,281,79.1860
MRK,282,79.2860
MRK,283,79.1471
MRK,284,76.5957
MRK,285,75.4205
MRK,286,77.9109
MRK,287,77.1612
MRK,288,77.2349
MRK,289,76.6855
MRK,290,76.7144
MRK,291,76.8514
MRK,292,77.1209
MRK,293,76.9341
MRK,294,77.9995
MRK,295,77.9506
MRK,296,78.8773
MRK,297,80.9771
MRK,298,81.7196
MRK,299,82.0076
MRK,300,82.9803
MRK,301,82.9743
MRK,302,81.5503
MRK,303,81.7995
MRK,304,81.8594
MRK,305,84.5950
MRK,306,85.5700
MRK,307,85.5827
MRK,308,84.4008
MRK,309,83.1486
MRK,310,82.4361
MRK,311,82.9651
MRK,312,85.3029
MRK,313,84.8692
MRK,314,83.6066
MRK,315,82.3656
MRK,316,82.9500
MRK,317,82.8920
MRK,318,83.4876
MRK,319,85.9054
MRK,320,86.9247
MRK,321,86.9594
MRK,322,86.7237
MRK,323,85.1360
MRK,324,85.4849
MRK,325,85.1788
MRK,326,86.2399
MRK,327,86.6068
MRK,328,86.1313
MRK,329,87.1506
MRK,330,86.5148
MRK,331,87.5662
MRK,332,90.4401
MRK,333,90.0735
MRK,334,91.1907
MRK,335,91.1050
MRK,336,87.5411
MRK,337,89.3663
MRK,338,89.1197
MRK,339,91.7294
MRK,340,91.4634
MRK,341,91.5597
MRK,342,92.3719
MRK,343,90.9949
MRK,344,91.1384
MRK,345,91.0499
MRK,346,92.4828
MRK,347,91.7810
MRK,348,91.5225
MRK,349,91.8025
MRK,350,91.4661
MRK,351,91.7817
MRK,352,94.0169
MRK,353,93.4278
MRK,354,93.2344
MRK,355,92.9352
MRK,356,92.4199
MRK,357,93.2006
MRK,358,92.5181
MRK,359,93.2875
MRK,360,92.2377
MRK,361,92.7255
MRK,362,92.2717
MRK,363,92.1752
MRK,364,92.3296
MRK,365,92.7448
MRK,366,93.1829
MRK,367,92.1586
MRK,368,91.1344
MRK,369,92.0626
MRK,370,93.4725
MRK,371,93.9501
MRK,372,92.6289
MRK,373,93.1603
MRK,374,95.2397
MRK,375,94.5805
MRK,376,94.4557
MRK,377,93.3647
MRK,378,95.0816
MRK,379,91.8282
MRK,380,92.9370
MRK,381,93.8975
MRK,382,94.9426
MRK,383,96.5828
MRK,384,95.7238
MRK,385,94.0245
MRK,386,95.2477
MRK,387,95.6202
MRK,388,98.0928
MRK,389,96.8652
MRK,390,96.9499
MRK,391,97.5429
MRK,392,96.2540
MRK,393,97.5431
MRK,394,96.9767
MRK,395,93.3191
MRK,396,93.7221
MRK,397,93.7864
MRK,398,94.0401
MRK,399,94.0968
MRK,400,96.8406
MRK,401,96.2304
MRK,402,95.1342
MRK,403,92.8374
MRK,404,92.4495
MRK,405,92.2260
MRK,406,93.2014
MRK,407,92.1050
MRK,408,91.1019
MRK,409,91.1400
MRK,410,89.9411
MRK,411,90.0411
MRK,412,90.7484
MRK,413,92.6637
MRK,414,92.5258
MRK,415,91.2357
MRK,416,91.2008
MRK,417,90.1440
MRK,418,90.6829
MRK,419,90.4142
MRK,420,91.7747
MRK,421,89.6501
MRK,422,89.6354
MRK,423,87.9520
MRK,424,86.7575
MRK,425,86.6999
MRK,426,86.2635
MRK,427,84.7184
MRK,428,83.5340
MRK,429,84.1581
MRK,430,85.3770
MRK,431,84.6229
MRK,432,88.5283
MRK,433,89.6795
MRK,434,88.5561
MRK,435,89.1821
MRK,436,88.9136
MRK,437,89.9587
MRK,438,90.6870
MRK,439,91.3688
MRK,440,93.3808
MRK,441,93.1312
MRK,442,93.9746
MRK,443,94.6860
MRK,444,94.0673
MRK,445,94.0027
MRK,446,91.7822
MRK,447,93.8083
MRK,448,95.0744
MRK,449,93.8698
MRK,450,94.4176
MRK,451,94.3253
MRK,452,96.3422
MRK,453,96.2915
MRK,454,96.6974
MRK,455,97.3506
MRK,456,96.9647
MRK,457,97.2823
MRK,458,97.9369
MRK,459,97.9186
MRK,460,99.1345
MRK,461,99.6765
MRK,462,99.9837
MRK,463,99.0994
MRK,464,97.8502
MRK,465,98.0837
MRK,466,98.8093
MRK,467,100.3794
MRK,468,101.3696
MRK,469,100.3835
MRK,470,103.3807
MRK,471,102.8746
MRK,472,103.2950
MRK,473,104.4809
MRK,474,102.5322
MRK,475,102.6776
MRK,476,101.4689
MRK,477,102.3290
MRK,478,102.9866
MRK,479,104.4548
MRK,480,102.9860
MRK,481,103.5060
MRK,482,105.7982
MRK,483,106.8673
MRK,484,108.2334
MRK,485,109.0978
MRK,486,109.2686
MRK,487,109.3916
MRK,488,111.8871
MRK,489,114.7832
MRK,490,116.6433
MRK,491,119.5241
MRK,492,124.3571
MRK,493,126.3186
MRK,494,127.2398
MRK,495,127.5735
MRK,496,128.2109
MRK,497,126.9534
MRK,498,126.1509
MRK,499,125.3210
MRK,500,124.6363
MRK,501,125.8113
MRK,502,127.0568
MRK,503,128.9887
MRK,504,127.5920
ABBV,0,165.0000
ABBV,1,163.9422
ABBV,2,162.1945
ABBV,3,163.2512
ABBV,4,163.4381
ABBV,5,163.4581
ABBV,6,159.6411
ABBV,7,159.3141
ABBV,8,157.0730
ABBV,9,152.3313
ABBV,10,150.0359
ABBV,11,147.6931
ABBV,12,148.7313
ABBV,13,149.5901
ABBV,14,149.3790
ABBV,15,151.3651
ABBV,16,152.4984
ABBV,17,151.9638
ABBV,18,150.7679
ABBV,19,153.8312
ABBV,20,152.9448
ABBV,21,146.4481
ABBV,22,147.1744
ABBV,23,149.1084
ABBV,24,151.0088
ABBV,25,148.0277
ABBV,26,153.3527
ABBV,27,156.1147
ABBV,28,156.2458
ABBV,29,157.1211
ABBV,30,156.5005
ABBV,31,154.5419
ABBV,32,156.2967
ABBV,33,154.3190
ABBV,34,154.5108
ABBV,35,152.5841
ABBV,36,153.2677
ABBV,37,149.8217
ABBV,38,153.6104
ABBV,39,151.2282
ABBV,40,153.4345
ABBV,41,154.7946
ABBV,42,150.8863
ABBV,43,149.1698
ABBV,44,151.6094
ABBV,45,148.0160
ABBV,46,146.1405
ABBV,47,145.5328
ABBV,48,144.3250
ABBV,49,144.3692
ABBV,50,145.1230
ABBV,51,143.2154
ABBV,52,143.5362
ABBV,53,140.9722
ABBV,54,142.5984
ABBV,55,142.3131
ABBV,56,141.8958
ABBV,57,139.0492
ABBV,58,140.0586
ABBV,59,137.9804
ABBV,60,137.7626
ABBV,61,136.0205
ABBV,62,132.8892
ABBV,63,134.3422
ABBV,64,133.7283
ABBV,65,133.5944
ABBV,66,133.3488
ABBV,67,130.7940
ABBV,68,134.8649
ABBV,69,134.6948
ABBV,70,136.6122
ABBV,71,139.3099
ABBV,72,138.0909
ABBV,73,135.3893
ABBV,74,135.3421
ABBV,75,132.2555
ABBV,76,132.6546
ABBV,77,132.2853
ABBV,78,134.5946
ABBV,79,133.0313
ABBV,80,132.9295
ABBV,81,130.2505
ABBV,82,132.0286
ABBV,83,132.3632
ABBV,84,134.5312
ABBV,85,135.5470
ABBV,86,136.9330
ABBV,87,137.4506
ABBV,88,138.5140
ABBV,89,138.0856
ABBV,90,140.1780
ABBV,91,142.7248
ABBV,92,144.3780
ABBV,93,142.0658
ABBV,94,141.1918
ABBV,95,140.4488
ABBV,96,142.6589
ABBV,97,140.9422
ABBV,98,139.9224
ABBV,99,138.0176
ABBV,100,142.6551
ABBV,101,143.3406
ABBV,102,141.1962
ABBV,103,139.1382
ABBV,104,140.9303
ABBV,105,144.2211
ABBV,106,147.7769
ABBV,107,146.0446
ABBV,108,148.0569
ABBV,109,147.7357
ABBV,110,148.3821
ABBV,111,149.3537
ABBV,112,149.2713
ABBV,113,150.5604
ABBV,114,151.5531
ABBV,115,154.7500
ABBV,116,152.0209
ABBV,117,150.3182
ABBV,118,145.0147
ABBV,119,149.0678
ABBV,120,152.5195
ABBV,121,152.0431
ABBV,122,152.9305
ABBV,123,147.6427
ABBV,124,149.7985
ABBV,125,150.3639
ABBV,126,152.4179
ABBV,127,150.9067
ABBV,128,153.5608
ABBV,129,152.8160
ABBV,130,150.0319
ABBV,131,151.9870
ABBV,132,153.4198
ABBV,133,151.5081
ABBV,134,148.3697
ABBV,135,151.8826
ABBV,136,151.7480
ABBV,137,151.6731
ABBV,138,149.3680
ABBV,139,154.2522
ABBV,140,159.9420
ABBV,141,157.0502
ABBV,142,154.1806
ABBV,143,150.8250
ABBV,144,149.2278
ABBV,145,149.5114
ABBV,146,147.1180
ABBV,147,147.2478
ABBV,148,144.9229
ABBV,149,141.3230
ABBV,150,139.4300
ABBV,151,139.3047
ABBV,152,138.9387
ABBV,153,141.4165
ABBV,154,142.6709
ABBV,155,140.1833
ABBV,156,143.4610
ABBV,157,140.4365
ABBV,158,140.0531
ABBV,159,137.4985
ABBV,160,135.9984
ABBV,161,131.6333
ABBV,162,128.9226
ABBV,163,127.6381
ABBV,164,126.3791
ABBV,165,125.8171
ABBV,166,126.6868
ABBV,167,129.5372
ABBV,168,129.6552
ABBV,169,127.0033
ABBV,170,129.7402
ABBV,171,133.3269
ABBV,172,132.3536
ABBV,173,131.8084
ABBV,174,129.6080
ABBV,175,131.9783
ABBV,176,132.3880
ABBV,177,132.2127
ABBV,178,132.5475
ABBV,179,133.6579
ABBV,180,129.2956
ABBV,181,127.8918
ABBV,182,126.1071
ABBV,183,123.9050
ABBV,184,123.7314
ABBV,185,125.5293
ABBV,186,126.9719
ABBV,187,123.9813
ABBV,188,123.0169
ABBV,189,121.7196
ABBV,190,120.2644
ABBV,191,123.6381
ABBV,192,124.1345
ABBV,193,125.6054
ABBV,194,124.4024
ABBV,195,123.5749
ABBV,196,120.8544
ABBV,197,120.1088
ABBV,198,119.8724
ABBV,199,118.0144
ABBV,200,118.0417
ABBV,201,117.3574
ABBV,202,115.8392
ABBV,203,115.8815
ABBV,204,117.8684
ABBV,205,117.9841
ABBV,206,116.4857
ABBV,207,115.2702
ABBV,208,116.3202
ABBV,209,116.1642
ABBV,210,116.6390
ABBV,211,115.4839
ABBV,212,116.7421
ABBV,213,117.2561
ABBV,214,118.1056
ABBV,215,118.6213
ABBV,216,117.7831
ABBV,217,118.0843
ABBV,218,116.4861
ABBV,219,116.8243
ABBV,220,114.3350
ABBV,221,114.9324
ABBV,222,115.7898
ABBV,223,114.8233
ABBV,224,115.4502
ABBV,225,114.2762
ABBV,226,114.1838
ABBV,227,115.3555
ABBV,228,114.6172
ABBV,229,118.9342
ABBV,230,120.0349
ABBV,231,117.5929
ABBV,232,118.0009
ABBV,233,117.2539
ABBV,234,115.9740
ABBV,235,114.4748
ABBV,236,114.0451
ABBV,237,116.2964
ABBV,238,114.9843
ABBV,239,114.7460
ABBV,240,112.6671
ABBV,241,111.3215
ABBV,242,111.5726
ABBV,243,113.3252
ABBV,244,115.0688
ABBV,245,116.4269
ABBV,246,120.7183
ABBV,247,120.7085
ABBV,248,118.1199
ABBV,249,118.9990
ABBV,250,118.3314
ABBV,251,116.8196
ABBV,252,115.8761
ABBV,253,116.4215
ABBV,254,119.1757
ABBV,255,122.4344
ABBV,256,125.2543
ABBV,257,123.2002
ABBV,258,121.0553
ABBV,259,122.3893
ABBV,260,122.6509
ABBV,261,124.4305
ABBV,262,124.8458
ABBV,263,125.4102
ABBV,264,129.6433
ABBV,265,129.1716
ABBV,266,126.9830
ABBV,267,128.7673
ABBV,268,127.6595
ABBV,269,129.8634
ABBV,270,130.2145
ABBV,271,130.8325
ABBV,272,131.4038
ABBV,273,131.0020
ABBV,274,132.8722
ABBV,275,134.7700
ABBV,276,134.7407
ABBV,277,137.3188
ABBV,278,137.8495
ABBV,279,135.3434
ABBV,280,135.0313
ABBV,281,134.7846
ABBV,282,132.1437
ABBV,283,132.2301
ABBV,284,130.8461
ABBV,285,132.5002
ABBV,286,131.8224
ABBV,287,130.6227
ABBV,288,133.4850
ABBV,289,134.0018
ABBV,290,132.5020
ABBV,291,134.1285
ABBV,292,134.0895
ABBV,293,134.7867
ABBV,294,135.8623
ABBV,295,136.7515
ABBV,296,136.8722
ABBV,297,138.8893
ABBV,298,139.1498
ABBV,299,141.0202
ABBV,300,143.0368
ABBV,301,143.1684
ABBV,302,145.1072
ABBV,303,148.5019
ABBV,304,144.6026
ABBV,305,146.0866
ABBV,306,146.5645
ABBV,307,147.7735
ABBV,308,142.7674
ABBV,309,140.3412
ABBV,310,140.5791
ABBV,311,142.0271
ABBV,312,142.0767
ABBV,313,143.2569
ABBV,314,140.1376
ABBV,315,138.5928
ABBV,316,140.3357
ABBV,317,142.4482
ABBV,318,142.6980
ABBV,319,145.4123
ABBV,320,147.4776
ABBV,321,147.1363
ABBV,322,147.0219
ABBV,323,144.0098
ABBV,324,143.1593
ABBV,325,140.4447
ABBV,326,140.0663
ABBV,327,141.1514
ABBV,328,141.7652
ABBV,329,144.4920
ABBV,330,143.7354
ABBV,331,144.1630
ABBV,332,142.5957
ABBV,333,142.2235
ABBV,334,143.0104
ABBV,335,143.2473
ABBV,336,140.7537
ABBV,337,141.1228
ABBV,338,139.6528
ABBV,339,141.7271
ABBV,340,143.1870
ABBV,341,141.2830
ABBV,342,138.8775
ABBV,343,138.9935
ABBV,344,141.0139
ABBV,345,144.5801
ABBV,346,146.9335
ABBV,347,145.2413
ABBV,348,146.5240
ABBV,349,144.0954
ABBV,350,141.6304
ABBV,351,141.5701
ABBV,352,141.8022
ABBV,353,144.3721
ABBV,354,144.5907
ABBV,355,150.4978
ABBV,356,148.9011
ABBV,357,148.2579
ABBV,358,150.4552
ABBV,359,149.3834
ABBV,360,147.4389
ABBV,361,148.5111
ABBV,362,149.4212
ABBV,363,149.0447
ABBV,364,153.5189
ABBV,365,152.5464
ABBV,366,150.5785
ABBV,367,149.4186
ABBV,368,148.0427
ABBV,369,149.0843
ABBV,370,149.9004
ABBV,371,148.9471
ABBV,372,149.7888
ABBV,373,153.9999
ABBV,374,156.7074
ABBV,375,158.1837
ABBV,376,158.2645
ABBV,377,156.4085
ABBV,378,158.8108
ABBV,379,154.7569
ABBV,380,157.6614
ABBV,381,155.6137
ABBV,382,158.0105
ABBV,383,158.8308
ABBV,384,158.1536
ABBV,385,157.9431
ABBV,386,157.9961
ABBV,387,158.7457
ABBV,388,158.6817
ABBV,389,154.7541
ABBV,390,157.2451
ABBV,391,155.7517
ABBV,392,154.6683
ABBV,393,158.6495
ABBV,394,156.9981
ABBV,395,157.6424
ABBV,396,154.5873
ABBV,397,155.9040
ABBV,398,154.1444
ABBV,399,153.2077
ABBV,400,155.8287
ABBV,401,155.8142
ABBV,402,153.5431
ABBV,403,152.8261
ABBV,404,153.8115
ABBV,405,150.8141
ABBV,406,150.6536
ABBV,407,150.0811
ABBV,408,147.2737
ABBV,409,145.6437
ABBV,410,144.1659
ABBV,411,144.2054
ABBV,412,147.7316
ABBV,413,148.1558
ABBV,414,145.5369
ABBV,415,144.7489
ABBV,416,145.2361
ABBV,417,144.4452
ABBV,418,143.5202
ABBV,419,141.5870
ABBV,420,141.0613
ABBV,421,137.0171
ABBV,422,137.1078
ABBV,423,134.8533
ABBV,424,134.6318
ABBV,425,136.4519
ABBV,426,138.2342
ABBV,427,135.6004
ABBV,428,135.8131
ABBV,429,135.7842
ABBV,430,135.7945
ABBV,431,136.9779
ABBV,432,140.4672
ABBV,433,139.2335
ABBV,434,137.0930
ABBV,435,140.2109
ABBV,436,141.0358
ABBV,437,141.9110
ABBV,438,144.6596
ABBV,439,141.9675
ABBV,440,145.2935
ABBV,441,145.0092
ABBV,442,148.3683
ABBV,443,148.7203
ABBV,444,148.9174
ABBV,445,150.2907
ABBV,446,148.7856
ABBV,447,149.1821
ABBV,448,150.7458
ABBV,449,149.0401
ABBV,450,147.3265
ABBV,451,146.9543
ABBV,452,147.2166
ABBV,453,149.2320
ABBV,454,148.5558
ABBV,455,150.0910
ABBV,456,151.1390
ABBV,457,153.1807
ABBV,458,151.5129
ABBV,459,151.2615
ABBV,460,150.7987
ABBV,461,151.4705
ABBV,462,152.9812
ABBV,463,151.7136
ABBV,464,149.0776
ABBV,465,149.4992
ABBV,466,148.9567
ABBV,467,145.9509
ABBV,468,146.4772
ABBV,469,144.3997
ABBV,470,145.9546
ABBV,471,144.1201
ABBV,472,145.8018
ABBV,473,145.0617
ABBV,474,145.7506
ABBV,475,147.4619
ABBV,476,150.6725
ABBV,477,151.2181
ABBV,478,152.1395
ABBV,479,150.2669
ABBV,480,146.4461
ABBV,481,148.8555
ABBV,482,147.3709
ABBV,483,146.4490
ABBV,484,148.1061
ABBV,485,150.8391
ABBV,486,150.9424
ABBV,487,150.3428
ABBV,488,153.1473
ABBV,489,156.4302
ABBV,490,157.8363
ABBV,491,161.1026
ABBV,492,164.8059
ABBV,493,166.3126
ABBV,494,169.6173
ABBV,495,163.8440
ABBV,496,159.9961
ABBV,497,157.9528
ABBV,498,157.2011
ABBV,499,160.1084
ABBV,500,158.5886
ABBV,501,159.7457
ABBV,502,161.2978
ABBV,503,158.5655
ABBV,504,158.8879
TMO,0,550.0000
TMO,1,553.3674
TMO,2,550.7699
TMO,3,546.6956
TMO,4,540.8293
TMO,5,537.4282
TMO,6,535.5762
TMO,7,535.1881
TMO,8,531.2042
TMO,9,524.1827
TMO,10,535.7763
TMO,11,537.0820
TMO,12,523.9776
TMO,13,520.8949
TMO,14,522.7406
TMO,15,527.6620
TMO,16,531.2294
TMO,17,534.9375
TMO,18,519.0270
TMO,19,521.5600
TMO,20,516.2545
TMO,21,509.8720
TMO,22,500.7927
TMO,23,501.1592
TMO,24,505.0955
TMO,25,496.2077
TMO,26,501.7755
TMO,27,497.1625
TMO,28,501.9406
TMO,29,509.4473
TMO,30,505.1621
TMO,31,492.1876
TMO,32,494.8382
TMO,33,495.5327
TMO,34,502.2160
TMO,35,494.2146
TMO,36,496.3603
TMO,37,491.5319
TMO,38,492.5364
TMO,39,485.1812
TMO,40,482.9817
TMO,41,488.2772
TMO,42,484.5645
TMO,43,480.9747
TMO,44,480.7437
TMO,45,483.0232
TMO,46,488.3524
TMO,47,486.8369
TMO,48,489.2226
TMO,49,476.6863
TMO,50,471.6000
TMO,51,472.0793
TMO,52,478.2034
TMO,53,481.9704
TMO,54,479.7345
TMO,55,498.3642
TMO,56,494.8840
TMO,57,480.1392
TMO,58,480.5490
TMO,59,474.4594
TMO,60,469.3719
TMO,61,448.9500
TMO,62,446.3617
TMO,63,447.1683
TMO,64,443.6556
TMO,65,445.6379
TMO,66,442.8293
TMO,67,445.5305
TMO,68,452.2665
TMO,69,444.8664
TMO,70,453.5281
TMO,71,470.1969
TMO,72,470.3950
TMO,73,460.8760
TMO,74,456.6825
TMO,75,450.2312
TMO,76,451.6056
TMO,77,449.4686
TMO,78,462.8317
TMO,79,459.7535
TMO,80,458.1168
TMO,81,459.2176
TMO,82,463.6232
TMO,83,468.8909
TMO,84,475.1436
TMO,85,482.1756
TMO,86,482.3201
TMO,87,484.6200
TMO,88,493.2563
TMO,89,486.0863
TMO,90,486.3546
TMO,91,490.1200
TMO,92,500.6322
TMO,93,489.4890
TMO,94,486.4442
TMO,95,484.1036
TMO,96,489.6674
TMO,97,482.7321
TMO,98,477.6921
TMO,99,474.7138
TMO,100,477.7652
TMO,101,471.1172
TMO,102,461.3284
TMO,103,455.9188
TMO,104,459.8354
TMO,105,457.1612
TMO,106,481.2524
TMO,107,476.7664
TMO,108,471.8501
TMO,109,465.3170
TMO,110,470.1968
TMO,111,464.9796
TMO,112,474.9761
TMO,113,478.9593
TMO,114,463.3009
TMO,115,481.7366
TMO,116,472.2548
TMO,117,469.6038
TMO,118,456.1764
TMO,119,460.1572
TMO,120,468.0343
TMO,121,465.7952
TMO,122,480.2106
TMO,123,474.4339
TMO,124,491.4339
TMO,125,496.0615
TMO,126,502.3263
TMO,127,511.4277
TMO,128,512.1684
TMO,129,518.0878
TMO,130,518.7172
TMO,131,514.7876
TMO,132,522.5869
TMO,133,521.1162
TMO,134,530.4642
TMO,135,527.5975
TMO,136,529.9865
TMO,137,524.7190
TMO,138,524.2292
TMO,139,535.1906
TMO,140,549.2697
TMO,141,562.3828
TMO,142,552.5336
TMO,143,549.4752
TMO,144,546.2629
TMO,145,548.5464
TMO,146,554.4039
TMO,147,551.0269
TMO,148,543.4919
TMO,149,536.6521
TMO,150,532.9072
TMO,151,527.7908
TMO,152,514.4935
TMO,153,517.8663
TMO,154,520.0236
TMO,155,510.2440
TMO,156,523.1494
TMO,157,517.2469
TMO,158,502.7604
TMO,159,493.6328
TMO,160,481.6957
TMO,161,474.4441
TMO,162,472.4722
TMO,163,463.9970
TMO,164,480.4620
TMO,165,479.1206
TMO,166,481.8247
TMO,167,473.9006
TMO,168,463.5850
TMO,169,451.2140
TMO,170,457.8816
TMO,171,463.7294
TMO,172,476.7588
TMO,173,475.0354
TMO,174,477.2660
TMO,175,488.9291
TMO,176,494.2541
TMO,177,495.2007
TMO,178,500.7215
TMO,179,505.4518
TMO,180,492.8190
TMO,181,485.0846
TMO,182,481.7434
TMO,183,478.0261
TMO,184,476.4840
TMO,185,486.8796
TMO,186,492.7066
TMO,187,497.6992
TMO,188,490.8013
TMO,189,492.2667
TMO,190,488.1622
TMO,191,503.6680
TMO,192,509.4127
TMO,193,504.1939
TMO,194,505.7277
TMO,195,499.7074
TMO,196,506.7720
TMO,197,505.5825
TMO,198,511.9510
TMO,199,505.0960
TMO,200,512.6601
TMO,201,505.6303
TMO,202,505.0808
TMO,203,507.4363
TMO,204,509.0931
TMO,205,509.1454
TMO,206,489.8424
TMO,207,487.2341
TMO,208,490.1218
TMO,209,492.8230
TMO,210,490.5578
TMO,211,485.9133
TMO,212,489.2822
TMO,213,488.3309
TMO,214,503.7688
TMO,215,514.4629
TMO,216,519.1032
TMO,217,528.0182
TMO,218,521.0639
TMO,219,522.2062
TMO,220,521.0902
TMO,221,510.2217
TMO,222,510.8704
TMO,223,499.8214
TMO,224,498.1828
TMO,225,491.4145
TMO,226,496.5108
TMO,227,502.1981
TMO,228,496.6004
TMO,229,511.9090
TMO,230,507.6974
TMO,231,511.9712
TMO,232,513.8746
TMO,233,509.3245
TMO,234,506.7131
TMO,235,510.3457
TMO,236,507.1694
TMO,237,505.8572
TMO,238,507.3753
TMO,239,501.1172
TMO,240,496.8756
TMO,241,501.8894
TMO,242,499.0610
TMO,243,507.9375
TMO,244,516.6483
TMO,245,511.6937
TMO,246,520.4298
TMO,247,500.5475
TMO,248,494.5057
TMO,249,489.4943
TMO,250,505.9170
TMO,251,511.4000
TMO,252,499.8929
TMO,253,505.8424
TMO,254,519.9968
TMO,255,519.7218
TMO,256,523.8257
TMO,257,510.4367
TMO,258,510.0470
TMO,259,522.4976
TMO,260,526.2031
TMO,261,539.7955
TMO,262,552.5376
TMO,263,540.9114
TMO,264,531.9796
TMO,265,528.6356
TMO,266,516.7360
TMO,267,514.7662
TMO,268,512.5070
TMO,269,523.3345
TMO,270,519.2445
TMO,271,517.2492
TMO,272,506.8177
TMO,273,496.5803
TMO,274,506.7042
TMO,275,509.8587
TMO,276,519.1657
TMO,277,530.7186
TMO,278,519.9972
TMO,279,511.0169
TMO,280,511.7752
TMO,281,506.0738
TMO,282,506.7424
TMO,283,500.8841
TMO,284,501.6173
TMO,285,505.7738
TMO,286,511.8350
TMO,287,507.8275
TMO,288,518.8330
TMO,289,519.6149
TMO,290,524.8445
TMO,291,521.3054
TMO,292,513.1732
TMO,293,525.0325
TMO,294,530.5357
TMO,295,526.1774
TMO,296,528.8137
TMO,297,544.1880
TMO,298,550.6170
TMO,299,558.6699
TMO,300,561.7748
TMO,301,563.4805
TMO,302,565.3799
TMO,303,575.6552
TMO,304,553.3320
TMO,305,565.3820
TMO,306,555.7379
TMO,307,556.3726
TMO,308,554.7422
TMO,309,537.1002
TMO,310,530.2738
TMO,311,530.0629
TMO,312,547.2171
TMO,313,543.5281
TMO,314,534.6311
TMO,315,531.2396
TMO,316,537.9288
TMO,317,530.0480
TMO,318,521.6984
TMO,319,537.7106
TMO,320,537.8834
TMO,321,541.0322
TMO,322,540.6461
TMO,323,527.5161
TMO,324,516.3050
TMO,325,507.3154
TMO,326,510.1550
TMO,327,505.8383
TMO,328,505.1486
TMO,329,521.8272
TMO,330,531.9429
TMO,331,534.6844
TMO,332,532.3889
TMO,333,537.0374
TMO,334,537.4422
TMO,335,543.3294
TMO,336,534.9347
TMO,337,529.6300
TMO,338,522.9594
TMO,339,528.0230
TMO,340,525.4330
TMO,341,526.9855
TMO,342,521.3598
TMO,343,511.4678
TMO,344,514.8827
TMO,345,528.0200
TMO,346,530.6416
TMO,347,527.9844
TMO,348,524.9984
TMO,349,526.1846
TMO,350,524.0966
TMO,351,534.0302
TMO,352,538.2260
TMO,353,532.7673
TMO,354,515.1622
TMO,355,515.4155
TMO,356,519.7375
TMO,357,522.6294
TMO,358,535.3290
TMO,359,539.4860
TMO,360,541.1228
TMO,361,550.3689
TMO,362,554.7619
TMO,363,559.3450
TMO,364,568.4829
TMO,365,554.4351
TMO,366,555.7657
TMO,367,549.2872
TMO,368,543.4293
TMO,369,544.6446
TMO,370,544.9823
TMO,371,536.3437
TMO,372,537.0606
TMO,373,535.1387
TMO,374,544.5564
TMO,375,547.2820
TMO,376,544.9103
TMO,377,538.7661
TMO,378,542.2326
TMO,379,530.2699
TMO,380,534.1634
TMO,381,532.9539
TMO,382,538.3790
TMO,383,547.3072
TMO,384,555.7265
TMO,385,551.9330
TMO,386,560.4820
TMO,387,558.9822
TMO,388,566.5558
TMO,389,563.0882
TMO,390,563.8598
TMO,391,570.6701
TMO,392,574.4335
TMO,393,587.5201
TMO,394,582.0879
TMO,395,574.0992
TMO,396,571.0230
TMO,397,575.9995
TMO,398,573.4852
TMO,399,567.6585
TMO,400,579.5089
TMO,401,573.9462
TMO,402,573.9504
TMO,403,553.6257
TMO,404,553.4051
TMO,405,541.9921
TMO,406,552.9985
TMO,407,539.6911
TMO,408,540.6409
TMO,409,524.2482
TMO,410,516.5471
TMO,411,516.2261
TMO,412,527.1857
TMO,413,521.8450
TMO,414,515.8954
TMO,415,520.3892
TMO,416,527.5953
TMO,417,520.4040
TMO,418,512.9794
TMO,419,514.0409
TMO,420,523.0100
TMO,421,504.7309
TMO,422,510.8745
TMO,423,517.5848
TMO,424,522.8153
TMO,425,512.0121
TMO,426,526.7804
TMO,427,519.9725
TMO,428,511.8522
TMO,429,509.2197
TMO,430,515.8531
TMO,431,517.0710
TMO,432,525.4564
TMO,433,524.3025
TMO,434,535.0312
TMO,435,530.5961
TMO,436,528.7692
TMO,437,518.0557
TMO,438,535.4274
TMO,439,534.3741
TMO,440,547.5524
TMO,441,537.3338
TMO,442,543.0438
TMO,443,549.1962
TMO,444,551.3775
TMO,445,554.7437
TMO,446,550.8628
TMO,447,561.5633
TMO,448,568.9292
TMO,449,568.7373
TMO,450,561.4675
TMO,451,555.1006
TMO,452,554.5756
TMO,453,550.1184
TMO,454,551.4322
TMO,455,552.5239
TMO,456,548.3411
TMO,457,558.8432
TMO,458,565.8371
TMO,459,557.2942
TMO,460,555.7332
TMO,461,547.5377
TMO,462,534.8303
TMO,463,530.6284
TMO,464,518.8150
TMO,465,528.4929
TMO,466,520.7137
TMO,467,523.2142
TMO,468,531.3521
TMO,469,531.9308
TMO,470,528.2531
TMO,471,528.5840
TMO,472,539.3989
TMO,473,539.5183
TMO,474,549.7278
TMO,475,551.8851
TMO,476,548.7027
TMO,477,552.4407
TMO,478,538.2315
TMO,479,555.7162
TMO,480,542.4045
TMO,481,547.1274
TMO,482,542.7878
TMO,483,544.4857
TMO,484,558.0909
TMO,485,568.9774
TMO,486,576.7682
TMO,487,574.7349
TMO,488,590.7889
TMO,489,605.2611
TMO,490,599.1122
TMO,491,608.7788
TMO,492,625.9233
TMO,493,639.0852
TMO,494,642.6259
TMO,495,645.1132
TMO,496,631.2889
TMO,497,621.8541
TMO,498,630.1320
TMO,499,615.6856
TMO,500,610.2297
TMO,501,616.2771
TMO,502,619.7847
TMO,503,615.8596
TMO,504,614.8235
ABT,0,110.0000
ABT,1,109.2763
ABT,2,108.7653
ABT,3,108.6027
ABT,4,109.1667
ABT,5,109.4090
ABT,6,108.1392
ABT,7,108.9609
ABT,8,107.7017
ABT,9,107.0429
ABT,10,107.8208
ABT,11,108.3649
ABT,12,107.6725
ABT,13,107.5807
ABT,14,107.7957
ABT,15,107.6515
ABT,16,108.1475
ABT,17,107.0769
ABT,18,105.4502
ABT,19,105.9814
ABT,20,104.6863
ABT,21,102.2836
ABT,22,102.8542
ABT,23,105.0075
ABT,24,104.3482
ABT,25,104.6721
ABT,26,107.1751
ABT,27,107.8100
ABT,28,108.1111
ABT,29,107.4843
ABT,30,107.6618
ABT,31,107.9255
ABT,32,108.7199
ABT,33,106.6124
ABT,34,105.7820
ABT,35,103.7283
ABT,36,103.8635
ABT,37,103.2152
ABT,38,105.9765
ABT,39,106.4623
ABT,40,106.2477
ABT,41,105.5875
ABT,42,104.4189
ABT,43,102.5413
ABT,44,102.8278
ABT,45,103.8521
ABT,46,105.0420
ABT,47,105.1666
ABT,48,104.9942
ABT,49,105.2412
ABT,50,105.4345
ABT,51,104.5643
ABT,52,103.4823
ABT,53,102.3486
ABT,54,103.1012
ABT,55,103.5394
ABT,56,99.4612
ABT,57,99.7080
ABT,58,102.0792
ABT,59,100.4328
ABT,60,99.0877
ABT,61,99.7196
ABT,62,99.4822
ABT,63,99.7738
ABT,64,99.5431
ABT,65,101.7671
ABT,66,101.4591
ABT,67,101.5881
ABT,68,103.7000
ABT,69,103.1718
ABT,70,105.1027
ABT,71,106.2761
ABT,72,107.6963
ABT,73,105.8841
ABT,74,104.0491
ABT,75,102.7280
ABT,76,103.5230
ABT,77,103.3734
ABT,78,103.0258
ABT,79,103.4775
ABT,80,105.0527
ABT,81,103.5020
ABT,82,103.3452
ABT,83,103.5566
ABT,84,103.0617
ABT,85,103.0336
ABT,86,105.4091
ABT,87,107.3135
ABT,88,108.4534
ABT,89,107.7809
ABT,90,109.6648
ABT,91,109.5778
ABT,92,108.8173
ABT,93,107.9656
ABT,94,107.3341
ABT,95,106.8046
ABT,96,108.1241
ABT,97,107.5366
ABT,98,107.2501
ABT,99,107.1921
ABT,100,108.4476
ABT,101,109.8066
ABT,102,107.4718
ABT,103,107.6153
ABT,104,111.0160
ABT,105,113.4943
ABT,106,114.4220
ABT,107,113.8551
ABT,108,114.5275
ABT,109,112.0890
ABT,110,111.8616
ABT,111,110.1543
ABT,112,110.5956
ABT,113,110.4995
ABT,114,110.4010
ABT,115,114.0146
ABT,116,114.0815
ABT,117,113.2933
ABT,118,111.8785
ABT,119,114.0324
ABT,120,113.9153
ABT,121,111.6900
ABT,122,114.0912
ABT,123,113.5841
ABT,124,115.2112
ABT,125,115.6061
ABT,126,115.5349
ABT,127,115.6939
ABT,128,115.5291
ABT,129,117.6599
ABT,130,117.0854
ABT,131,115.7064
ABT,132,116.3547
ABT,133,115.2309
ABT,134,116.7326
ABT,135,118.0287
ABT,136,118.4141
ABT,137,118.2311
ABT,138,115.8561
ABT,139,118.1915
ABT,140,119.1049
ABT,141,119.8422
ABT,142,118.3175
ABT,143,117.1371
ABT,144,116.1670
ABT,145,115.1734
ABT,146,113.9883
ABT,147,111.6862
ABT,148,112.1294
ABT,149,109.1902
ABT,150,109.9340
ABT,151,107.8438
ABT,152,107.3880
ABT,153,107.8679
ABT,154,107.5996
ABT,155,106.4098
ABT,156,110.0444
ABT,157,109.9289
ABT,158,110.7114
ABT,159,112.1142
ABT,160,111.3692
ABT,161,110.1790
ABT,162,109.3391
ABT,163,108.1279
ABT,164,107.7917
ABT,165,108.3592
ABT,166,107.8253
ABT,167,108.0941
ABT,168,108.8955
ABT,169,107.5891
ABT,170,107.5137
ABT,171,108.7827
ABT,172,109.3450
ABT,173,108.5993
ABT,174,105.9064
ABT,175,105.3999
ABT,176,104.9503
ABT,177,107.3272
ABT,178,108.8437
ABT,179,110.5894
ABT,180,110.3195
ABT,181,110.0091
ABT,182,108.1392
ABT,183,106.1117
ABT,184,105.6003
ABT,185,105.0021
ABT,186,104.4777
ABT,187,104.2725
ABT,188,104.1992
ABT,189,103.5405
ABT,190,102.1135
ABT,191,103.0632
ABT,192,102.0531
ABT,193,104.1328
ABT,194,104.5970
ABT,195,105.0796
ABT,196,105.1798
ABT,197,105.2912
ABT,198,106.7557
ABT,199,105.4507
ABT,200,105.4632
ABT,201,104.5996
ABT,202,104.8376
ABT,203,104.8303
ABT,204,104.7100
ABT,205,106.6070
ABT,206,103.7086
ABT,207,104.8379
ABT,208,106.1226
ABT,209,105.1318
ABT,210,105.6500
ABT,211,104.7269
ABT,212,106.1170
ABT,213,104.7358
ABT,214,105.8116
ABT,215,107.0673
ABT,216,106.6852
ABT,217,106.0132
ABT,218,105.2215
ABT,219,106.9888
ABT,220,106.6124
ABT,221,107.2990
ABT,222,109.8737
ABT,223,107.5175
ABT,224,108.9731
ABT,225,110.0007
ABT,226,111.1538
ABT,227,112.1750
ABT,228,110.9463
ABT,229,112.1950
ABT,230,111.3795
ABT,231,110.1292
ABT,232,111.1843
ABT,233,110.2701
ABT,234,109.8687
ABT,235,108.5749
ABT,236,108.4491
ABT,237,109.3915
ABT,238,109.0871
ABT,239,109.3786
ABT,240,107.3517
ABT,241,106.1033
ABT,242,105.9583
ABT,243,104.1839
ABT,244,104.6747
ABT,245,104.8021
ABT,246,105.4362
ABT,247,104.3993
ABT,248,104.6580
ABT,249,105.6623
ABT,250,106.4764
ABT,251,106.4082
ABT,252,105.1522
ABT,253,106.1266
ABT,254,107.1345
ABT,255,108.2957
ABT,256,107.1346
ABT,257,107.9423
ABT,258,106.2515
ABT,259,106.5678
ABT,260,105.2725
ABT,261,108.6355
ABT,262,110.2714
ABT,263,110.2566
ABT,264,111.5450
ABT,265,112.7917
ABT,266,110.2041
ABT,267,110.7826
ABT,268,110.6101
ABT,269,111.4845
ABT,270,109.4573
ABT,271,111.1038
ABT,272,110.5472
ABT,273,107.7174
ABT,274,106.5290
ABT,275,107.7849
ABT,276,107.7431
ABT,277,107.7371
ABT,278,109.1211
ABT,279,110.4220
ABT,280,109.6025
ABT,281,109.0000
ABT,282,108.5868
ABT,283,108.6369
ABT,284,107.4335
ABT,285,106.6166
ABT,286,108.5534
ABT,287,109.7895
ABT,288,110.4610
ABT,289,109.7502
ABT,290,111.8737
ABT,291,112.3236
ABT,292,114.8206
ABT,293,115.8813
ABT,294,115.7595
ABT,295,117.6725
ABT,296,119.3634
ABT,297,121.5967
ABT,298,123.5192
ABT,299,124.5797
ABT,300,124.4193
ABT,301,124.9211
ABT,302,126.3906
ABT,303,127.2592
ABT,304,125.8326
ABT,305,127.7770
ABT,306,128.6547
ABT,307,126.6149
ABT,308,125.2600
ABT,309,122.7499
ABT,310,121.1636
ABT,311,123.0208
ABT,312,124.4193
ABT,313,124.7747
ABT,314,123.2894
ABT,315,123.6651
ABT,316,123.7708
ABT,317,124.3304
ABT,318,122.9594
ABT,319,126.4866
ABT,320,125.6256
ABT,321,127.5187
ABT,322,128.4450
ABT,323,126.8862
ABT,324,126.3825
ABT,325,122.0836
ABT,326,122.8735
ABT,327,122.0273
ABT,328,121.7035
ABT,329,123.9799
ABT,330,126.3275
ABT,331,128.3882
ABT,332,126.7633
ABT,333,124.6539
ABT,334,126.5688
ABT,335,125.2995
ABT,336,123.9618
ABT,337,125.6612
ABT,338,125.5258
ABT,339,128.3189
ABT,340,129.2667
ABT,341,129.2097
ABT,342,129.5150
ABT,343,126.2288
ABT,344,127.4202
ABT,345,130.6818
ABT,346,131.1762
ABT,347,131.7114
ABT,348,130.7831
ABT,349,128.5957
ABT,350,128.9428
ABT,351,129.9244
ABT,352,130.4766
ABT,353,130.4359
ABT,354,129.3361
ABT,355,131.7117
ABT,356,131.5121
ABT,357,132.7517
ABT,358,134.7382
ABT,359,134.1067
ABT,360,135.5536
ABT,361,134.8743
ABT,362,134.8226
ABT,363,134.2018
ABT,364,136.2191
ABT,365,137.7330
ABT,366,135.9104
ABT,367,133.3517
ABT,368,132.4082
ABT,369,132.5440
ABT,370,133.2857
ABT,371,131.5345
ABT,372,133.3938
ABT,373,132.2923
ABT,374,131.3040
ABT,375,132.8781
ABT,376,131.7622
ABT,377,131.1596
ABT,378,132.7003
ABT,379,130.5082
ABT,380,130.4476
ABT,381,130.3897
ABT,382,132.4720
ABT,383,133.3815
ABT,384,135.1805
ABT,385,134.2364
ABT,386,135.3752
ABT,387,134.1687
ABT,388,132.0959
ABT,389,128.7211
ABT,390,128.9017
ABT,391,130.2293
ABT,392,129.1985
ABT,393,132.7557
ABT,394,132.9832
ABT,395,131.0715
ABT,396,132.2870
ABT,397,133.1144
ABT,398,131.3093
ABT,399,128.7425
ABT,400,128.5176
ABT,401,129.8155
ABT,402,129.5892
ABT,403,126.4225
ABT,404,127.4672
ABT,405,127.0776
ABT,406,126.3627
ABT,407,125.5171
ABT,408,126.1483
ABT,409,126.0358
ABT,410,122.2401
ABT,411,122.8290
ABT,412,125.1971
ABT,413,126.3944
ABT,414,124.9113
ABT,415,123.1829
ABT,416,122.6868
ABT,417,121.4043
ABT,418,118.7259
ABT,419,118.8755
ABT,420,120.9451
ABT,421,118.6073
ABT,422,117.8397
ABT,423,117.4370
ABT,424,116.7630
ABT,425,114.3667
ABT,426,114.7135
ABT,427,113.6132
ABT,428,112.0956
ABT,429,112.0390
ABT,430,112.3212
ABT,431,112.6710
ABT,432,114.7644
ABT,433,115.2894
ABT,434,114.3691
ABT,435,114.7868
ABT,436,116.5605
ABT,437,116.2867
ABT,438,116.6389
ABT,439,115.3690
ABT,440,115.6936
ABT,441,115.8735
ABT,442,116.1389
ABT,443,114.9643
ABT,444,115.0425
ABT,445,117.4885
ABT,446,115.0054
ABT,447,116.7179
ABT,448,118.5885
ABT,449,118.8298
ABT,450,117.5957
ABT,451,119.0056
ABT,452,117.4291
ABT,453,117.9570
ABT,454,117.5728
ABT,455,119.0473
ABT,456,119.4510
ABT,457,119.7431
ABT,458,122.3104
ABT,459,122.6130
ABT,460,124.4990
ABT,461,124.7158
ABT,462,121.4912
ABT,463,120.0420
ABT,464,117.4890
ABT,465,115.6094
ABT,466,116.5147
ABT,467,116.9479
ABT,468,118.5288
ABT,469,116.3845
ABT,470,118.4336
ABT,471,117.3623
ABT,472,118.6692
ABT,473,118.3331
ABT,474,117.3257
ABT,475,118.0054
ABT,476,117.1689
ABT,477,117.8130
ABT,478,115.6673
ABT,479,115.8518
ABT,480,115.0415
ABT,481,116.9308
ABT,482,119.5515
ABT,483,122.3142
ABT,484,122.9020
ABT,485,123.9886
ABT,486,126.1557
ABT,487,126.7539
ABT,488,129.2518
ABT,489,130.0886
ABT,490,132.3347
ABT,491,136.2102
ABT,492,139.1195
ABT,493,142.0978
ABT,494,140.8262
ABT,495,141.9334
ABT,496,141.2711
ABT,497,137.3155
ABT,498,136.5789
ABT,499,134.0310
ABT,500,134.2974
ABT,501,137.0413
ABT,502,138.3329
ABT,503,138.9982
ABT,504,138.3206
DHR,0,250.0000
DHR,1,250.6403
DHR,2,247.1919
DHR,3,246.1153
DHR,4,253.1933
DHR,5,255.6922
DHR,6,258.3209
DHR,7,255.4111
DHR,8,255.2881
DHR,9,251.8672
DHR,10,251.9984
DHR,11,252.1596
DHR,12,249.3861
DHR,13,249.0357
DHR,14,253.2571
DHR,15,248.8230
DHR,16,253.6993
DHR,17,249.4640
DHR,18,249.5827
DHR,19,254.0479
DHR,20,252.7861
DHR,21,249.8659
DHR,22,252.5875
DHR,23,257.5736
DHR,24,263.6876
DHR,25,262.3637
DHR,26,270.5133
DHR,27,272.5941
DHR,28,269.5636
DHR,29,269.8501
DHR,30,270.9102
DHR,31,272.1804
DHR,32,281.8055
DHR,33,273.3716
DHR,34,276.8918
DHR,35,274.5497
DHR,36,272.3731
DHR,37,271.7256
DHR,38,274.4545
DHR,39,270.3184
DHR,40,272.9878
DHR,41,270.7232
DHR,42,264.5736
DHR,43,259.8030
DHR,44,261.1963
DHR,45,259.5657
DHR,46,259.3378
DHR,47,255.4095
DHR,48,257.6846
DHR,49,257.2853
DHR,50,253.0024
DHR,51,251.2213
DHR,52,249.6082
DHR,53,249.5250
DHR,54,240.5210
DHR,55,246.2395
DHR,56,241.8841
DHR,57,239.3479
DHR,58,246.8643
DHR,59,244.6739
DHR,60,243.6828
DHR,61,242.0556
DHR,62,234.3407
DHR,63,238.7821
DHR,64,236.0726
DHR,65,236.8761
DHR,66,237.4074
DHR,67,239.1483
DHR,68,238.3039
DHR,69,232.1797
DHR,70,234.4834
DHR,71,235.0522
DHR,72,230.8397
DHR,73,224.9172
DHR,74,222.8124
DHR,75,217.7671
DHR,76,218.0053
DHR,77,219.9537
DHR,78,217.0886
DHR,79,215.2329
DHR,80,216.6975
DHR,81,218.4977
DHR,82,219.1146
DHR,83,220.1668
DHR,84,221.2282
DHR,85,216.6763
DHR,86,218.7770
DHR,87,217.9390
DHR,88,219.3249
DHR,89,220.0740
DHR,90,221.3288
DHR,91,214.4560
DHR,92,220.1387
DHR,93,222.4306
DHR,94,225.5559
DHR,95,220.4905
DHR,96,220.6182
DHR,97,216.9894
DHR,98,212.2456
DHR,99,206.2455
DHR,100,210.4981
DHR,101,212.3164
DHR,102,211.6839
DHR,103,210.1377
DHR,104,214.7970
DHR,105,211.4827
DHR,106,222.0606
DHR,107,218.4239
DHR,108,216.6287
DHR,109,212.3882
DHR,110,213.2009
DHR,111,212.2997
DHR,112,215.1371
DHR,113,210.7587
DHR,114,207.9460
DHR,115,213.3573
DHR,116,210.5832
DHR,117,212.0122
DHR,118,206.4039
DHR,119,208.6439
DHR,120,210.7013
DHR,121,211.7040
DHR,122,216.8387
DHR,123,212.7585
DHR,124,215.9479
DHR,125,217.0638
DHR,126,218.7963
DHR,127,221.0800
DHR,128,225.2008
DHR,129,220.6108
DHR,130,218.0344
DHR,131,217.5604
DHR,132,215.6128
DHR,133,212.5364
DHR,134,216.5858
DHR,135,216.2846
DHR,136,218.3781
DHR,137,222.8814
DHR,138,216.9145
DHR,139,224.4238
DHR,140,228.7961
DHR,141,225.0628
DHR,142,219.8363
DHR,143,216.8665
DHR,144,218.7081
DHR,145,217.8659
DHR,146,218.2657
DHR,147,216.6523
DHR,148,217.9073
DHR,149,212.3806
DHR,150,217.0284
DHR,151,218.6681
DHR,152,216.5410
DHR,153,218.6841
DHR,154,216.5631
DHR,155,211.0830
DHR,156,213.2938
DHR,157,213.5785
DHR,158,211.1767
DHR,159,213.9040
DHR,160,207.9308
DHR,161,206.5730
DHR,162,204.3650
DHR,163,201.4426
DHR,164,204.5759
DHR,165,201.3156
DHR,166,204.2077
DHR,167,206.8565
DHR,168,203.3105
DHR,169,204.1798
DHR,170,208.0107
DHR,171,212.0311
DHR,172,210.5170
DHR,173,203.1282
DHR,174,201.2829
DHR,175,200.8754
DHR,176,204.6661
DHR,177,207.0322
DHR,178,211.7078
DHR,179,216.7952
DHR,180,217.2309
DHR,181,218.0046
DHR,182,216.8841
DHR,183,218.0965
DHR,184,223.0761
DHR,185,226.5742
DHR,186,232.7300
DHR,187,230.8994
DHR,188,230.1010
DHR,189,231.9320
DHR,190,228.5457
DHR,191,231.6533
DHR,192,233.9640
DHR,193,236.6089
DHR,194,235.8105
DHR,195,236.0851
DHR,196,240.3507
DHR,197,234.1079
DHR,198,237.9779
DHR,199,235.9157
DHR,200,240.3199
DHR,201,233.6467
DHR,202,231.1149
DHR,203,234.2970
DHR,204,240.2465
DHR,205,241.6551
DHR,206,235.2209
DHR,207,240.4585
DHR,208,242.3141
DHR,209,245.5216
DHR,210,244.1666
DHR,211,242.0362
DHR,212,244.8011
DHR,213,237.9473
DHR,214,234.7574
DHR,215,233.8855
DHR,216,232.6501
DHR,217,237.2413
DHR,218,234.8977
DHR,219,237.3606
DHR,220,233.7571
DHR,221,233.9675
DHR,222,238.1350
DHR,223,232.0702
DHR,224,230.4241
DHR,225,231.1533
DHR,226,235.8978
DHR,227,238.5713
DHR,228,232.6928
DHR,229,237.3454
DHR,230,235.7997
DHR,231,230.0895
DHR,232,233.6997
DHR,233,230.6072
DHR,234,225.4018
DHR,235,229.6425
DHR,236,232.4387
DHR,237,235.3744
DHR,238,240.9738
DHR,239,236.3148
DHR,240,229.1725
DHR,241,232.4889
DHR,242,232.4582
DHR,243,237.2300
DHR,244,238.1674
DHR,245,238.6939
DHR,246,244.4292
DHR,247,236.9201
DHR,248,234.3028
DHR,249,231.4827
DHR,250,232.8082
DHR,251,240.5356
DHR,252,239.0301
DHR,253,239.5162
DHR,254,244.0132
DHR,255,244.3844
DHR,256,247.0914
DHR,257,240.9423
DHR,258,236.9269
DHR,259,244.0611
DHR,260,238.8245
DHR,261,238.5428
DHR,262,240.0176
DHR,263,241.9211
DHR,264,248.1632
DHR,265,245.7207
DHR,266,235.2823
DHR,267,237.1265
DHR,268,232.6457
DHR,269,236.2458
DHR,270,239.2972
DHR,271,242.0521
DHR,272,240.0518
DHR,273,238.1554
DHR,274,239.8057
DHR,275,236.3468
DHR,276,239.5686
DHR,277,245.4955
DHR,278,243.4908
DHR,279,239.7354
DHR,280,238.6392
DHR,281,232.4842
DHR,282,232.5475
DHR,283,231.2372
DHR,284,229.7613
DHR,285,229.2106
DHR,286,237.1106
DHR,287,237.2169
DHR,288,241.0992
DHR,289,238.4240
DHR,290,238.0264
DHR,291,236.5085
DHR,292,234.0298
DHR,293,239.4279
DHR,294,239.7944
DHR,295,244.6799
DHR,296,245.0719
DHR,297,247.3599
DHR,298,253.6298
DHR,299,254.8230
DHR,300,260.4832
DHR,301,260.4095
DHR,302,260.1120
DHR,303,264.6792
DHR,304,255.6587
DHR,305,257.3155
DHR,306,258.9892
DHR,307,258.5139
DHR,308,258.0934
DHR,309,250.4981
DHR,310,250.0847
DHR,311,255.9228
DHR,312,259.5006
DHR,313,258.0457
DHR,314,252.0824
DHR,315,256.1601
DHR,316,258.4735
DHR,317,252.1841
DHR,318,248.4293
DHR,319,246.9615
DHR,320,245.5294
DHR,321,248.1571
DHR,322,244.9218
DHR,323,239.2581
DHR,324,235.7140
DHR,325,233.2695
DHR,326,231.1115
DHR,327,231.6593
DHR,328,227.6821
DHR,329,233.4445
DHR,330,233.9316
DHR,331,240.6649
DHR,332,244.9415
DHR,333,241.5276
DHR,334,246.7036
DHR,335,247.6513
DHR,336,242.5564
DHR,337,245.8922
DHR,338,247.4039
DHR,339,248.4366
DHR,340,248.5148
DHR,341,249.2770
DHR,342,249.9856
DHR,343,248.1982
DHR,344,243.7960
DHR,345,249.9340
DHR,346,247.2228
DHR,347,245.4213
DHR,348,240.9095
DHR,349,237.8883
DHR,350,235.6626
DHR,351,238.4771
DHR,352,240.2133
DHR,353,240.7255
DHR,354,239.2564
DHR,355,242.0916
DHR,356,242.1995
DHR,357,237.5684
DHR,358,242.6591
DHR,359,241.4066
DHR,360,241.6453
DHR,361,240.2148
DHR,362,241.4630
DHR,363,236.6198
DHR,364,232.9670
DHR,365,234.7632
DHR,366,232.0896
DHR,367,227.8075
DHR,368,222.5877
DHR,369,222.1796
DHR,370,219.5169
DHR,371,219.4964
DHR,372,216.2109
DHR,373,217.9962
DHR,374,216.1955
DHR,375,215.6377
DHR,376,212.6639
DHR,377,212.2502
DHR,378,214.6934
DHR,379,212.6057
DHR,380,216.8094
DHR,381,216.0462
DHR,382,217.1479
DHR,383,218.6243
DHR,384,219.6972
DHR,385,213.4736
DHR,386,213.6361
DHR,387,212.0986
DHR,388,207.8125
DHR,389,207.2152
DHR,390,206.0208
DHR,391,210.2833
DHR,392,207.6776
DHR,393,213.4403
DHR,394,212.9494
DHR,395,214.1713
DHR,396,213.0549
DHR,397,214.1694
DHR,398,213.6185
DHR,399,210.7053
DHR,400,214.1097
DHR,401,214.1545
DHR,402,210.1728
DHR,403,205.5679
DHR,404,208.4220
DHR,405,209.0992
DHR,406,214.0567
DHR,407,207.1136
DHR,408,209.3695
DHR,409,211.9279
DHR,410,209.4400
DHR,411,206.7816
DHR,412,207.0694
DHR,413,205.0565
DHR,414,202.0293
DHR,415,202.3137
DHR,416,205.1902
DHR,417,207.7013
DHR,418,211.3650
DHR,419,211.4852
DHR,420,213.1380
DHR,421,209.6478
DHR,422,214.2834
DHR,423,213.1760
DHR,424,216.7366
DHR,425,214.6612
DHR,426,217.9984
DHR,427,219.1785
DHR,428,213.1429
DHR,429,212.9328
DHR,430,213.1622
DHR,431,213.9073
DHR,432,219.0677
DHR,433,220.8110
DHR,434,225.3694
DHR,435,230.1301
DHR,436,233.6073
DHR,437,232.5974
DHR,438,236.9916
DHR,439,232.0241
DHR,440,234.1292
DHR,441,230.9585
DHR,442,237.4004
DHR,443,237.5301
DHR,444,238.8513
DHR,445,237.2013
DHR,446,232.3091
DHR,447,232.5498
DHR,448,235.8410
DHR,449,233.9915
DHR,450,235.8964
DHR,451,239.5877
DHR,452,236.0461
DHR,453,236.4178
DHR,454,238.7859
DHR,455,242.7284
DHR,456,242.2442
DHR,457,241.9123
DHR,458,246.4621
DHR,459,253.2939
DHR,460,258.2099
DHR,461,260.9417
DHR,462,257.1658
DHR,463,251.4484
DHR,464,253.8791
DHR,465,255.1370
DHR,466,253.0606
DHR,467,256.4526
DHR,468,262.9479
DHR,469,259.7737
DHR,470,262.2227
DHR,471,257.4997
DHR,472,262.5554
DHR,473,257.3453
DHR,474,258.8470
DHR,475,260.9098
DHR,476,260.0374
DHR,477,256.8942
DHR,478,257.2476
DHR,479,253.5062
DHR,480,250.7151
DHR,481,256.6108
DHR,482,260.4959
DHR,483,262.3843
DHR,484,266.5902
DHR,485,272.5209
DHR,486,272.1939
DHR,487,272.1139
DHR,488,279.7643
DHR,489,288.4619
DHR,490,289.6310
DHR,491,293.4620
DHR,492,298.8213
DHR,493,304.8507
DHR,494,311.0586
DHR,495,315.1963
DHR,496,312.9512
DHR,497,309.9110
DHR,498,309.4130
DHR,499,309.6160
DHR,500,295.3832
DHR,501,296.6465
DHR,502,298.0308
DHR,503,293.9600
DHR,504,292.4667
BMY,0,48.0000
BMY,1,47.9007
BMY,2,47.7787
BMY,3,47.9684
BMY,4,47.9757
BMY,5,49.0139
BMY,6,49.1481
BMY,7,49.1170
BMY,8,48.2350
BMY,9,47.4904
BMY,10,48.8659
BMY,11,48.5001
BMY,12,48.7207
BMY,13,49.2343
BMY,14,49.9680
BMY,15,49.2626
BMY,16,49.3581
BMY,17,48.7818
BMY,18,48.2150
BMY,19,48.7367
BMY,20,48.5079
BMY,21,47.4221
BMY,22,48.6895
BMY,23,49.1706
BMY,24,49.4603
BMY,25,47.9824
BMY,26,48.7030
BMY,27,48.4543
BMY,28,49.1855
BMY,29,49.8272
BMY,30,49.2753
BMY,31,49.8712
BMY,32,50.4413
BMY,33,50.2574
BMY,34,50.2792
BMY,35,49.0163
BMY,36,48.6123
BMY,37,48.4002
BMY,38,49.1477
BMY,39,48.8734
BMY,40,49.5886
BMY,41,50.1664
BMY,42,50.0639
BMY,43,50.0725
BMY,44,51.0609
BMY,45,50.7072
BMY,46,51.4424
BMY,47,50.8613
BMY,48,49.4868
BMY,49,49.1728
BMY,50,48.5435
BMY,51,49.2385
BMY,52,49.4914
BMY,53,48.9930
BMY,54,48.6415
BMY,55,48.8025
BMY,56,48.7622
BMY,57,48.0361
BMY,58,49.1433
BMY,59,48.8537
BMY,60,47.7721
BMY,61,48.4059
BMY,62,47.5139
BMY,63,47.5169
BMY,64,47.4827
BMY,65,47.9052
BMY,66,47.2433
BMY,67,46.9871
BMY,68,47.5143
BMY,69,46.5435
BMY,70,46.8004
BMY,71,47.6766
BMY,72,47.6405
BMY,73,46.0810
BMY,74,45.9558
BMY,75,45.0051
BMY,76,44.8139
BMY,77,45.2667
BMY,78,45.7045
BMY,79,45.5418
BMY,80,45.7753
BMY,81,44.7557
BMY,82,44.9328
BMY,83,44.7846
BMY,84,44.5265
BMY,85,43.7284
BMY,86,43.9067
BMY,87,44.1987
BMY,88,43.5957
BMY,89,43.1576
BMY,90,43.0993
BMY,91,42.8419
BMY,92,44.1907
BMY,93,43.6601
BMY,94,43.5609
BMY,95,43.4249
BMY,96,44.3430
BMY,97,44.7787
BMY,98,43.8046
BMY,99,43.0489
BMY,100,43.3139
BMY,101,42.6115
BMY,102,41.2399
BMY,103,41.6052
BMY,104,42.2218
BMY,105,43.2584
BMY,106,44.8241
BMY,107,44.7679
BMY,108,44.3941
BMY,109,43.8743
BMY,110,43.4869
BMY,111,42.7498
BMY,112,42.6035
BMY,113,43.2466
BMY,114,42.9812
BMY,115,43.6782
BMY,116,43.2272
BMY,117,44.2579
BMY,118,43.0010
BMY,119,44.1564
BMY,120,43.8623
BMY,121,43.6961
BMY,122,44.0700
BMY,123,43.6235
BMY,124,44.5281
BMY,125,44.1882
BMY,126,44.0485
BMY,127,44.0902
BMY,128,44.4823
BMY,129,44.6803
BMY,130,44.2861
BMY,131,43.3495
BMY,132,43.1543
BMY,133,42.4287
BMY,134,42.6213
BMY,135,42.0248
BMY,136,41.7783
BMY,137,41.1030
BMY,138,40.8213
BMY,139,41.8202
BMY,140,42.2759
BMY,141,42.8690
BMY,142,41.7576
BMY,143,41.0111
BMY,144,40.3423
BMY,145,40.8099
BMY,146,41.0317
BMY,147,40.6221
BMY,148,40.3634
BMY,149,39.7936
BMY,150,39.8012
BMY,151,39.0594
BMY,152,38.4204
BMY,153,39.1337
BMY,154,38.8073
BMY,155,38.2436
BMY,156,39.0558
BMY,157,39.7725
BMY,158,40.0376
BMY,159,39.2965
BMY,160,38.4829
BMY,161,37.0925
BMY,162,36.6137
BMY,163,36.5087
BMY,164,36.5282
BMY,165,37.1115
BMY,166,38.0774
BMY,167,37.5872
BMY,168,37.8588
BMY,169,37.9150
BMY,170,37.9527
BMY,171,38.1412
BMY,172,38.2552
BMY,173,37.7871
BMY,174,37.7067
BMY,175,38.2644
BMY,176,38.8664
BMY,177,38.7395
BMY,178,39.4770
BMY,179,40.8650
BMY,180,40.5839
BMY,181,41.4228
BMY,182,41.0002
BMY,183,40.3137
BMY,184,39.7474
BMY,185,39.9429
BMY,186,39.8688
BMY,187,40.2428
BMY,188,40.0016
BMY,189,39.5109
BMY,190,38.7823
BMY,191,39.6864
BMY,192,39.5569
BMY,193,40.3636
BMY,194,39.8745
BMY,195,40.4713
BMY,196,40.2899
BMY,197,40.5169
BMY,198,40.5294
BMY,199,39.9729
BMY,200,39.9419
BMY,201,40.0309
BMY,202,38.9321
BMY,203,38.7299
BMY,204,38.3466
BMY,205,38.5317
BMY,206,38.0056
BMY,207,38.0433
BMY,208,38.3431
BMY,209,37.6846
BMY,210,37.8663
BMY,211,37.6894
BMY,212,38.6291
BMY,213,38.7539
BMY,214,37.9323
BMY,215,37.9130
BMY,216,37.7555
BMY,217,38.0483
BMY,218,37.1836
BMY,219,37.6121
BMY,220,37.9853
BMY,221,37.4010
BMY,222,38.0454
BMY,223,37.4432
BMY,224,37.6113
BMY,225,38.1411
BMY,226,38.4429
BMY,227,38.4360
BMY,228,38.2781
BMY,229,38.9039
BMY,230,38.5014
BMY,231,37.7821
BMY,232,36.6744
BMY,233,36.6929
BMY,234,36.1724
BMY,235,35.5983
BMY,236,35.9097
BMY,237,35.6160
BMY,238,35.3150
BMY,239,35.4454
BMY,240,34.8469
BMY,241,34.9557
BMY,242,35.3540
BMY,243,35.3765
BMY,244,35.5581
BMY,245,35.7993
BMY,246,36.5471
BMY,247,36.0089
BMY,248,35.9266
BMY,249,36.0440
BMY,250,37.1011
BMY,251,37.4835
BMY,252,37.0704
BMY,253,37.8755
BMY,254,38.9064
BMY,255,38.0214
BMY,256,37.9538
BMY,257,37.3137
BMY,258,37.4886
BMY,259,37.9530
BMY,260,37.4053
BMY,261,37.0530
BMY,262,37.5270
BMY,263,37.2259
BMY,264,38.2398
BMY,265,37.8687
BMY,266,37.0991
BMY,267,37.0676
BMY,268,37.1528
BMY,269,38.1137
BMY,270,37.9996
BMY,271,38.2755
BMY,272,38.0979
BMY,273,38.2790
BMY,274,38.2602
BMY,275,38.4838
BMY,276,38.7101
BMY,277,39.1917
BMY,278,39.3196
BMY,279,39.6193
BMY,280,39.6821
BMY,281,39.9506
BMY,282,38.6149
BMY,283,38.3866
BMY,284,37.4772
BMY,285,37.5400
BMY,286,38.0140
BMY,287,37.7561
BMY,288,38.0771
BMY,289,37.9014
BMY,290,37.1289
BMY,291,38.1734
BMY,292,38.8355
BMY,293,39.9161
BMY,294,39.9801
BMY,295,39.7301
BMY,296,39.2640
BMY,297,39.9098
BMY,298,40.3285
BMY,299,41.0597
BMY,300,41.0343
BMY,301,41.0165
BMY,302,41.6470
BMY,303,41.9787
BMY,304,41.0649
BMY,305,42.1204
BMY,306,41.8706
BMY,307,41.7453
BMY,308,40.9393
BMY,309,41.0673
BMY,310,41.3612
BMY,311,41.8626
BMY,312,42.2538
BMY,313,42.4892
BMY,314,42.2346
BMY,315,43.0526
BMY,316,43.1906
BMY,317,42.4059
BMY,318,42.4424
BMY,319,42.9148
BMY,320,42.7536
BMY,321,41.9814
BMY,322,41.7426
BMY,323,40.7952
BMY,324,39.9648
BMY,325,39.0759
BMY,326,39.2607
BMY,327,37.9323
BMY,328,37.2629
BMY,329,37.3298
BMY,330,37.8842
BMY,331,38.2276
BMY,332,38.2713
BMY,333,37.5168
BMY,334,37.1911
BMY,335,36.5837
BMY,336,35.7856
BMY,337,35.9107
BMY,338,36.1968
BMY,339,36.2253
BMY,340,36.2692
BMY,341,36.5365
BMY,342,35.9302
BMY,343,35.6440
BMY,344,35.1778
BMY,345,35.4707
BMY,346,35.3630
BMY,347,35.3961
BMY,348,35.1737
BMY,349,34.9101
BMY,350,34.9541
BMY,351,35.5041
BMY,352,36.0099
BMY,353,36.2926
BMY,354,35.5666
BMY,355,35.8072
BMY,356,35.3231
BMY,357,35.2717
BMY,358,35.2225
BMY,359,35.3334
BMY,360,35.4475
BMY,361,35.6588
BMY,362,36.0357
BMY,363,36.5900
BMY,364,36.7875
BMY,365,36.5991
BMY,366,37.1421
BMY,367,36.1799
BMY,368,35.9209
BMY,369,35.4051
BMY,370,35.6136
BMY,371,35.4037
BMY,372,35.5408
BMY,373,36.1164
BMY,374,36.4200
BMY,375,37.4927
BMY,376,36.9391
BMY,377,37.3942
BMY,378,37.5444
BMY,379,36.2951
BMY,380,36.6829
BMY,381,36.6681
BMY,382,36.8724
BMY,383,36.9725
BMY,384,37.6243
BMY,385,36.1183
BMY,386,36.8260
BMY,387,36.2304
BMY,388,36.4237
BMY,389,35.4017
BMY,390,35.5730
BMY,391,35.6782
BMY,392,34.9416
BMY,393,35.1958
BMY,394,34.8147
BMY,395,34.5502
BMY,396,34.0427
BMY,397,33.7473
BMY,398,33.4740
BMY,399,33.4674
BMY,400,33.8959
BMY,401,33.6166
BMY,402,33.4308
BMY,403,32.0996
BMY,404,32.0854
BMY,405,31.6899
BMY,406,31.1607
BMY,407,30.5425
BMY,408,30.4729
BMY,409,30.8757
BMY,410,30.7286
BMY,411,31.4519
BMY,412,32.0140
BMY,413,32.5918
BMY,414,32.6522
BMY,415,32.1234
BMY,416,32.2906
BMY,417,32.5028
BMY,418,32.4310
BMY,419,32.5542
BMY,420,33.4447
BMY,421,32.7141
BMY,422,33.3206
BMY,423,33.5858
BMY,424,33.4583
BMY,425,33.3331
BMY,426,33.1651
BMY,427,32.6959
BMY,428,32.2363
BMY,429,32.3573
BMY,430,32.8728
BMY,431,32.4587
BMY,432,33.3642
BMY,433,33.3557
BMY,434,32.7086
BMY,435,32.9492
BMY,436,32.9872
BMY,437,32.9253
BMY,438,33.8430
BMY,439,33.1727
BMY,440,33.5881
BMY,441,33.4715
BMY,442,32.8779
BMY,443,33.2270
BMY,444,33.2279
BMY,445,34.0232
BMY,446,33.7877
BMY,447,34.6515
BMY,448,34.5290
BMY,449,34.5429
BMY,450,34.1339
BMY,451,34.0629
BMY,452,33.7340
BMY,453,33.8293
BMY,454,33.8650
BMY,455,34.2785
BMY,456,33.6389
BMY,457,33.9940
BMY,458,34.6984
BMY,459,34.1202
BMY,460,34.7833
BMY,461,34.4633
BMY,462,33.6442
BMY,463,34.2139
BMY,464,33.8292
BMY,465,33.3314
BMY,466,33.0271
BMY,467,33.1805
BMY,468,33.5570
BMY,469,32.5295
BMY,470,32.4492
BMY,471,32.6959
BMY,472,33.3295
BMY,473,32.9611
BMY,474,32.2729
BMY,475,32.3352
BMY,476,31.8862
BMY,477,32.8442
BMY,478,32.6478
BMY,479,31.6751
BMY,480,31.0392
BMY,481,31.4402
BMY,482,31.7596
BMY,483,31.7563
BMY,484,31.7756
BMY,485,32.4375
BMY,486,32.3017
BMY,487,32.9086
BMY,488,33.5473
BMY,489,34.4337
BMY,490,34.5385
BMY,491,34.4305
BMY,492,34.9091
BMY,493,34.6256
BMY,494,35.1682
BMY,495,35.1556
BMY,496,35.2462
BMY,497,34.8031
BMY,498,35.1257
BMY,499,34.9700
BMY,500,35.0488
BMY,501,35.0074
BMY,502,34.7634
BMY,503,34.6489
BMY,504,34.5658
AMGN,0,290.0000
AMGN,1,286.0271
AMGN,2,288.5779
AMGN,3,289.1403
AMGN,4,292.7279
AMGN,5,293.6699
AMGN,6,288.4919
AMGN,7,285.4563
AMGN,8,275.0414
AMGN,9,270.7615
AMGN,10,270.2925
AMGN,11,266.3884
AMGN,12,267.6233
AMGN,13,269.5730
AMGN,14,270.4569
AMGN,15,272.3394
AMGN,16,273.7047
AMGN,17,265.4903
AMGN,18,266.1007
AMGN,19,271.2097
AMGN,20,268.3752
AMGN,21,269.7411
AMGN,22,263.8308
AMGN,23,266.1665
AMGN,24,271.1605
AMGN,25,268.5614
AMGN,26,275.2615
AMGN,27,276.3437
AMGN,28,281.3433
AMGN,29,277.5231
AMGN,30,274.0418
AMGN,31,273.0600
AMGN,32,271.3854
AMGN,33,270.4363
AMGN,34,279.2999
AMGN,35,273.8473
AMGN,36,270.9631
AMGN,37,268.5418
AMGN,38,271.2144
AMGN,39,265.4473
AMGN,40,267.5031
AMGN,41,266.0104
AMGN,42,259.4890
AMGN,43,255.9123
AMGN,44,258.9306
AMGN,45,256.3923
AMGN,46,252.5361
AMGN,47,254.0671
AMGN,48,254.7573
AMGN,49,247.2719
AMGN,50,242.3702
AMGN,51,241.3658
AMGN,52,242.1667
AMGN,53,241.0807
AMGN,54,239.5672
AMGN,55,241.2068
AMGN,56,237.5134
AMGN,57,236.4381
AMGN,58,241.6379
AMGN,59,242.8587
AMGN,60,243.2065
AMGN,61,240.3249
AMGN,62,235.2887
AMGN,63,237.6670
AMGN,64,233.6926
AMGN,65,235.4257
AMGN,66,235.1700
AMGN,67,236.7594
AMGN,68,239.8687
AMGN,69,240.0065
AMGN,70,239.3316
AMGN,71,242.5923
AMGN,72,242.7305
AMGN,73,240.0073
AMGN,74,241.4044
AMGN,75,239.8241
AMGN,76,240.4676
AMGN,77,242.1528
AMGN,78,243.5417
AMGN,79,243.4516
AMGN,80,243.8267
AMGN,81,238.5653
AMGN,82,237.5675
AMGN,83,233.2045
AMGN,84,235.8483
AMGN,85,234.6430
AMGN,86,240.3273
AMGN,87,238.7992
AMGN,88,240.4952
AMGN,89,235.9496
AMGN,90,240.0812
AMGN,91,240.5088
AMGN,92,250.1412
AMGN,93,252.6693
AMGN,94,257.6773
AMGN,95,260.6702
AMGN,96,259.4341
AMGN,97,258.3357
AMGN,98,253.1540
AMGN,99,248.7921
AMGN,100,251.8898
AMGN,101,251.6005
AMGN,102,250.3824
AMGN,103,244.5886
AMGN,104,247.9518
AMGN,105,248.2430
AMGN,106,253.1467
AMGN,107,247.2620
AMGN,108,242.6498
AMGN,109,235.2513
AMGN,110,236.0882
AMGN,111,237.1685
AMGN,112,237.8350
AMGN,113,239.8165
AMGN,114,239.1388
AMGN,115,237.1221
AMGN,116,236.6955
AMGN,117,238.2485
AMGN,118,231.6710
AMGN,119,237.1967
AMGN,120,237.1366
AMGN,121,237.3682
AMGN,122,245.3539
AMGN,123,243.1760
AMGN,124,242.0310
AMGN,125,240.2122
AMGN,126,238.5510
AMGN,127,237.4829
AMGN,128,236.5320
AMGN,129,232.8878
AMGN,130,227.9070
AMGN,131,227.1125
AMGN,132,224.6569
AMGN,133,221.7148
AMGN,134,222.9129
AMGN,135,226.4595
AMGN,136,232.2251
AMGN,137,232.7967
AMGN,138,226.9275
AMGN,139,231.7543
AMGN,140,238.4659
AMGN,141,235.6287
AMGN,142,228.3902
AMGN,143,222.6021
AMGN,144,220.7000
AMGN,145,217.1311
AMGN,146,215.6048
AMGN,147,216.3485
AMGN,148,215.2114
AMGN,149,211.7692
AMGN,150,209.4367
AMGN,151,210.7059
AMGN,152,207.5065
AMGN,153,207.8884
AMGN,154,204.7786
AMGN,155,204.2850
AMGN,156,213.6079
AMGN,157,212.7168
AMGN,158,212.8782
AMGN,159,211.7413
AMGN,160,216.6215
AMGN,161,211.0608
AMGN,162,207.6029
AMGN,163,204.5935
AMGN,164,205.9903
AMGN,165,210.6912
AMGN,166,210.0361
AMGN,167,207.2406
AMGN,168,204.7262
AMGN,169,203.7138
AMGN,170,204.1034
AMGN,171,206.1852
AMGN,172,204.8178
AMGN,173,203.4050
AMGN,174,204.5428
AMGN,175,208.2577
AMGN,176,208.9114
AMGN,177,209.3469
AMGN,178,209.7877
AMGN,179,212.8399
AMGN,180,207.8335
AMGN,181,206.0079
AMGN,182,204.7218
AMGN,183,199.7404
AMGN,184,201.3391
AMGN,185,200.1971
AMGN,186,198.3550
AMGN,187,196.3840
AMGN,188,194.4719
AMGN,189,195.9739
AMGN,190,194.3755
AMGN,191,195.2480
AMGN,192,197.3010
AMGN,193,199.4233
AMGN,194,201.4193
AMGN,195,204.2450
AMGN,196,202.4306
AMGN,197,200.0271
AMGN,198,199.2753
AMGN,199,197.8107
AMGN,200,199.4493
AMGN,201,196.5055
AMGN,202,193.3787
AMGN,203,196.5951
AMGN,204,194.3490
AMGN,205,196.4075
AMGN,206,192.8605
AMGN,207,194.4956
AMGN,208,198.3660
AMGN,209,197.0661
AMGN,210,199.3480
AMGN,211,195.7238
AMGN,212,200.4743
AMGN,213,199.3954
AMGN,214,200.2765
AMGN,215,197.6311
AMGN,216,197.8144
AMGN,217,198.6605
AMGN,218,197.7494
AMGN,219,199.3366
AMGN,220,200.4506
AMGN,221,202.7667
AMGN,222,202.9966
AMGN,223,199.4433
AMGN,224,200.2908
AMGN,225,199.0551
AMGN,226,201.9276
AMGN,227,201.0989
AMGN,228,202.8238
AMGN,229,202.8455
AMGN,230,205.0873
AMGN,231,200.8746
AMGN,232,198.2130
AMGN,233,199.4484
AMGN,234,196.2269
AMGN,235,196.2945
AMGN,236,197.1090
AMGN,237,200.3284
AMGN,238,201.6896
AMGN,239,201.8458
AMGN,240,199.6925
AMGN,241,201.9356
AMGN,242,201.1944
AMGN,243,201.2177
AMGN,244,201.9529
AMGN,245,200.3680
AMGN,246,204.3309
AMGN,247,201.4921
AMGN,248,198.8765
AMGN,249,198.6971
AMGN,250,202.8548
AMGN,251,204.5608
AMGN,252,200.2399
AMGN,253,201.2019
AMGN,254,203.8384
AMGN,255,207.3789
AMGN,256,209.3530
AMGN,257,208.4428
AMGN,258,207.9583
AMGN,259,210.5127
AMGN,260,209.4528
AMGN,261,211.5402
AMGN,262,212.4924
AMGN,263,213.4721
AMGN,264,211.8711
AMGN,265,211.5361
AMGN,266,208.9393
AMGN,267,209.5026
AMGN,268,212.6243
AMGN,269,218.2435
AMGN,270,214.9078
AMGN,271,217.3599
AMGN,272,218.5506
AMGN,273,214.3673
AMGN,274,218.2670
AMGN,275,217.0158
AMGN,276,219.4465
AMGN,277,221.1330
AMGN,278,218.5920
AMGN,279,221.0852
AMGN,280,221.3767
AMGN,281,223.3739
AMGN,282,219.6936
AMGN,283,220.3744
AMGN,284,218.7067
AMGN,285,215.0960
AMGN,286,217.3039
AMGN,287,217.5810
AMGN,288,221.7290
AMGN,289,222.8432
AMGN,290,222.1091
AMGN,291,225.1128
AMGN,292,225.0588
AMGN,293,227.6220
AMGN,294,228.6846
AMGN,295,230.5266
AMGN,296,228.3891
AMGN,297,233.2329
AMGN,298,239.2690
AMGN,299,239.7286
AMGN,300,240.5673
AMGN,301,241.6907
AMGN,302,243.6340
AMGN,303,245.5048
AMGN,304,242.3365
AMGN,305,243.8384
AMGN,306,249.0851
AMGN,307,252.4815
AMGN,308,248.2503
AMGN,309,244.6730
AMGN,310,247.7714
AMGN,311,245.1179
AMGN,312,246.2937
AMGN,313,243.3514
AMGN,314,241.8248
AMGN,315,237.3113
AMGN,316,241.2623
AMGN,317,240.5268
AMGN,318,239.7912
AMGN,319,242.3916
AMGN,320,241.1468
AMGN,321,246.2651
AMGN,322,245.8993
AMGN,323,239.9398
AMGN,324,237.1109
AMGN,325,236.6878
AMGN,326,235.3621
AMGN,327,233.0001
AMGN,328,231.7816
AMGN,329,228.8309
AMGN,330,231.6042
AMGN,331,235.4892
AMGN,332,236.0103
AMGN,333,230.7191
AMGN,334,233.1624
AMGN,335,236.2711
AMGN,336,233.7394
AMGN,337,236.0524
AMGN,338,231.7831
AMGN,339,233.6351
AMGN,340,235.1952
AMGN,341,238.5967
AMGN,342,233.7326
AMGN,343,230.4160
AMGN,344,229.2462
AMGN,345,233.8021
AMGN,346,239.4606
AMGN,347,240.5462
AMGN,348,235.9642
AMGN,349,232.0055
AMGN,350,230.8105
AMGN,351,234.5480
AMGN,352,236.5481
AMGN,353,243.2523
AMGN,354,242.4733
AMGN,355,241.2622
AMGN,356,239.5346
AMGN,357,238.5959
AMGN,358,239.5283
AMGN,359,238.4897
AMGN,360,240.1187
AMGN,361,240.0051
AMGN,362,241.1226
AMGN,363,238.2274
AMGN,364,240.7448
AMGN,365,243.9393
AMGN,366,242.7317
AMGN,367,234.5258
AMGN,368,230.6584
AMGN,369,227.8512
AMGN,370,227.2660
AMGN,371,224.9973
AMGN,372,227.1649
AMGN,373,232.2406
AMGN,374,234.3455
AMGN,375,240.1664
AMGN,376,235.5468
AMGN,377,234.1261
AMGN,378,238.7657
AMGN,379,236.4136
AMGN,380,236.9829
AMGN,381,233.5425
AMGN,382,236.2158
AMGN,383,237.2281
AMGN,384,240.6408
AMGN,385,234.8930
AMGN,386,230.3182
AMGN,387,227.3111
AMGN,388,228.1650
AMGN,389,221.6914
AMGN,390,222.8270
AMGN,391,223.1740
AMGN,392,219.7306
AMGN,393,227.4377
AMGN,394,229.7162
AMGN,395,227.0759
AMGN,396,226.1879
AMGN,397,226.1197
AMGN,398,229.3881
AMGN,399,223.4057
AMGN,400,227.3944
AMGN,401,225.9666
AMGN,402,222.8997
AMGN,403,217.6008
AMGN,404,221.5415
AMGN,405,221.4796
AMGN,406,222.5629
AMGN,407,219.4615
AMGN,408,222.8238
AMGN,409,222.8147
AMGN,410,220.4124
AMGN,411,224.1352
AMGN,412,227.3579
AMGN,413,232.7982
AMGN,414,234.6694
AMGN,415,231.9479
AMGN,416,231.5295
AMGN,417,230.4316
AMGN,418,225.4412
AMGN,419,225.8611
AMGN,420,229.8843
AMGN,421,226.6912
AMGN,422,231.8197
AMGN,423,234.1118
AMGN,424,234.6815
AMGN,425,233.0826
AMGN,426,235.1540
AMGN,427,233.6172
AMGN,428,227.5463
AMGN,429,223.8047
AMGN,430,218.7015
AMGN,431,221.7453
AMGN,432,226.8191
AMGN,433,223.5075
AMGN,434,221.9331
AMGN,435,221.7855
AMGN,436,224.3123
AMGN,437,222.9101
AMGN,438,228.9681
AMGN,439,226.0471
AMGN,440,228.6645
AMGN,441,232.0890
AMGN,442,233.9713
AMGN,443,235.7719
AMGN,444,238.7536
AMGN,445,242.4510
AMGN,446,240.9630
AMGN,447,244.3728
AMGN,448,243.1876
AMGN,449,237.4024
AMGN,450,237.7541
AMGN,451,237.2690
AMGN,452,240.8512
AMGN,453,240.2464
AMGN,454,240.6455
AMGN,455,240.6786
AMGN,456,243.2118
AMGN,457,247.1255
AMGN,458,253.7208
AMGN,459,250.4072
AMGN,460,254.4917
AMGN,461,253.2525
AMGN,462,244.9525
AMGN,463,246.0937
AMGN,464,246.6224
AMGN,465,244.7472
AMGN,466,243.3602
AMGN,467,246.8823
AMGN,468,253.6588
AMGN,469,250.6864
AMGN,470,250.2862
AMGN,471,245.9741
AMGN,472,253.8844
AMGN,473,256.3242
AMGN,474,258.6910
AMGN,475,260.5863
AMGN,476,259.3829
AMGN,477,259.7126
AMGN,478,251.9498
AMGN,479,248.5681
AMGN,480,249.8153
AMGN,481,257.7078
AMGN,482,263.3902
AMGN,483,265.4421
AMGN,484,267.7419
AMGN,485,270.2052
AMGN,486,267.1595
AMGN,487,267.2247
AMGN,488,269.9043
AMGN,489,282.4431
AMGN,490,292.1966
AMGN,491,298.9619
AMGN,492,301.7319
AMGN,493,302.4811
AMGN,494,306.3247
AMGN,495,301.0941
AMGN,496,300.7392
AMGN,497,301.4848
AMGN,498,301.3163
AMGN,499,302.6728
AMGN,500,302.9973
AMGN,501,299.1362
AMGN,502,297.2989
AMGN,503,298.3696
AMGN,504,298.2245
GILD,0,75.0000
GILD,1,75.6740
GILD,2,76.0781
GILD,3,76.1990
GILD,4,77.3645
GILD,5,76.5676
GILD,6,76.9313
GILD,7,75.7304
GILD,8,73.7153
GILD,9,72.5090
GILD,10,71.3272
GILD,11,71.0248
GILD,12,71.6428
GILD,13,70.7948
GILD,14,70.0030
GILD,15,70.3786
GILD,16,72.2070
GILD,17,70.7513
GILD,18,69.3725
GILD,19,70.7981
GILD,20,69.5654
GILD,21,69.8043
GILD,22,70.0455
GILD,23,70.1817
GILD,24,69.7501
GILD,25,69.0137
GILD,26,70.3952
GILD,27,71.7831
GILD,28,71.1060
GILD,29,70.4170
GILD,30,69.8731
GILD,31,68.6921
GILD,32,69.0017
GILD,33,67.3339
GILD,34,68.7685
GILD,35,66.6660
GILD,36,64.1342
GILD,37,62.2215
GILD,38,62.6886
GILD,39,62.3762
GILD,40,64.1243
GILD,41,65.4683
GILD,42,62.9089
GILD,43,61.5169
GILD,44,62.3831
GILD,45,62.7984
GILD,46,63.0281
GILD,47,61.2944
GILD,48,62.3071
GILD,49,61.1783
GILD,50,61.0620
GILD,51,61.1914
GILD,52,60.4059
GILD,53,60.6257
GILD,54,59.7016
GILD,55,60.0210
GILD,56,59.0817
GILD,57,57.6038
GILD,58,59.3437
GILD,59,58.7569
GILD,60,58.5700
GILD,61,58.6844
GILD,62,57.9564
GILD,63,59.0602
GILD,64,60.1810
GILD,65,60.7697
GILD,66,61.0024
GILD,67,59.8723
GILD,68,59.9254
GILD,69,58.7821
GILD,70,58.5241
GILD,71,59.8021
GILD,72,59.8505
GILD,73,59.4569
GILD,74,58.2855
GILD,75,57.4354
GILD,76,57.4209
GILD,77,58.3754
GILD,78,58.7126
GILD,79,58.2982
GILD,80,59.9945
GILD,81,59.7550
GILD,82,58.7737
GILD,83,58.6602
GILD,84,58.4996
GILD,85,59.2023
GILD,86,59.8725
GILD,87,60.0888
GILD,88,60.3662
GILD,89,60.0192
GILD,90,60.9617
GILD,91,59.9326
GILD,92,62.1451
GILD,93,62.2858
GILD,94,63.1350
GILD,95,63.0594
GILD,96,62.7608
GILD,97,61.5660
GILD,98,61.8679
GILD,99,59.8702
GILD,100,61.0044
GILD,101,61.3844
GILD,102,59.6514
GILD,103,59.7782
GILD,104,60.4851
GILD,105,60.8277
GILD,106,62.3017
GILD,107,61.3705
GILD,108,59.9557
GILD,109,59.3004
GILD,110,58.2400
GILD,111,58.7993
GILD,112,60.0611
GILD,113,60.8528
GILD,114,58.8986
GILD,115,59.9730
GILD,116,58.6430
GILD,117,57.8744
GILD,118,56.7904
GILD,119,57.2566
GILD,120,56.6923
GILD,121,55.8695
GILD,122,57.7709
GILD,123,57.2155
GILD,124,58.1987
GILD,125,57.2506
GILD,126,58.2839
GILD,127,58.7499
GILD,128,58.4818
GILD,129,58.0696
GILD,130,56.7328
GILD,131,56.5590
GILD,132,55.1782
GILD,133,54.3269
GILD,134,54.4305
GILD,135,54.3214
GILD,136,54.2843
GILD,137,53.8361
GILD,138,53.2438
GILD,139,53.4479
GILD,140,53.9766
GILD,141,53.4905
GILD,142,52.9522
GILD,143,52.4647
GILD,144,52.8074
GILD,145,52.5705
GILD,146,51.5763
GILD,147,51.0300
GILD,148,51.2094
GILD,149,50.3552
GILD,150,50.7409
GILD,151,50.6130
GILD,152,50.1827
GILD,153,49.9325
GILD,154,49.9155
GILD,155,48.1149
GILD,156,49.4413
GILD,157,49.7236
GILD,158,48.7144
GILD,159,48.0671
GILD,160,48.7419
GILD,161,48.3605
GILD,162,47.2046
GILD,163,46.9711
GILD,164,47.0763
GILD,165,46.3483
GILD,166,46.8873
GILD,167,47.6502
GILD,168,47.0043
GILD,169,46.2102
GILD,170,45.4837
GILD,171,45.5931
GILD,172,45.9960
GILD,173,46.6085
GILD,174,46.2347
GILD,175,47.0534
GILD,176,46.7598
GILD,177,47.0839
GILD,178,48.4440
GILD,179,50.1126
GILD,180,49.2115
GILD,181,48.9011
GILD,182,48.2819
GILD,183,47.6227
GILD,184,47.6292
GILD,185,48.2104
GILD,186,48.4224
GILD,187,46.7461
GILD,188,45.2111
GILD,189,45.0642
GILD,190,44.0891
GILD,191,45.2157
GILD,192,45.3359
GILD,193,44.8325
GILD,194,44.8857
GILD,195,45.0129
GILD,196,45.0968
GILD,197,44.0159
GILD,198,44.5683
GILD,199,44.7325
GILD,200,44.2640
GILD,201,44.8769
GILD,202,44.0716
GILD,203,43.9134
GILD,204,43.4121
GILD,205,43.7927
GILD,206,43.0161
GILD,207,43.1688
GILD,208,43.9986
GILD,209,43.9031
GILD,210,44.6677
GILD,211,44.6634
GILD,212,45.8592
GILD,213,46.2817
GILD,214,46.3829
GILD,215,46.3350
GILD,216,46.3740
GILD,217,46.7831
GILD,218,46.0669
GILD,219,46.8090
GILD,220,47.3087
GILD,221,47.3606
GILD,222,48.5794
GILD,223,48.0635
GILD,224,47.5617
GILD,225,48.5397
GILD,226,49.6378
GILD,227,50.5716
GILD,228,49.9557
GILD,229,51.1405
GILD,230,50.4734
GILD,231,49.9392
GILD,232,49.8934
GILD,233,49.8394
GILD,234,49.4421
GILD,235,48.9374
GILD,236,49.1340
GILD,237,50.3331
GILD,238,50.1262
GILD,239,49.8178
GILD,240,48.9440
GILD,241,49.9090
GILD,242,49.7124
GILD,243,49.7376
GILD,244,50.5077
GILD,245,51.1758
GILD,246,52.1679
GILD,247,51.0008
GILD,248,49.6980
GILD,249,49.1855
GILD,250,50.2793
GILD,251,50.4252
GILD,252,49.3114
GILD,253,51.0551
GILD,254,50.5602
GILD,255,50.0505
GILD,256,50.8803
GILD,257,51.1282
GILD,258,50.4358
GILD,259,50.5179
GILD,260,50.6116
GILD,261,51.0928
GILD,262,51.2897
GILD,263,51.7649
GILD,264,52.3033
GILD,265,52.3738
GILD,266,50.5492
GILD,267,50.6813
GILD,268,51.1289
GILD,269,51.5540
GILD,270,51.4745
GILD,271,53.5467
GILD,272,53.6720
GILD,273,52.3240
GILD,274,52.3130
GILD,275,51.4880
GILD,276,52.4325
GILD,277,53.6164
GILD,278,53.1891
GILD,279,52.4456
GILD,280,52.1362
GILD,281,52.2502
GILD,282,51.4737
GILD,283,51.1535
GILD,284,50.8651
GILD,285,50.6654
GILD,286,51.3645
GILD,287,50.1286
GILD,288,51.8137
GILD,289,51.1201
GILD,290,51.3563
GILD,291,52.1569
GILD,292,52.3632
GILD,293,53.4114
GILD,294,52.8938
GILD,295,52.6713
GILD,296,52.4068
GILD,297,53.6744
GILD,298,54.0380
GILD,299,55.4237
GILD,300,56.3874
GILD,301,54.6997
GILD,302,54.5433
GILD,303,54.0988
GILD,304,53.4050
GILD,305,54.5437
GILD,306,55.3388
GILD,307,56.1992
GILD,308,55.3461
GILD,309,54.0630
GILD,310,53.4019
GILD,311,54.2280
GILD,312,55.2598
GILD,313,56.3639
GILD,314,55.8076
GILD,315,55.9281
GILD,316,55.0383
GILD,317,54.2754
GILD,318,53.3453
GILD,319,54.9416
GILD,320,54.4488
GILD,321,53.8179
GILD,322,53.1521
GILD,323,52.2628
GILD,324,50.8699
GILD,325,50.7199
GILD,326,51.3510
GILD,327,49.9602
GILD,328,50.1953
GILD,329,51.0915
GILD,330,51.6324
GILD,331,52.5257
GILD,332,52.9945
GILD,333,52.4857
GILD,334,52.4381
GILD,335,52.2922
GILD,336,51.8028
GILD,337,52.1964
GILD,338,52.1445
GILD,339,52.8538
GILD,340,53.0489
GILD,341,53.0878
GILD,342,51.9875
GILD,343,51.0346
GILD,344,51.2483
GILD,345,51.4816
GILD,346,51.8361
GILD,347,52.5472
GILD,348,52.6069
GILD,349,52.7827
GILD,350,52.1620
GILD,351,53.1478
GILD,352,53.5737
GILD,353,54.5679
GILD,354,54.6167
GILD,355,54.5637
GILD,356,53.9844
GILD,357,54.4501
GILD,358,55.1700
GILD,359,56.3765
GILD,360,56.2690
GILD,361,57.6554
GILD,362,56.2677
GILD,363,55.4139
GILD,364,55.4014
GILD,365,56.3258
GILD,366,55.4789
GILD,367,54.4076
GILD,368,54.3447
GILD,369,54.8135
GILD,370,56.2199
GILD,371,56.1510
GILD,372,56.3777
GILD,373,56.2591
GILD,374,57.3353
GILD,375,57.2922
GILD,376,56.7761
GILD,377,56.6807
GILD,378,56.5875
GILD,379,55.2819
GILD,380,56.2329
GILD,381,56.9713
GILD,382,56.3469
GILD,383,56.6737
GILD,384,57.9213
GILD,385,56.8169
GILD,386,57.0274
GILD,387,57.5302
GILD,388,57.8221
GILD,389,56.5948
GILD,390,56.2575
GILD,391,56.6317
GILD,392,56.7800
GILD,393,58.3194
GILD,394,59.2095
GILD,395,57.7752
GILD,396,57.5480
GILD,397,58.1002
GILD,398,56.0826
GILD,399,55.6177
GILD,400,56.5780
GILD,401,56.2046
GILD,402,56.7928
GILD,403,54.3974
GILD,404,53.1264
GILD,405,51.5847
GILD,406,51.8927
GILD,407,51.5793
GILD,408,51.0529
GILD,409,51.0367
GILD,410,50.8763
GILD,411,51.1985
GILD,412,52.1212
GILD,413,52.8158
GILD,414,52.7810
GILD,415,51.9492
GILD,416,52.9487
GILD,417,52.3337
GILD,418,52.2290
GILD,419,52.0066
GILD,420,51.2996
GILD,421,50.2924
GILD,422,50.9805
GILD,423,50.9444
GILD,424,51.4447
GILD,425,50.6702
GILD,426,52.0773
GILD,427,51.2751
GILD,428,50.8484
GILD,429,51.5614
GILD,430,51.4383
GILD,431,51.1689
GILD,432,52.3048
GILD,433,52.4941
GILD,434,52.7676
GILD,435,54.4398
GILD,436,55.0460
GILD,437,55.2162
GILD,438,55.3092
GILD,439,54.5707
GILD,440,55.0450
GILD,441,55.0566
GILD,442,54.8845
GILD,443,53.9106
GILD,444,54.7198
GILD,445,54.8690
GILD,446,54.0882
GILD,447,55.0030
GILD,448,55.7243
GILD,449,56.3829
GILD,450,57.6378
GILD,451,58.2106
GILD,452,57.5537
GILD,453,58.6349
GILD,454,57.6116
GILD,455,59.2038
GILD,456,59.4075
GILD,457,59.6535
GILD,458,60.7849
GILD,459,60.3094
GILD,460,60.8974
GILD,461,61.3312
GILD,462,61.0724
GILD,463,60.6193
GILD,464,61.0948
GILD,465,59.8627
GILD,466,58.9753
GILD,467,59.1569
GILD,468,59.4779
GILD,469,58.3882
GILD,470,58.4212
GILD,471,57.7003
GILD,472,58.6484
GILD,473,58.4465
GILD,474,57.0430
GILD,475,58.4156
GILD,476,58.8382
GILD,477,59.0590
GILD,478,58.2558
GILD,479,57.4683
GILD,480,57.0714
GILD,481,58.2501
GILD,482,59.2327
GILD,483,59.3344
GILD,484,60.3624
GILD,485,60.7237
GILD,486,60.0869
GILD,487,59.7513
GILD,488,60.9160
GILD,489,62.3221
GILD,490,62.5299
GILD,491,64.9784
GILD,492,65.9940
GILD,493,67.2983
GILD,494,67.8493
GILD,495,66.6849
GILD,496,66.9952
GILD,497,67.6117
GILD,498,68.1898
GILD,499,68.3086
GILD,500,68.6199
GILD,501,70.4272
GILD,502,69.6257
GILD,503,70.8510
GILD,504,72.1676
CVS,0,60.0000
CVS,1,58.8507
CVS,2,58.3787
CVS,3,59.9232
CVS,4,59.2829
CVS,5,60.3684
CVS,6,58.3153
CVS,7,58.8950
CVS,8,58.1919
CVS,9,57.8309
CVS,10,57.6866
CVS,11,56.9112
CVS,12,57.2471
CVS,13,56.1687
CVS,14,56.7537
CVS,15,55.6704
CVS,16,55.0238
CVS,17,53.8715
CVS,18,53.6097
CVS,19,55.2782
CVS,20,54.3004
CVS,21,52.8742
CVS,22,52.2965
CVS,23,51.9254
CVS,24,50.9896
CVS,25,49.1142
CVS,26,49.6560
CVS,27,50.1488
CVS,28,50.1841
CVS,29,49.9408
CVS,30,50.2111
CVS,31,50.6632
CVS,32,51.6026
CVS,33,51.0900
CVS,34,52.2358
CVS,35,51.9021
CVS,36,51.6124
CVS,37,52.1903
CVS,38,51.9743
CVS,39,50.7777
CVS,40,51.1823
CVS,41,51.7305
CVS,42,49.7302
CVS,43,48.6452
CVS,44,48.1680
CVS,45,49.6227
CVS,46,48.6897
CVS,47,48.3871
CVS,48,47.6584
CVS,49,48.0747
CVS,50,47.3414
CVS,51,46.3172
CVS,52,46.3466
CVS,53,45.8785
CVS,54,44.4934
CVS,55,45.0743
CVS,56,45.0415
CVS,57,44.9465
CVS,58,45.0511
CVS,59,43.9002
CVS,60,44.0187
CVS,61,43.5140
CVS,62,42.8183
CVS,63,43.4447
CVS,64,44.0806
CVS,65,44.0929
CVS,66,43.6206
CVS,67,43.8322
CVS,68,43.9751
CVS,69,44.4525
CVS,70,43.5119
CVS,71,43.9553
CVS,72,43.7181
CVS,73,41.9739
CVS,74,41.4313
CVS,75,40.3852
CVS,76,40.5973
CVS,77,40.5740
CVS,78,41.5655
CVS,79,40.4515
CVS,80,40.2041
CVS,81,39.6491
CVS,82,40.7075
CVS,83,41.1841
CVS,84,41.4110
CVS,85,40.3017
CVS,86,41.3163
CVS,87,42.4109
CVS,88,42.4421
CVS,89,42.1361
CVS,90,43.8121
CVS,91,42.5393
CVS,92,43.1460
CVS,93,42.3491
CVS,94,43.0512
CVS,95,43.0956
CVS,96,43.8928
CVS,97,43.0964
CVS,98,42.2477
CVS,99,41.8217
CVS,100,44.2431
CVS,101,43.2363
CVS,102,42.0038
CVS,103,41.6721
CVS,104,42.4167
CVS,105,41.3949
CVS,106,41.5844
CVS,107,40.4497
CVS,108,39.8784
CVS,109,39.5505
CVS,110,38.2224
CVS,111,38.9451
CVS,112,39.3529
CVS,113,39.0040
CVS,114,39.5964
CVS,115,39.9321
CVS,116,39.5120
CVS,117,39.0793
CVS,118,37.9512
CVS,119,38.4253
CVS,120,38.2100
CVS,121,37.3408
CVS,122,39.1644
CVS,123,38.7058
CVS,124,38.8466
CVS,125,39.6262
CVS,126,39.5889
CVS,127,40.3052
CVS,128,40.1550
CVS,129,40.4958
CVS,130,39.7038
CVS,131,38.7660
CVS,132,38.1686
CVS,133,37.5990
CVS,134,36.9042
CVS,135,36.9231
CVS,136,36.9237
CVS,137,37.3395
CVS,138,36.8034
CVS,139,37.5210
CVS,140,37.8996
CVS,141,36.8902
CVS,142,35.7177
CVS,143,34.8872
CVS,144,34.8149
CVS,145,34.9930
CVS,146,34.3467
CVS,147,34.4891
CVS,148,34.1847
CVS,149,32.8203
CVS,150,33.1289
CVS,151,32.2506
CVS,152,31.5432
CVS,153,31.4067
CVS,154,31.5391
CVS,155,30.3241
CVS,156,31.5827
CVS,157,31.0233
CVS,158,30.7410
CVS,159,30.2959
CVS,160,29.9971
CVS,161,29.4270
CVS,162,29.0526
CVS,163,28.3253
CVS,164,28.6960
CVS,165,28.5703
CVS,166,28.5960
CVS,167,28.8780
CVS,168,28.4418
CVS,169,28.3535
CVS,170,28.8847
CVS,171,29.7348
CVS,172,29.5884
CVS,173,29.0011
CVS,174,28.8628
CVS,175,29.9366
CVS,176,30.0256
CVS,177,30.6614
CVS,178,30.7109
CVS,179,31.6654
CVS,180,31.2931
CVS,181,31.8882
CVS,182,31.6542
CVS,183,30.6626
CVS,184,30.3624
CVS,185,30.4902
CVS,186,30.1358
CVS,187,30.4618
CVS,188,29.4726
CVS,189,29.1074
CVS,190,28.3903
CVS,191,29.3643
CVS,192,29.3238
CVS,193,30.0509
CVS,194,28.9278
CVS,195,29.2975
CVS,196,29.3298
CVS,197,29.0429
CVS,198,29.4892
CVS,199,29.3906
CVS,200,29.3116
CVS,201,29.4254
CVS,202,28.2585
CVS,203,28.5873
CVS,204,29.1370
CVS,205,29.0706
CVS,206,28.0078
CVS,207,28.3612
CVS,208,28.9979
CVS,209,29.0193
CVS,210,28.9154
CVS,211,28.5073
CVS,212,29.1448
CVS,213,29.4102
CVS,214,29.3086
CVS,215,29.3763
CVS,216,29.7676
CVS,217,30.0269
CVS,218,29.4468
CVS,219,30.3258
CVS,220,30.1166
CVS,221,30.0497
CVS,222,30.6074
CVS,223,30.2997
CVS,224,30.2564
CVS,225,29.6652
CVS,226,30.5534
CVS,227,30.4974
CVS,228,30.0103
CVS,229,29.5145
CVS,230,29.4498
CVS,231,28.2226
CVS,232,28.4076
CVS,233,28.2454
CVS,234,28.4036
CVS,235,29.2119
CVS,236,29.0461
CVS,237,29.9354
CVS,238,29.8664
CVS,239,29.7421
CVS,240,29.6750
CVS,241,30.3375
CVS,242,30.3701
CVS,243,31.4388
CVS,244,32.1623
CVS,245,31.5438
CVS,246,31.6326
CVS,247,31.2649
CVS,248,30.5929
CVS,249,29.9892
CVS,250,30.3606
CVS,251,31.5073
CVS,252,31.1054
CVS,253,31.5140
CVS,254,32.0576
CVS,255,32.5913
CVS,256,32.9149
CVS,257,32.1713
CVS,258,31.6808
CVS,259,32.3529
CVS,260,32.5491
CVS,261,33.4847
CVS,262,34.3392
CVS,263,36.2844
CVS,264,36.7012
CVS,265,37.1599
CVS,266,35.7814
CVS,267,36.2427
CVS,268,36.1857
CVS,269,37.1015
CVS,270,37.2643
CVS,271,36.7633
CVS,272,36.3545
CVS,273,35.5046
CVS,274,36.0031
CVS,275,35.6180
CVS,276,35.5590
CVS,277,35.9634
CVS,278,36.1762
CVS,279,36.1298
CVS,280,36.8747
CVS,281,36.1008
CVS,282,35.8619
CVS,283,35.5016
CVS,284,35.9968
CVS,285,36.2842
CVS,286,36.0883
CVS,287,35.3373
CVS,288,35.8038
CVS,289,35.4106
CVS,290,36.0979
CVS,291,35.5654
CVS,292,36.4956
CVS,293,37.1499
CVS,294,37.2816
CVS,295,37.6365
CVS,296,38.3742
CVS,297,39.5592
CVS,298,40.4576
CVS,299,40.6231
CVS,300,41.4793
CVS,301,41.1372
CVS,302,40.4761
CVS,303,40.7400
CVS,304,40.0194
CVS,305,40.6569
CVS,306,40.6426
CVS,307,39.6473
CVS,308,39.6480
CVS,309,39.0978
CVS,310,39.4898
CVS,311,39.3113
CVS,312,40.1615
CVS,313,39.9538
CVS,314,39.8566
CVS,315,39.5402
CVS,316,39.0677
CVS,317,38.2771
CVS,318,36.8904
CVS,319,37.9630
CVS,320,37.6999
CVS,321,36.6166
CVS,322,36.5061
CVS,323,35.3537
CVS,324,34.6410
CVS,325,33.3338
CVS,326,33.9755
CVS,327,33.5904
CVS,328,33.3963
CVS,329,33.7732
CVS,330,34.8634
CVS,331,34.9199
CVS,332,35.6112
CVS,333,35.3345
CVS,334,35.1202
CVS,335,35.7547
CVS,336,34.1878
CVS,337,34.5596
CVS,338,34.2876
CVS,339,34.4565
CVS,340,33.6021
CVS,341,33.7730
CVS,342,32.7033
CVS,343,31.1772
CVS,344,31.3057
CVS,345,31.1485
CVS,346,30.7250
CVS,347,30.0284
CVS,348,29.3369
CVS,349,28.6591
CVS,350,28.4638
CVS,351,28.9715
CVS,352,29.0013
CVS,353,29.1844
CVS,354,29.6554
CVS,355,29.5671
CVS,356,28.7742
CVS,357,28.5031
CVS,358,28.5949
CVS,359,28.9996
CVS,360,29.5838
CVS,361,30.0654
CVS,362,30.2323
CVS,363,29.9019
CVS,364,29.5270
CVS,365,29.7602
CVS,366,29.6823
CVS,367,28.6618
CVS,368,28.4466
CVS,369,28.2953
CVS,370,27.4800
CVS,371,27.3472
CVS,372,26.3122
CVS,373,26.6399
CVS,374,27.4460
CVS,375,27.5869
CVS,376,27.1170
CVS,377,26.9971
CVS,378,27.3625
CVS,379,26.6977
CVS,380,26.2626
CVS,381,26.1529
CVS,382,26.2958
CVS,383,26.5300
CVS,384,26.6869
CVS,385,26.7608
CVS,386,26.3690
CVS,387,26.0117
CVS,388,25.9274
CVS,389,25.1874
CVS,390,24.7609
CVS,391,25.3063
CVS,392,25.0153
CVS,393,25.0668
CVS,394,24.8671
CVS,395,24.7942
CVS,396,24.7031
CVS,397,24.5823
CVS,398,24.1945
CVS,399,23.8617
CVS,400,24.1413
CVS,401,24.4776
CVS,402,23.9643
CVS,403,23.1328
CVS,404,22.8186
CVS,405,22.0411
CVS,406,22.1915
CVS,407,21.9054
CVS,408,21.9992
CVS,409,21.9704
CVS,410,21.7490
CVS,411,21.8989
CVS,412,21.5281
CVS,413,21.6526
CVS,414,21.6849
CVS,415,21.3946
CVS,416,21.5600
CVS,417,21.9832
CVS,418,21.5482
CVS,419,21.4777
CVS,420,21.8928
CVS,421,21.5290
CVS,422,21.3537
CVS,423,21.0237
CVS,424,21.0149
CVS,425,21.1359
CVS,426,21.3448
CVS,427,21.8999
CVS,428,21.2996
CVS,429,20.9291
CVS,430,20.7790
CVS,431,20.5321
CVS,432,20.8793
CVS,433,21.4730
CVS,434,21.9476
CVS,435,21.7421
CVS,436,22.1492
CVS,437,22.4926
CVS,438,22.5684
CVS,439,22.2730
CVS,440,22.3625
CVS,441,23.0394
CVS,442,23.2973
CVS,443,23.8186
CVS,444,24.2778
CVS,445,24.4258
CVS,446,23.1289
CVS,447,24.1896
CVS,448,24.8067
CVS,449,24.5734
CVS,450,24.1145
CVS,451,24.5160
CVS,452,24.8573
CVS,453,24.8447
CVS,454,24.6742
CVS,455,24.6854
CVS,456,24.8547
CVS,457,25.4688
CVS,458,25.4022
CVS,459,25.3637
CVS,460,25.9066
CVS,461,25.3614
CVS,462,24.8576
CVS,463,24.9845
CVS,464,25.0446
CVS,465,24.7608
CVS,466,25.0897
CVS,467,25.7460
CVS,468,25.5164
CVS,469,25.6307
CVS,470,25.2468
CVS,471,24.9337
CVS,472,25.2725
CVS,473,25.6173
CVS,474,25.3038
CVS,475,24.9874
CVS,476,25.7229
CVS,477,25.6711
CVS,478,25.1127
CVS,479,24.5262
CVS,480,24.4105
CVS,481,24.1482
CVS,482,24.3094
CVS,483,24.9811
CVS,484,24.9857
CVS,485,25.0432
CVS,486,25.0987
CVS,487,25.2139
CVS,488,25.9995
CVS,489,26.8903
CVS,490,26.7080
CVS,491,26.7318
CVS,492,27.7445
CVS,493,28.2039
CVS,494,28.7493
CVS,495,28.2197
CVS,496,28.2158
CVS,497,27.6253
CVS,498,27.7758
CVS,499,28.1804
CVS,500,27.7311
CVS,501,28.2458
CVS,502,28.0333
CVS,503,28.3606
CVS,504,27.8702
MDT,0,85.0000
MDT,1,85.0163
MDT,2,86.1572
MDT,3,86.9362
MDT,4,87.8229
MDT,5,88.0154
MDT,6,88.1702
MDT,7,86.9767
MDT,8,85.9846
MDT,9,84.5963
MDT,10,84.6390
MDT,11,85.1227
MDT,12,85.2985
MDT,13,84.2482
MDT,14,83.4835
MDT,15,83.2240
MDT,16,81.9286
MDT,17,81.8087
MDT,18,80.4808
MDT,19,80.8962
MDT,20,80.2830
MDT,21,80.3011
MDT,22,80.6237
MDT,23,81.5079
MDT,24,82.7456
MDT,25,82.5129
MDT,26,83.2595
MDT,27,84.7320
MDT,28,86.1812
MDT,29,86.9122
MDT,30,85.9337
MDT,31,86.8577
MDT,32,87.9073
MDT,33,87.6314
MDT,34,88.4430
MDT,35,85.9730
MDT,36,86.8579
MDT,37,86.0897
MDT,38,86.7652
MDT,39,87.2710
MDT,40,88.0140
MDT,41,87.2091
MDT,42,85.2481
MDT,43,84.3786
MDT,44,86.5670
MDT,45,86.4089
MDT,46,86.1176
MDT,47,85.4338
MDT,48,83.9595
MDT,49,82.7653
MDT,50,82.7590
MDT,51,82.4992
MDT,52,80.5509
MDT,53,80.6432
MDT,54,80.3781
MDT,55,81.2816
MDT,56,80.8256
MDT,57,79.6878
MDT,58,81.2262
MDT,59,79.3760
MDT,60,77.8373
MDT,61,77.0574
MDT,62,77.2127
MDT,63,79.6089
MDT,64,80.3472
MDT,65,80.3211
MDT,66,78.9347
MDT,67,78.4332
MDT,68,79.6987
MDT,69,78.3257
MDT,70,78.1610
MDT,71,79.0847
MDT,72,79.8809
MDT,73,77.3698
MDT,74,76.5522
MDT,75,75.6659
MDT,76,75.2734
MDT,77,75.5497
MDT,78,75.8794
MDT,79,76.1398
MDT,80,76.5284
MDT,81,76.3293
MDT,82,76.0340
MDT,83,76.3405
MDT,84,76.3726
MDT,85,76.4928
MDT,86,76.3243
MDT,87,75.9575
MDT,88,75.9540
MDT,89,75.8666
MDT,90,77.1741
MDT,91,77.3209
MDT,92,79.4709
MDT,93,79.1109
MDT,94,78.0136
MDT,95,78.0395
MDT,96,78.5061
MDT,97,78.4463
MDT,98,77.2449
MDT,99,76.6675
MDT,100,78.9292
MDT,101,77.1459
MDT,102,76.5109
MDT,103,74.5304
MDT,104,75.7792
MDT,105,77.1323
MDT,106,79.1686
MDT,107,78.7181
MDT,108,79.2521
MDT,109,78.6990
MDT,110,78.8536
MDT,111,78.7140
MDT,112,80.7851
MDT,113,80.6500
MDT,114,79.0748
MDT,115,81.2292
MDT,116,80.8548
MDT,117,81.7570
MDT,118,80.9833
MDT,119,82.4979
MDT,120,81.7679
MDT,121,81.5855
MDT,122,83.3118
MDT,123,81.3170
MDT,124,80.2817
MDT,125,81.1780
MDT,126,82.6795
MDT,127,83.8513
MDT,128,84.3526
MDT,129,85.0201
MDT,130,85.1852
MDT,131,84.0788
MDT,132,82.0782
MDT,133,81.3800
MDT,134,82.1885
MDT,135,81.8073
MDT,136,83.9389
MDT,137,84.7565
MDT,138,84.9994
MDT,139,86.0778
MDT,140,87.5325
MDT,141,87.0149
MDT,142,84.2827
MDT,143,83.6141
MDT,144,84.7541
MDT,145,84.5712
MDT,146,84.3085
MDT,147,82.9719
MDT,148,83.4236
MDT,149,82.7884
MDT,150,82.5236
MDT,151,82.9678
MDT,152,83.2852
MDT,153,83.6954
MDT,154,82.9436
MDT,155,82.2672
MDT,156,84.8704
MDT,157,84.1754
MDT,158,83.3111
MDT,159,83.5664
MDT,160,82.0228
MDT,161,79.1812
MDT,162,79.3456
MDT,163,78.0744
MDT,164,78.7901
MDT,165,78.3889
MDT,166,79.6943
MDT,167,81.3625
MDT,168,81.1360
MDT,169,80.5945
MDT,170,81.9339
MDT,171,83.4059
MDT,172,84.5768
MDT,173,83.3343
MDT,174,81.8979
MDT,175,84.8556
MDT,176,85.0615
MDT,177,86.8401
MDT,178,86.4098
MDT,179,87.0371
MDT,180,84.8678
MDT,181,84.4991
MDT,182,84.0684
MDT,183,84.3023
MDT,184,85.0262
MDT,185,86.8776
MDT,186,87.4432
MDT,187,86.4363
MDT,188,85.7287
MDT,189,84.3756
MDT,190,83.2006
MDT,191,84.7158
MDT,192,86.2445
MDT,193,87.1774
MDT,194,86.9733
MDT,195,86.7282
MDT,196,85.8562
MDT,197,83.8745
MDT,198,83.6427
MDT,199,81.7419
MDT,200,81.3269
MDT,201,81.7886
MDT,202,80.0830
MDT,203,78.5715
MDT,204,78.8339
MDT,205,79.0511
MDT,206,79.9756
MDT,207,80.7456
MDT,208,81.4634
MDT,209,83.4401
MDT,210,84.4656
MDT,211,84.5410
MDT,212,85.7698
MDT,213,85.3518
MDT,214,83.2484
MDT,215,85.0440
MDT,216,84.5410
MDT,217,86.0497
MDT,218,84.4837
MDT,219,84.6122
MDT,220,84.8980
MDT,221,86.1058
MDT,222,86.2307
MDT,223,85.6122
MDT,224,84.5011
MDT,225,84.2123
MDT,226,85.0663
MDT,227,84.6470
MDT,228,84.3792
MDT,229,85.5274
MDT,230,84.3437
MDT,231,82.3190
MDT,232,82.4520
MDT,233,82.3366
MDT,234,81.9093
MDT,235,81.1800
MDT,236,81.9895
MDT,237,81.8697
MDT,238,83.2291
MDT,239,81.2582
MDT,240,79.8562
MDT,241,78.9272
MDT,242,78.3181
MDT,243,78.7507
MDT,244,78.0973
MDT,245,77.9706
MDT,246,79.1977
MDT,247,77.2513
MDT,248,77.1282
MDT,249,76.4484
MDT,250,77.9879
MDT,251,79.3084
MDT,252,77.4982
MDT,253,79.7874
MDT,254,80.2768
MDT,255,79.7476
MDT,256,80.6952
MDT,257,78.7753
MDT,258,77.6138
MDT,259,77.8481
MDT,260,76.8503
MDT,261,78.2199
MDT,262,76.7242
MDT,263,77.8860
MDT,264,77.8666
MDT,265,77.8414
MDT,266,76.5455
MDT,267,76.6837
MDT,268,75.9807
MDT,269,76.7454
MDT,270,76.0764
MDT,271,75.6731
MDT,272,74.5081
MDT,273,73.2287
MDT,274,73.2813
MDT,275,72.9565
MDT,276,74.2916
MDT,277,75.6902
MDT,278,75.0995
MDT,279,74.0548
MDT,280,73.2365
MDT,281,73.8735
MDT,282,73.0699
MDT,283,74.2771
MDT,284,73.6290
MDT,285,74.1044
MDT,286,74.0499
MDT,287,72.6001
MDT,288,74.6464
MDT,289,74.0925
MDT,290,74.2149
MDT,291,74.4989
MDT,292,75.2181
MDT,293,75.6836
MDT,294,76.1966
MDT,295,76.9766
MDT,296,75.6525
MDT,297,76.4383
MDT,298,77.8964
MDT,299,78.9868
MDT,300,79.1175
MDT,301,80.2767
MDT,302,79.1665
MDT,303,78.6475
MDT,304,74.9986
MDT,305,76.7530
MDT,306,76.6022
MDT,307,77.1822
MDT,308,75.9934
MDT,309,72.8213
MDT,310,73.2436
MDT,311,72.9017
MDT,312,72.9640
MDT,313,71.5517
MDT,314,70.2572
MDT,315,70.2364
MDT,316,71.0376
MDT,317,70.7910
MDT,318,69.8507
MDT,319,70.7628
MDT,320,71.1865
MDT,321,70.1283
MDT,322,69.2425
MDT,323,67.6492
MDT,324,68.0936
MDT,325,66.3353
MDT,326,66.0301
MDT,327,65.9326
MDT,328,64.6848
MDT,329,64.3310
MDT,330,65.0746
MDT,331,65.4033
MDT,332,65.1835
MDT,333,64.7978
MDT,334,64.1970
MDT,335,63.8737
MDT,336,62.6933
MDT,337,62.6259
MDT,338,60.9263
MDT,339,61.2227
MDT,340,61.1287
MDT,341,60.7507
MDT,342,60.1860
MDT,343,59.3573
MDT,344,60.9338
MDT,345,61.5624
MDT,346,60.8396
MDT,347,60.6085
MDT,348,60.3000
MDT,349,60.1723
MDT,350,59.9623
MDT,351,61.0286
MDT,352,62.0082
MDT,353,62.2539
MDT,354,62.3325
MDT,355,62.3355
MDT,356,62.7100
MDT,357,62.6217
MDT,358,63.6471
MDT,359,63.8320
MDT,360,64.0601
MDT,361,63.9179
MDT,362,64.8288
MDT,363,64.1362
MDT,364,64.5601
MDT,365,64.6363
MDT,366,64.2420
MDT,367,62.5938
MDT,368,61.9757
MDT,369,62.7137
MDT,370,63.4394
MDT,371,62.9582
MDT,372,62.8509
MDT,373,63.1505
MDT,374,63.5436
MDT,375,64.0640
MDT,376,63.0249
MDT,377,62.1027
MDT,378,62.7993
MDT,379,62.5221
MDT,380,62.7125
MDT,381,63.5218
MDT,382,63.2311
MDT,383,64.4002
MDT,384,63.7107
MDT,385,63.1641
MDT,386,63.2198
MDT,387,63.9894
MDT,388,64.3441
MDT,389,62.7901
MDT,390,63.5814
MDT,391,63.6946
MDT,392,63.5555
MDT,393,64.1209
MDT,394,63.3818
MDT,395,62.7614
MDT,396,62.1872
MDT,397,61.9003
MDT,398,62.3859
MDT,399,61.5930
MDT,400,61.9321
MDT,401,62.3726
MDT,402,62.8006
MDT,403,61.8308
MDT,404,61.7938
MDT,405,60.8846
MDT,406,62.7480
MDT,407,60.5561
MDT,408,61.0530
MDT,409,61.7540
MDT,410,61.3192
MDT,411,62.3072
MDT,412,63.3198
MDT,413,63.1940
MDT,414,62.6780
MDT,415,60.6920
MDT,416,60.6743
MDT,417,60.2740
MDT,418,60.5933
MDT,419,60.0083
MDT,420,60.2766
MDT,421,59.7202
MDT,422,60.3956
MDT,423,60.0125
MDT,424,60.0692
MDT,425,59.8687
MDT,426,60.1634
MDT,427,60.0615
MDT,428,59.8260
MDT,429,59.2148
MDT,430,59.3753
MDT,431,59.5974
MDT,432,60.5207
MDT,433,60.1677
MDT,434,60.7270
MDT,435,61.8233
MDT,436,61.8961
MDT,437,62.5922
MDT,438,63.2278
MDT,439,63.0428
MDT,440,63.1649
MDT,441,62.6430
MDT,442,63.5633
MDT,443,64.6199
MDT,444,65.0355
MDT,445,67.0895
MDT,446,66.7483
MDT,447,66.4129
MDT,448,66.5019
MDT,449,65.0191
MDT,450,64.4422
MDT,451,64.9786
MDT,452,64.3410
MDT,453,63.5019
MDT,454,63.5316
MDT,455,63.9989
MDT,456,64.0058
MDT,457,64.8501
MDT,458,65.2810
MDT,459,65.5229
MDT,460,65.6832
MDT,461,65.4962
MDT,462,64.3753
MDT,463,65.1194
MDT,464,64.3383
MDT,465,63.9000
MDT,466,63.0628
MDT,467,64.4039
MDT,468,65.6586
MDT,469,64.5626
MDT,470,63.1723
MDT,471,63.0526
MDT,472,63.8997
MDT,473,63.9228
MDT,474,63.7179
MDT,475,63.8541
MDT,476,64.0065
MDT,477,64.4097
MDT,478,64.3238
MDT,479,64.3251
MDT,480,63.5692
MDT,481,64.5698
MDT,482,64.9759
MDT,483,64.5100
MDT,484,65.5263
MDT,485,64.5901
MDT,486,64.6976
MDT,487,64.2105
MDT,488,65.7471
MDT,489,67.4435
MDT,490,68.5400
MDT,491,69.4876
MDT,492,70.0599
MDT,493,70.4299
MDT,494,71.4915
MDT,495,69.7515
MDT,496,68.9538
MDT,497,68.2744
MDT,498,67.7889
MDT,499,66.6218
MDT,500,64.9636
MDT,501,64.6477
MDT,502,65.1885
MDT,503,65.0635
MDT,504,64.3800
ISRG,0,420.0000
ISRG,1,419.3181
ISRG,2,420.6332
ISRG,3,425.7291
ISRG,4,425.9967
ISRG,5,423.5012
ISRG,6,419.6294
ISRG,7,431.6336
ISRG,8,421.5842
ISRG,9,410.5622
ISRG,10,401.3813
ISRG,11,397.4591
ISRG,12,392.1405
ISRG,13,386.8865
ISRG,14,383.8763
ISRG,15,377.7893
ISRG,16,382.6031
ISRG,17,375.7176
ISRG,18,367.1760
ISRG,19,375.8428
ISRG,20,375.5863
ISRG,21,372.6817
ISRG,22,371.6305
ISRG,23,385.7814
ISRG,24,380.2510
ISRG,25,373.0268
ISRG,26,381.4321
ISRG,27,390.6223
ISRG,28,381.8136
ISRG,29,386.0433
ISRG,30,387.7137
ISRG,31,379.1876
ISRG,32,372.3263
ISRG,33,370.5266
ISRG,34,370.7550
ISRG,35,368.2732
ISRG,36,367.2943
ISRG,37,364.8269
ISRG,38,371.7743
ISRG,39,374.7314
ISRG,40,379.7536
ISRG,41,385.5473
ISRG,42,376.8539
ISRG,43,372.1403
ISRG,44,368.2113
ISRG,45,371.9739
ISRG,46,370.2031
ISRG,47,376.1136
ISRG,48,376.1348
ISRG,49,373.4167
ISRG,50,363.1073
ISRG,51,369.0368
ISRG,52,371.6400
ISRG,53,365.2921
ISRG,54,360.6503
ISRG,55,365.1436
ISRG,56,366.4840
ISRG,57,354.2925
ISRG,58,359.5981
ISRG,59,346.9443
ISRG,60,351.8741
ISRG,61,346.0340
ISRG,62,337.0911
ISRG,63,341.6760
ISRG,64,339.1731
ISRG,65,336.5673
ISRG,66,337.2161
ISRG,67,335.4999
ISRG,68,342.8815
ISRG,69,326.5333
ISRG,70,325.0641
ISRG,71,334.7369
ISRG,72,331.8362
ISRG,73,331.6399
ISRG,74,325.3993
ISRG,75,316.8528
ISRG,76,312.6936
ISRG,77,314.4779
ISRG,78,320.6791
ISRG,79,319.2875
ISRG,80,313.2762
ISRG,81,309.8244
ISRG,82,313.5546
ISRG,83,323.8748
ISRG,84,334.5413
ISRG,85,333.2687
ISRG,86,335.5125
ISRG,87,342.0437
ISRG,88,353.9624
ISRG,89,353.0834
ISRG,90,356.9557
ISRG,91,358.8653
ISRG,92,368.2146
ISRG,93,370.1353
ISRG,94,367.2065
ISRG,95,371.2361
ISRG,96,377.5782
ISRG,97,374.0950
ISRG,98,375.0103
ISRG,99,367.1804
ISRG,100,381.5335
ISRG,101,367.4674
ISRG,102,351.6768
ISRG,103,346.9813
ISRG,104,343.9088
ISRG,105,349.0552
ISRG,106,365.8026
ISRG,107,360.4207
ISRG,108,360.6731
ISRG,109,353.5692
ISRG,110,352.5769
ISRG,111,353.2193
ISRG,112,358.3060
ISRG,113,365.9522
ISRG,114,374.3448
ISRG,115,384.3886
ISRG,116,393.4770
ISRG,117,397.6570
ISRG,118,393.7793
ISRG,119,399.1841
ISRG,120,399.7069
ISRG,121,391.1885
ISRG,122,402.7721
ISRG,123,397.6312
ISRG,124,402.2875
ISRG,125,395.0446
ISRG,126,391.0068
ISRG,127,395.8153
ISRG,128,401.9502
ISRG,129,406.7222
ISRG,130,401.5814
ISRG,131,389.5674
ISRG,132,387.5053
ISRG,133,380.7723
ISRG,134,373.4867
ISRG,135,376.2116
ISRG,136,379.6878
ISRG,137,378.8784
ISRG,138,372.7906
ISRG,139,383.6957
ISRG,140,395.7676
ISRG,141,378.3142
ISRG,142,360.4326
ISRG,143,351.1372
ISRG,144,349.8256
ISRG,145,347.4023
ISRG,146,342.4252
ISRG,147,333.5943
ISRG,148,338.2283
ISRG,149,332.2035
ISRG,150,337.0961
ISRG,151,332.4789
ISRG,152,333.7863
ISRG,153,343.5790
ISRG,154,344.7634
ISRG,155,328.8871
ISRG,156,343.7261
ISRG,157,336.8867
ISRG,158,332.9838
ISRG,159,335.0104
ISRG,160,322.9549
ISRG,161,311.7194
ISRG,162,305.9958
ISRG,163,296.4240
ISRG,164,297.3238
ISRG,165,298.0111
ISRG,166,291.1454
ISRG,167,293.8591
ISRG,168,285.7648
ISRG,169,288.3647
ISRG,170,298.2993
ISRG,171,302.7428
ISRG,172,301.0306
ISRG,173,294.7270
ISRG,174,287.0121
ISRG,175,294.4548
ISRG,176,295.9254
ISRG,177,302.1441
ISRG,178,313.1863
ISRG,179,324.7087
ISRG,180,327.5359
ISRG,181,320.4488
ISRG,182,316.0466
ISRG,183,321.4436
ISRG,184,330.7960
ISRG,185,334.6413
ISRG,186,346.5574
ISRG,187,338.3125
ISRG,188,336.1118
ISRG,189,341.2005
ISRG,190,340.5145
ISRG,191,350.1225
ISRG,192,352.7021
ISRG,193,353.8716
ISRG,194,349.2674
ISRG,195,357.5818
ISRG,196,351.4386
ISRG,197,337.7018
ISRG,198,343.5385
ISRG,199,338.1822
ISRG,200,343.3224
ISRG,201,344.9869
ISRG,202,339.9825
ISRG,203,337.8753
ISRG,204,337.8117
ISRG,205,339.6678
ISRG,206,335.9174
ISRG,207,342.6471
ISRG,208,350.7558
ISRG,209,354.9165
ISRG,210,353.8605
ISRG,211,343.0697
ISRG,212,352.4474
ISRG,213,357.7359
ISRG,214,358.4543
ISRG,215,363.6952
ISRG,216,375.9413
ISRG,217,385.8379
ISRG,218,380.1251
ISRG,219,383.5277
ISRG,220,373.9003
ISRG,221,371.4036
ISRG,222,379.3951
ISRG,223,377.9055
ISRG,224,375.2371
ISRG,225,378.1844
ISRG,226,377.4926
ISRG,227,384.3695
ISRG,228,382.6369
ISRG,229,386.2945
ISRG,230,384.0742
ISRG,231,376.2243
ISRG,232,366.8304
ISRG,233,353.8255
ISRG,234,345.1948
ISRG,235,344.9833
ISRG,236,354.6189
ISRG,237,362.8847
ISRG,238,365.7097
ISRG,239,364.2717
ISRG,240,365.7260
ISRG,241,370.0411
ISRG,242,383.1240
ISRG,243,389.1972
ISRG,244,382.1618
ISRG,245,383.5128
ISRG,246,397.3016
ISRG,247,383.5732
ISRG,248,385.4191
ISRG,249,391.1252
ISRG,250,396.4963
ISRG,251,402.5907
ISRG,252,392.6470
ISRG,253,395.1065
ISRG,254,405.3230
ISRG,255,412.3669
ISRG,256,421.3489
ISRG,257,408.7902
ISRG,258,402.7691
ISRG,259,407.4221
ISRG,260,402.5015
ISRG,261,417.3525
ISRG,262,434.9790
ISRG,263,440.7289
ISRG,264,446.9733
ISRG,265,442.5235
ISRG,266,426.2118
ISRG,267,430.7560
ISRG,268,423.9804
ISRG,269,418.5353
ISRG,270,419.9337
ISRG,271,417.9150
ISRG,272,415.0951
ISRG,273,414.4365
ISRG,274,415.9208
ISRG,275,419.7524
ISRG,276,419.9659
ISRG,277,432.1652
ISRG,278,428.8709
ISRG,279,426.8493
ISRG,280,426.5103
ISRG,281,423.8999
ISRG,282,413.9275
ISRG,283,412.2525
ISRG,284,415.1851
ISRG,285,407.5001
ISRG,286,418.5964
ISRG,287,419.4187
ISRG,288,419.9074
ISRG,289,418.8515
ISRG,290,434.4565
ISRG,291,435.8521
ISRG,292,441.4842
ISRG,293,436.2306
ISRG,294,444.7959
ISRG,295,444.0987
ISRG,296,448.3370
ISRG,297,459.4397
ISRG,298,463.7035
ISRG,299,474.1370
ISRG,300,481.7099
ISRG,301,488.7140
ISRG,302,486.8406
ISRG,303,487.6666
ISRG,304,489.8506
ISRG,305,504.8950
ISRG,306,501.5910
ISRG,307,499.6317
ISRG,308,504.7444
ISRG,309,493.7314
ISRG,310,502.8996
ISRG,311,513.8652
ISRG,312,515.1740
ISRG,313,504.8469
ISRG,314,508.0388
ISRG,315,494.6852
ISRG,316,489.6614
ISRG,317,473.7113
ISRG,318,482.0635
ISRG,319,493.8035
ISRG,320,494.8025
ISRG,321,502.5188
ISRG,322,499.9661
ISRG,323,483.9139
ISRG,324,471.3483
ISRG,325,447.7942
ISRG,326,449.8774
ISRG,327,447.9368
ISRG,328,445.8587
ISRG,329,442.1097
ISRG,330,432.8847
ISRG,331,432.0692
ISRG,332,432.9032
ISRG,333,426.4840
ISRG,334,423.8489
ISRG,335,423.1997
ISRG,336,407.5980
ISRG,337,415.7152
ISRG,338,419.1814
ISRG,339,424.5585
ISRG,340,426.2450
ISRG,341,434.3621
ISRG,342,431.0537
ISRG,343,429.9050
ISRG,344,435.7413
ISRG,345,432.0915
ISRG,346,441.9927
ISRG,347,430.5236
ISRG,348,431.8702
ISRG,349,434.2297
ISRG,350,435.9496
ISRG,351,436.7385
ISRG,352,437.4674
ISRG,353,445.5097
ISRG,354,441.4819
ISRG,355,455.3521
ISRG,356,447.6973
ISRG,357,451.8550
ISRG,358,454.3911
ISRG,359,459.2150
ISRG,360,465.9764
ISRG,361,459.7666
ISRG,362,457.7831
ISRG,363,456.8496
ISRG,364,449.8176
ISRG,365,456.2578
ISRG,366,449.4318
ISRG,367,442.2937
ISRG,368,437.8515
ISRG,369,445.0796
ISRG,370,453.1467
ISRG,371,446.4603
ISRG,372,447.4907
ISRG,373,443.1787
ISRG,374,435.9107
ISRG,375,433.9487
ISRG,376,428.1193
ISRG,377,422.6860
ISRG,378,437.0774
ISRG,379,425.8447
ISRG,380,430.0132
ISRG,381,429.7820
ISRG,382,433.2373
ISRG,383,448.5110
ISRG,384,454.0579
ISRG,385,453.1190
ISRG,386,445.5351
ISRG,387,438.5438
ISRG,388,438.5009
ISRG,389,429.9014
ISRG,390,438.2126
ISRG,391,439.6158
ISRG,392,426.5349
ISRG,393,430.4712
ISRG,394,422.9603
ISRG,395,419.1750
ISRG,396,414.0129
ISRG,397,404.7558
ISRG,398,402.0080
ISRG,399,397.0481
ISRG,400,400.7255
ISRG,401,400.2221
ISRG,402,405.7822
ISRG,403,387.9148
ISRG,404,394.6540
ISRG,405,378.1796
ISRG,406,389.7960
ISRG,407,383.7034
ISRG,408,388.0341
ISRG,409,395.4290
ISRG,410,387.7347
ISRG,411,385.5873
ISRG,412,388.5343
ISRG,413,391.2887
ISRG,414,392.8487
ISRG,415,384.0033
ISRG,416,380.4429
ISRG,417,384.1883
ISRG,418,387.0160
ISRG,419,391.0945
ISRG,420,395.0336
ISRG,421,377.1855
ISRG,422,375.2649
ISRG,423,372.0995
ISRG,424,392.1703
ISRG,425,391.9882
ISRG,426,389.4446
ISRG,427,389.9595
ISRG,428,379.7806
ISRG,429,382.3845
ISRG,430,384.8005
ISRG,431,394.1816
ISRG,432,404.1417
ISRG,433,415.3913
ISRG,434,412.3072
ISRG,435,409.3469
ISRG,436,422.6120
ISRG,437,416.9848
ISRG,438,435.5635
ISRG,439,440.8816
ISRG,440,448.1724
ISRG,441,439.2127
ISRG,442,444.3672
ISRG,443,450.1575
ISRG,444,455.5850
ISRG,445,458.9987
ISRG,446,444.0269
ISRG,447,453.3117
ISRG,448,459.8326
ISRG,449,446.9737
ISRG,450,444.4341
ISRG,451,439.9115
ISRG,452,444.5933
ISRG,453,438.4529
ISRG,454,433.0724
ISRG,455,444.3064
ISRG,456,449.9335
ISRG,457,457.2629
ISRG,458,465.2587
ISRG,459,477.0764
ISRG,460,490.7644
ISRG,461,497.8159
ISRG,462,483.1557
ISRG,463,475.8456
ISRG,464,477.2149
ISRG,465,475.0032
ISRG,466,470.6022
ISRG,467,481.0650
ISRG,468,481.3374
ISRG,469,476.4109
ISRG,470,470.1887
ISRG,471,474.2481
ISRG,472,482.7406
ISRG,473,490.4192
ISRG,474,489.2849
ISRG,475,482.7957
ISRG,476,481.3314
ISRG,477,472.8327
ISRG,478,461.2096
ISRG,479,452.3011
ISRG,480,454.1679
ISRG,481,469.0546
ISRG,482,466.1955
ISRG,483,478.7653
ISRG,484,493.0529
ISRG,485,500.0667
ISRG,486,502.7847
ISRG,487,503.1726
ISRG,488,514.3817
ISRG,489,536.4910
ISRG,490,557.3673
ISRG,491,583.2392
ISRG,492,603.2899
ISRG,493,606.5908
ISRG,494,605.9730
ISRG,495,583.0928
ISRG,496,586.4492
ISRG,497,587.9137
ISRG,498,594.1942
ISRG,499,575.6154
ISRG,500,567.2858
ISRG,501,573.7615
ISRG,502,575.0513
ISRG,503,571.1422
ISRG,504,573.2973
VRTX,0,440.0000
VRTX,1,446.4743
VRTX,2,457.4448
VRTX,3,466.8901
VRTX,4,466.2398
VRTX,5,464.2602
VRTX,6,454.9292
VRTX,7,467.2822
VRTX,8,466.0080
VRTX,9,462.8377
VRTX,10,466.6053
VRTX,11,467.4779
VRTX,12,468.1028
VRTX,13,473.8011
VRTX,14,477.7674
VRTX,15,468.0510
VRTX,16,469.1554
VRTX,17,468.4947
VRTX,18,466.8288
VRTX,19,465.4621
VRTX,20,458.1960
VRTX,21,453.0124
VRTX,22,470.2500
VRTX,23,483.5832
VRTX,24,487.9617
VRTX,25,472.6937
VRTX,26,491.2733
VRTX,27,500.9328
VRTX,28,505.0983
VRTX,29,500.1913
VRTX,30,501.1469
VRTX,31,488.5477
VRTX,32,495.3979
VRTX,33,487.7969
VRTX,34,492.4486
VRTX,35,488.6976
VRTX,36,479.7579
VRTX,37,469.4190
VRTX,38,472.1963
VRTX,39,480.9788
VRTX,40,481.1483
VRTX,41,484.4202
VRTX,42,476.8011
VRTX,43,469.8887
VRTX,44,474.0739
VRTX,45,472.1637
VRTX,46,474.2896
VRTX,47,469.2136
VRTX,48,463.2204
VRTX,49,455.8062
VRTX,50,462.8498
VRTX,51,459.7419
VRTX,52,450.8317
VRTX,53,448.9626
VRTX,54,452.3849
VRTX,55,457.3317
VRTX,56,445.9908
VRTX,57,444.3619
VRTX,58,444.2170
VRTX,59,441.0957
VRTX,60,427.2613
VRTX,61,416.0784
VRTX,62,414.4383
VRTX,63,426.7909
VRTX,64,414.5577
VRTX,65,410.6131
VRTX,66,407.5794
VRTX,67,408.1270
VRTX,68,419.7625
VRTX,69,405.2471
VRTX,70,401.6712
VRTX,71,411.3477
VRTX,72,414.8939
VRTX,73,397.8559
VRTX,74,390.8054
VRTX,75,380.3666
VRTX,76,379.3028
VRTX,77,380.5889
VRTX,78,390.7736
VRTX,79,387.8277
VRTX,80,400.1990
VRTX,81,391.3032
VRTX,82,395.0709
VRTX,83,391.3253
VRTX,84,395.6954
VRTX,85,407.5821
VRTX,86,412.9530
VRTX,87,417.3781
VRTX,88,407.6510
VRTX,89,403.9172
VRTX,90,414.9678
VRTX,91,405.6651
VRTX,92,415.2450
VRTX,93,411.0272
VRTX,94,419.6336
VRTX,95,415.7751
VRTX,96,420.1306
VRTX,97,406.9557
VRTX,98,401.1526
VRTX,99,395.8893
VRTX,100,401.8130
VRTX,101,399.7568
VRTX,102,388.6593
VRTX,103,387.5211
VRTX,104,385.4073
VRTX,105,392.0187
VRTX,106,404.9121
VRTX,107,399.4027
VRTX,108,395.3451
VRTX,109,380.0688
VRTX,110,373.6858
VRTX,111,373.3181
VRTX,112,381.5923
VRTX,113,380.7047
VRTX,114,379.9773
VRTX,115,393.0487
VRTX,116,382.3525
VRTX,117,377.0034
VRTX,118,362.0701
VRTX,119,366.4213
VRTX,120,371.7712
VRTX,121,364.7944
VRTX,122,390.0841
VRTX,123,376.9939
VRTX,124,376.9079
VRTX,125,383.1924
VRTX,126,389.8656
VRTX,127,387.0763
VRTX,128,388.7602
VRTX,129,382.0089
VRTX,130,378.3054
VRTX,131,363.5296
VRTX,132,368.7835
VRTX,133,368.4106
VRTX,134,359.7634
VRTX,135,354.9816
VRTX,136,356.6128
VRTX,137,357.2540
VRTX,138,353.7017
VRTX,139,358.3631
VRTX,140,373.2434
VRTX,141,371.7163
VRTX,142,360.1660
VRTX,143,353.6202
VRTX,144,356.1342
VRTX,145,355.9753
VRTX,146,356.6475
VRTX,147,353.0675
VRTX,148,358.3690
VRTX,149,349.3075
VRTX,150,344.0682
VRTX,151,348.1031
VRTX,152,345.2842
VRTX,153,345.9888
VRTX,154,347.3382
VRTX,155,343.1683
VRTX,156,358.5902
VRTX,157,359.6457
VRTX,158,356.0301
VRTX,159,346.9319
VRTX,160,335.0243
VRTX,161,328.5306
VRTX,162,328.3089
VRTX,163,327.0462
VRTX,164,319.0218
VRTX,165,318.3782
VRTX,166,320.0921
VRTX,167,317.9550
VRTX,168,312.7113
VRTX,169,306.6657
VRTX,170,316.7499
VRTX,171,330.7411
VRTX,172,332.7236
VRTX,173,325.9806
VRTX,174,321.9893
VRTX,175,325.7353
VRTX,176,330.8129
VRTX,177,332.4597
VRTX,178,338.2219
VRTX,179,348.9363
VRTX,180,340.6473
VRTX,181,340.4414
VRTX,182,340.1856
VRTX,183,329.0981
VRTX,184,337.4104
VRTX,185,342.5293
VRTX,186,342.6375
VRTX,187,338.7281
VRTX,188,332.3786
VRTX,189,327.1176
VRTX,190,327.4837
VRTX,191,341.7892
VRTX,192,344.2422
VRTX,193,350.9781
VRTX,194,343.3882
VRTX,195,344.8021
VRTX,196,341.4861
VRTX,197,347.0038
VRTX,198,349.0090
VRTX,199,342.9306
VRTX,200,344.4575
VRTX,201,344.3417
VRTX,202,341.6010
VRTX,203,338.3058
VRTX,204,340.2036
VRTX,205,342.3998
VRTX,206,331.1684
VRTX,207,339.4563
VRTX,208,346.0535
VRTX,209,345.8207
VRTX,210,347.9959
VRTX,211,337.0251
VRTX,212,343.8454
VRTX,213,330.4937
VRTX,214,324.3932
VRTX,215,328.2531
VRTX,216,325.9590
VRTX,217,330.7105
VRTX,218,329.1384
VRTX,219,325.4325
VRTX,220,319.8373
VRTX,221,312.0226
VRTX,222,313.3936
VRTX,223,305.5450
VRTX,224,303.2789
VRTX,225,296.4702
VRTX,226,307.6205
VRTX,227,306.5698
VRTX,228,311.1284
VRTX,229,318.0391
VRTX,230,311.0040
VRTX,231,303.5254
VRTX,232,303.6412
VRTX,233,299.7412
VRTX,234,292.9014
VRTX,235,284.9780
VRTX,236,287.2450
VRTX,237,295.1646
VRTX,238,300.2396
VRTX,239,299.9668
VRTX,240,295.9965
VRTX,241,300.8945
VRTX,242,296.2230
VRTX,243,303.4710
VRTX,244,309.4497
VRTX,245,312.9402
VRTX,246,323.1102
VRTX,247,311.9029
VRTX,248,308.5752
VRTX,249,303.0451
VRTX,250,306.6647
VRTX,251,313.0853
VRTX,252,304.1123
VRTX,253,308.9426
VRTX,254,318.3294
VRTX,255,319.0150
VRTX,256,320.5542
VRTX,257,320.8192
VRTX,258,320.8383
VRTX,259,326.6812
VRTX,260,325.0172
VRTX,261,325.6890
VRTX,262,330.4823
VRTX,263,324.8829
VRTX,264,333.9273
VRTX,265,341.7649
VRTX,266,328.4982
VRTX,267,334.8554
VRTX,268,337.0572
VRTX,269,339.8468
VRTX,270,330.5373
VRTX,271,329.0189
VRTX,272,332.1111
VRTX,273,329.0051
VRTX,274,326.4995
VRTX,275,331.2534
VRTX,276,339.5387
VRTX,277,351.3382
VRTX,278,347.6581
VRTX,279,347.0073
VRTX,280,340.1279
VRTX,281,348.5807
VRTX,282,341.2028
VRTX,283,339.3580
VRTX,284,331.7582
VRTX,285,327.6596
VRTX,286,337.7030
VRTX,287,336.1605
VRTX,288,339.1487
VRTX,289,336.5003
VRTX,290,341.7453
VRTX,291,339.8640
VRTX,292,334.3859
VRTX,293,336.7420
VRTX,294,332.8630
VRTX,295,335.3127
VRTX,296,340.4828
VRTX,297,359.5729
VRTX,298,365.9487
VRTX,299,378.1940
VRTX,300,379.1618
VRTX,301,377.9714
VRTX,302,377.5810
VRTX,303,378.0353
VRTX,304,369.4521
VRTX,305,372.7268
VRTX,306,374.6643
VRTX,307,374.3376
VRTX,308,372.3490
VRTX,309,372.4327
VRTX,310,374.2929
VRTX,311,373.8649
VRTX,312,383.0272
VRTX,313,379.9282
VRTX,314,378.0114
VRTX,315,375.3411
VRTX,316,372.5302
VRTX,317,367.1864
VRTX,318,364.4602
VRTX,319,375.4501
VRTX,320,376.3468
VRTX,321,374.7048
VRTX,322,369.8620
VRTX,323,362.9497
VRTX,324,360.2318
VRTX,325,349.3380
VRTX,326,357.8987
VRTX,327,351.9272
VRTX,328,358.0471
VRTX,329,356.4067
VRTX,330,356.0827
VRTX,331,363.3870
VRTX,332,366.8897
VRTX,333,372.2200
VRTX,334,374.9318
VRTX,335,375.4035
VRTX,336,366.8598
VRTX,337,371.1676
VRTX,338,375.0601
VRTX,339,377.0340
VRTX,340,385.1871
VRTX,341,376.9169
VRTX,342,367.2862
VRTX,343,354.5335
VRTX,344,359.7468
VRTX,345,363.8247
VRTX,346,371.4926
VRTX,347,372.2103
VRTX,348,367.3175
VRTX,349,362.7576
VRTX,350,358.0781
VRTX,351,368.2393
VRTX,352,371.1581
VRTX,353,378.4744
VRTX,354,381.7120
VRTX,355,387.0294
VRTX,356,387.9351
VRTX,357,391.4782
VRTX,358,389.6902
VRTX,359,403.7469
VRTX,360,410.7627
VRTX,361,413.8707
VRTX,362,403.2531
VRTX,363,398.3421
VRTX,364,399.1769
VRTX,365,394.4222
VRTX,366,392.9281
VRTX,367,393.3546
VRTX,368,388.2214
VRTX,369,386.1663
VRTX,370,383.3292
VRTX,371,373.3946
VRTX,372,380.0274
VRTX,373,375.6665
VRTX,374,378.0488
VRTX,375,370.0432
VRTX,376,357.6487
VRTX,377,350.7276
VRTX,378,358.5979
VRTX,379,358.9360
VRTX,380,366.1093
VRTX,381,370.2441
VRTX,382,371.1109
VRTX,383,374.1385
VRTX,384,381.7735
VRTX,385,381.7934
VRTX,386,375.1554
VRTX,387,374.5697
VRTX,388,371.8185
VRTX,389,356.5691
VRTX,390,360.0085
VRTX,391,362.6682
VRTX,392,361.7586
VRTX,393,369.4865
VRTX,394,361.4510
VRTX,395,352.1285
VRTX,396,340.7493
VRTX,397,343.0533
VRTX,398,336.3448
VRTX,399,335.5315
VRTX,400,346.1344
VRTX,401,345.3622
VRTX,402,334.2477
VRTX,403,327.7724
VRTX,404,322.3364
VRTX,405,318.1699
VRTX,406,323.0109
VRTX,407,322.4776
VRTX,408,322.6532
VRTX,409,320.0460
VRTX,410,311.5894
VRTX,411,313.9669
VRTX,412,318.6632
VRTX,413,330.4906
VRTX,414,333.1178
VRTX,415,334.7623
VRTX,416,339.5815
VRTX,417,337.6257
VRTX,418,335.1304
VRTX,419,337.4414
VRTX,420,331.2642
VRTX,421,317.7068
VRTX,422,314.8205
VRTX,423,315.3464
VRTX,424,321.6068
VRTX,425,314.3468
VRTX,426,317.0738
VRTX,427,313.0890
VRTX,428,310.5134
VRTX,429,310.7187
VRTX,430,313.3694
VRTX,431,318.7452
VRTX,432,328.8382
VRTX,433,332.7477
VRTX,434,327.2884
VRTX,435,327.8841
VRTX,436,333.1004
VRTX,437,329.0785
VRTX,438,328.6032
VRTX,439,324.0054
VRTX,440,324.6937
VRTX,441,326.2225
VRTX,442,329.7219
VRTX,443,330.9310
VRTX,444,333.1692
VRTX,445,340.7377
VRTX,446,335.3806
VRTX,447,343.3376
VRTX,448,343.5919
VRTX,449,340.4032
VRTX,450,333.2538
VRTX,451,337.5382
VRTX,452,343.9198
VRTX,453,339.5757
VRTX,454,333.7810
VRTX,455,343.8161
VRTX,456,344.3866
VRTX,457,346.3869
VRTX,458,347.3352
VRTX,459,344.9304
VRTX,460,357.4317
VRTX,461,360.7516
VRTX,462,364.9420
VRTX,463,360.0858
VRTX,464,351.2577
VRTX,465,348.2207
VRTX,466,355.9886
VRTX,467,361.2065
VRTX,468,365.8203
VRTX,469,359.5517
VRTX,470,357.3201
VRTX,471,349.4433
VRTX,472,357.0091
VRTX,473,354.5643
VRTX,474,349.8029
VRTX,475,360.5557
VRTX,476,360.0182
VRTX,477,365.6115
VRTX,478,353.2639
VRTX,479,345.9399
VRTX,480,343.9007
VRTX,481,359.8709
VRTX,482,367.4600
VRTX,483,373.4517
VRTX,484,377.6336
VRTX,485,381.9037
VRTX,486,382.4078
VRTX,487,376.4660
VRTX,488,386.0677
VRTX,489,400.5757
VRTX,490,409.0367
VRTX,491,423.4372
VRTX,492,440.1889
VRTX,493,449.9037
VRTX,494,458.7747
VRTX,495,455.4176
VRTX,496,452.8092
VRTX,497,442.2898
VRTX,498,441.0409
VRTX,499,433.3333
VRTX,500,435.9463
VRTX,501,431.8799
VRTX,502,428.7126
VRTX,503,427.0551
VRTX,504,415.9128
PEP,0,170.0000
PEP,1,169.2948
PEP,2,167.8106
PEP,3,170.7640
PEP,4,171.5679
PEP,5,172.8665
PEP,6,173.2892
PEP,7,169.9146
PEP,8,168.3639
PEP,9,167.4808
PEP,10,169.6340
PEP,11,168.7696
PEP,12,168.2822
PEP,13,168.0497
PEP,14,168.7677
PEP,15,166.1677
PEP,16,169.6938
PEP,17,168.2123
PEP,18,168.4397
PEP,19,168.6477
PEP,20,168.0342
PEP,21,166.3841
PEP,22,169.7145
PEP,23,171.2282
PEP,24,170.5060
PEP,25,170.0979
PEP,26,171.4335
PEP,27,172.5842
PEP,28,173.6991
PEP,29,174.8264
PEP,30,175.6738
PEP,31,173.5696
PEP,32,173.8088
PEP,33,171.8624
PEP,34,172.9485
PEP,35,172.4602
PEP,36,171.6421
PEP,37,172.3065
PEP,38,172.0230
PEP,39,171.2662
PEP,40,173.1868
PEP,41,173.9016
PEP,42,171.3800
PEP,43,169.2236
PEP,44,168.5089
PEP,45,166.1708
PEP,46,167.3319
PEP,47,165.3374
PEP,48,165.9890
PEP,49,168.0948
PEP,50,166.9434
PEP,51,167.2474
PEP,52,166.2216
PEP,53,167.2542
PEP,54,165.2696
PEP,55,164.6408
PEP,56,164.3813
PEP,57,164.0152
PEP,58,164.4253
PEP,59,163.2116
PEP,60,163.0817
PEP,61,163.6233
PEP,62,164.1449
PEP,63,165.1495
PEP,64,163.5319
PEP,65,163.3766
PEP,66,161.9947
PEP,67,164.6387
PEP,68,166.3339
PEP,69,164.4679
PEP,70,163.2058
PEP,71,165.4252
PEP,72,164.7548
PEP,73,163.8816
PEP,74,164.7128
PEP,75,163.6245
PEP,76,162.8312
PEP,77,162.4787
PEP,78,163.2854
PEP,79,163.0950
PEP,80,161.2890
PEP,81,159.2131
PEP,82,158.1522
PEP,83,160.5061
PEP,84,162.7819
PEP,85,163.6035
PEP,86,162.9835
PEP,87,162.4741
PEP,88,162.0684
PEP,89,161.8983
PEP,90,161.2771
PEP,91,162.6939
PEP,92,164.2171
PEP,93,162.8586
PEP,94,166.0807
PEP,95,165.0688
PEP,96,165.6979
PEP,97,162.0771
PEP,98,161.0519
PEP,99,160.0763
PEP,100,159.0923
PEP,101,159.0954
PEP,102,156.8196
PEP,103,157.0092
PEP,104,158.2469
PEP,105,159.4755
PEP,106,163.1311
PEP,107,163.5477
PEP,108,162.3716
PEP,109,160.9918
PEP,110,161.7722
PEP,111,160.5138
PEP,112,161.4393
PEP,113,162.4657
PEP,114,163.4294
PEP,115,167.7665
PEP,116,164.2466
PEP,117,165.8231
PEP,118,164.8460
PEP,119,164.8408
PEP,120,163.7178
PEP,121,161.5408
PEP,122,160.2591
PEP,123,160.6103
PEP,124,160.8149
PEP,125,159.1175
PEP,126,159.2538
PEP,127,157.4394
PEP,128,158.7660
PEP,129,156.9198
PEP,130,154.7978
PEP,131,154.2861
PEP,132,155.3034
PEP,133,156.1646
PEP,134,157.8808
PEP,135,156.6131
PEP,136,157.3879
PEP,137,157.7014
PEP,138,157.7354
PEP,139,157.8506
PEP,140,154.6468
PEP,141,155.3801
PEP,142,153.0763
PEP,143,150.0095
PEP,144,148.8973
PEP,145,151.2789
PEP,146,151.4353
PEP,147,147.0944
PEP,148,146.8032
PEP,149,148.0226
PEP,150,147.8433
PEP,151,147.6269
PEP,152,148.6684
PEP,153,150.5627
PEP,154,150.6431
PEP,155,148.1699
PEP,156,147.3427
PEP,157,145.7727
PEP,158,142.3827
PEP,159,141.0825
PEP,160,138.8643
PEP,161,137.6402
PEP,162,137.2871
PEP,163,137.5056
PEP,164,136.9510
PEP,165,136.6999
PEP,166,135.7015
PEP,167,133.4472
PEP,168,131.9563
PEP,169,130.5319
PEP,170,131.4006
PEP,171,134.2341
PEP,172,133.6307
PEP,173,134.1634
PEP,174,132.9317
PEP,175,133.6871
PEP,176,135.5103
PEP,177,137.6750
PEP,178,141.5666
PEP,179,140.9176
PEP,180,140.6123
PEP,181,139.9901
PEP,182,139.2472
PEP,183,139.3477
PEP,184,140.1222
PEP,185,140.2915
PEP,186,138.8613
PEP,187,139.1022
PEP,188,138.3269
PEP,189,138.6079
PEP,190,135.3058
PEP,191,136.6280
PEP,192,136.5264
PEP,193,139.3445
PEP,194,139.2598
PEP,195,138.7774
PEP,196,136.2260
PEP,197,138.4587
PEP,198,138.5001
PEP,199,138.3350
PEP,200,138.2245
PEP,201,137.8865
PEP,202,138.1843
PEP,203,137.4949
PEP,204,138.0688
PEP,205,137.5460
PEP,206,135.7807
PEP,207,136.5778
PEP,208,139.3818
PEP,209,141.5591
PEP,210,140.2026
PEP,211,138.8155
PEP,212,140.0340
PEP,213,138.9889
PEP,214,136.6633
PEP,215,136.3934
PEP,216,135.6851
PEP,217,136.1923
PEP,218,137.2230
PEP,219,137.5718
PEP,220,138.1018
PEP,221,137.7535
PEP,222,137.6885
PEP,223,138.3269
PEP,224,137.6796
PEP,225,136.6546
PEP,226,136.6935
PEP,227,137.7565
PEP,228,137.9393
PEP,229,135.9601
PEP,230,134.7852
PEP,231,134.7109
PEP,232,134.1501
PEP,233,135.1532
PEP,234,136.1337
PEP,235,136.6438
PEP,236,136.3877
PEP,237,137.3429
PEP,238,137.4624
PEP,239,137.7726
PEP,240,137.3543
PEP,241,138.5258
PEP,242,137.7299
PEP,243,138.0697
PEP,244,138.5964
PEP,245,136.3678
PEP,246,137.5244
PEP,247,136.1561
PEP,248,136.1834
PEP,249,135.7784
PEP,250,135.9127
PEP,251,136.6616
PEP,252,135.6688
PEP,253,138.4126
PEP,254,137.3605
PEP,255,135.7225
PEP,256,137.3995
PEP,257,138.0410
PEP,258,137.0301
PEP,259,136.6936
PEP,260,137.0383
PEP,261,136.6011
PEP,262,136.7046
PEP,263,137.7514
PEP,264,137.7438
PEP,265,136.4819
PEP,266,135.0432
PEP,267,136.3585
PEP,268,138.2956
PEP,269,139.0176
PEP,270,140.0029
PEP,271,140.0609
PEP,272,139.4923
PEP,273,136.7425
PEP,274,135.9489
PEP,275,134.8881
PEP,276,135.9295
PEP,277,136.5653
PEP,278,137.5633
PEP,279,137.4396
PEP,280,136.2981
PEP,281,135.0234
PEP,282,135.2305
PEP,283,134.6654
PEP,284,132.2242
PEP,285,131.7747
PEP,286,133.1500
PEP,287,134.1287
PEP,288,134.9694
PEP,289,136.3717
PEP,290,137.3058
PEP,291,136.6009
PEP,292,135.9410
PEP,293,135.0518
PEP,294,135.1794
PEP,295,134.9016
PEP,296,137.3868
PEP,297,136.5510
PEP,298,135.6709
PEP,299,137.7509
PEP,300,139.1011
PEP,301,142.1117
PEP,302,142.3449
PEP,303,143.0559
PEP,304,141.9693
PEP,305,141.6500
PEP,306,142.1480
PEP,307,143.0141
PEP,308,143.6037
PEP,309,142.9804
PEP,310,145.3608
PEP,311,146.8406
PEP,312,149.2839
PEP,313,148.9920
PEP,314,148.7179
PEP,315,149.6430
PEP,316,149.0169
PEP,317,147.0617
PEP,318,147.2675
PEP,319,145.4158
PEP,320,145.9556
PEP,321,146.3348
PEP,322,146.7390
PEP,323,146.8335
PEP,324,145.3594
PEP,325,143.7536
PEP,326,145.1901
PEP,327,143.1323
PEP,328,143.6945
PEP,329,147.1103
PEP,330,146.4643
PEP,331,146.5779
PEP,332,148.0924
PEP,333,146.1509
PEP,334,148.6913
PEP,335,151.2205
PEP,336,149.8659
PEP,337,147.2537
PEP,338,145.1671
PEP,339,144.7912
PEP,340,143.4743
PEP,341,143.8589
PEP,342,142.5385
PEP,343,140.3330
PEP,344,144.1787
PEP,345,146.0313
PEP,346,146.3003
PEP,347,145.2576
PEP,348,144.7133
PEP,349,141.4977
PEP,350,142.0808
PEP,351,141.9986
PEP,352,142.5074
PEP,353,143.0458
PEP,354,143.3816
PEP,355,143.9405
PEP,356,144.4439
PEP,357,143.3516
PEP,358,142.5747
PEP,359,142.1762
PEP,360,144.8657
PEP,361,144.0304
PEP,362,145.3427
PEP,363,144.1599
PEP,364,145.0672
PEP,365,144.0010
PEP,366,143.2440
PEP,367,142.6966
PEP,368,142.8669
PEP,369,141.8093
PEP,370,142.5891
PEP,371,142.8678
PEP,372,142.2213
PEP,373,140.8786
PEP,374,142.7461
PEP,375,143.8746
PEP,376,141.4110
PEP,377,141.5131
PEP,378,142.2720
PEP,379,141.5425
PEP,380,139.8372
PEP,381,141.0036
PEP,382,142.1609
PEP,383,142.1519
PEP,384,143.7562
PEP,385,143.3336
PEP,386,141.8507
PEP,387,139.4421
PEP,388,139.4343
PEP,389,138.5938
PEP,390,137.9670
PEP,391,139.8923
PEP,392,138.0948
PEP,393,139.9801
PEP,394,139.3210
PEP,395,139.0331
PEP,396,137.3952
PEP,397,138.5518
PEP,398,141.4785
PEP,399,142.3180
PEP,400,140.0189
PEP,401,139.3020
PEP,402,140.2865
PEP,403,140.0995
PEP,404,141.4162
PEP,405,141.0841
PEP,406,141.1960
PEP,407,140.7473
PEP,408,140.2659
PEP,409,139.9098
PEP,410,140.8788
PEP,411,141.0862
PEP,412,142.2513
PEP,413,143.0422
PEP,414,142.4784
PEP,415,141.8868
PEP,416,141.7118
PEP,417,139.7035
PEP,418,139.0126
PEP,419,137.3967
PEP,420,138.5969
PEP,421,137.5726
PEP,422,135.0594
PEP,423,133.5955
PEP,424,133.3231
PEP,425,132.5174
PEP,426,133.7930
PEP,427,134.1398
PEP,428,133.9256
PEP,429,135.5333
PEP,430,135.4729
PEP,431,137.1568
PEP,432,136.1068
PEP,433,137.2368
PEP,434,136.1724
PEP,435,136.3396
PEP,436,137.9752
PEP,437,138.4091
PEP,438,141.4150
PEP,439,141.7472
PEP,440,143.4301
PEP,441,142.5198
PEP,442,140.7860
PEP,443,140.8166
PEP,444,138.4624
PEP,445,139.7044
PEP,446,139.3077
PEP,447,142.1615
PEP,448,142.4250
PEP,449,139.6543
PEP,450,138.3936
PEP,451,136.9407
PEP,452,136.4209
PEP,453,137.2110
PEP,454,137.9115
PEP,455,138.1892
PEP,456,136.2874
PEP,457,136.2305
PEP,458,135.9304
PEP,459,136.2889
PEP,460,137.9295
PEP,461,138.8804
PEP,462,137.8197
PEP,463,137.9738
PEP,464,139.9292
PEP,465,140.8152
PEP,466,141.3390
PEP,467,141.2801
PEP,468,141.4598
PEP,469,139.9946
PEP,470,141.4828
PEP,471,141.3980
PEP,472,141.7347
PEP,473,143.4420
PEP,474,143.5175
PEP,475,143.8950
PEP,476,141.5518
PEP,477,142.1506
PEP,478,140.2339
PEP,479,138.5178
PEP,480,139.0171
PEP,481,139.1502
PEP,482,138.9084
PEP,483,137.5858
PEP,484,138.6509
PEP,485,139.0351
PEP,486,135.5977
PEP,487,134.5825
PEP,488,136.3859
PEP,489,138.2199
PEP,490,140.6710
PEP,491,142.8465
PEP,492,144.6504
PEP,493,145.9102
PEP,494,145.3865
PEP,495,144.0855
PEP,496,141.2856
PEP,497,142.2526
PEP,498,142.4788
PEP,499,142.3849
PEP,500,143.1060
PEP,501,143.9085
PEP,502,141.9736
PEP,503,141.2930
PEP,504,141.3802
COST,0,740.0000
COST,1,738.2493
COST,2,760.3772
COST,3,777.9384
COST,4,773.6090
COST,5,766.3373
COST,6,769.4983
COST,7,770.0699
COST,8,755.6772
COST,9,755.8118
COST,10,751.5942
COST,11,758.0789
COST,12,753.4846
COST,13,760.0248
COST,14,756.9186
COST,15,750.7967
COST,16,767.8520
COST,17,786.9272
COST,18,773.7165
COST,19,785.1600
COST,20,782.6436
COST,21,776.1450
COST,22,789.5914
COST,23,805.2258
COST,24,810.1220
COST,25,798.0417
COST,26,809.0523
COST,27,819.4712
COST,28,819.9531
COST,29,836.5915
COST,30,833.1865
COST,31,827.0386
COST,32,825.2917
COST,33,805.6017
COST,34,818.3775
COST,35,812.2036
COST,36,820.3298
COST,37,808.5386
COST,38,813.3091
COST,39,802.2287
COST,40,808.8549
COST,41,810.8063
COST,42,805.5292
COST,43,800.1591
COST,44,812.6342
COST,45,804.6118
COST,46,803.8386
COST,47,798.0107
COST,48,780.3180
COST,49,789.8443
COST,50,790.2563
COST,51,789.8949
COST,52,798.4672
COST,53,800.9665
COST,54,802.8258
COST,55,808.7825
COST,56,805.7347
COST,57,805.3601
COST,58,803.4438
COST,59,778.0156
COST,60,770.2374
COST,61,773.5231
COST,62,768.5625
COST,63,780.4913
COST,64,773.5258
COST,65,773.3674
COST,66,754.8434
COST,67,743.6725
COST,68,755.9894
COST,69,748.3038
COST,70,748.7086
COST,71,745.1724
COST,72,740.5639
COST,73,724.5977
COST,74,740.2737
COST,75,733.2259
COST,76,738.4598
COST,77,738.7152
COST,78,744.5009
COST,79,747.8664
COST,80,730.2091
COST,81,720.9961
COST,82,726.8223
COST,83,732.6902
COST,84,739.0367
COST,85,727.8001
COST,86,728.6847
COST,87,730.6650
COST,88,740.5941
COST,89,740.2765
COST,90,740.0520
COST,91,733.7958
COST,92,742.8675
COST,93,744.8474
COST,94,753.0861
COST,95,748.9642
COST,96,761.4893
COST,97,754.5654
COST,98,753.6547
COST,99,747.3576
COST,100,737.0767
COST,101,727.9607
COST,102,719.5281
COST,103,722.0169
COST,104,723.4134
COST,105,719.8280
COST,106,736.5275
COST,107,736.2549
COST,108,717.6711
COST,109,714.2491
COST,110,727.2293
COST,111,718.0920
COST,112,721.2276
COST,113,715.7974
COST,114,709.0459
COST,115,722.1975
COST,116,721.4688
COST,117,719.1920
COST,118,711.8367
COST,119,728.8708
COST,120,727.9845
COST,121,737.0818
COST,122,747.7089
COST,123,732.9809
COST,124,732.6448
COST,125,726.6511
COST,126,732.7307
COST,127,728.4996
COST,128,724.0572
COST,129,709.4921
COST,130,705.5560
COST,131,699.2956
COST,132,710.1451
COST,133,718.0493
COST,134,724.2330
COST,135,715.7092
COST,136,712.6923
COST,137,715.6551
COST,138,713.5777
COST,139,703.7164
COST,140,688.8646
COST,141,691.6559
COST,142,672.1248
COST,143,671.9475
COST,144,668.7251
COST,145,667.6189
COST,146,657.3961
COST,147,658.3919
COST,148,658.4036
COST,149,652.9826
COST,150,661.7198
COST,151,677.8208
COST,152,679.6785
COST,153,701.3954
COST,154,709.6679
COST,155,713.7623
COST,156,709.9219
COST,157,695.2985
COST,158,693.1195
COST,159,680.3566
COST,160,674.7585
COST,161,664.7873
COST,162,667.3266
COST,163,671.2208
COST,164,667.4255
COST,165,673.0040
COST,166,676.2876
COST,167,660.6922
COST,168,655.1616
COST,169,641.4920
COST,170,654.5037
COST,171,659.7080
COST,172,658.6268
COST,173,656.4636
COST,174,650.6173
COST,175,671.8967
COST,176,675.6147
COST,177,692.7879
COST,178,699.3203
COST,179,697.5305
COST,180,704.6909
COST,181,706.6568
COST,182,700.5216
COST,183,697.2055
COST,184,686.5794
COST,185,685.6158
COST,186,695.8501
COST,187,695.7780
COST,188,689.3277
COST,189,683.6363
COST,190,662.3107
COST,191,667.3310
COST,192,662.1808
COST,193,672.6444
COST,194,675.4954
COST,195,683.0436
COST,196,688.3746
COST,197,701.2912
COST,198,692.7407
COST,199,696.0720
COST,200,695.3396
COST,201,689.3154
COST,202,693.1684
COST,203,691.9701
COST,204,690.4355
COST,205,694.7991
COST,206,682.6168
COST,207,680.4063
COST,208,683.8040
COST,209,699.3589
COST,210,697.6009
COST,211,709.4799
COST,212,706.8797
COST,213,693.7121
COST,214,681.6943
COST,215,681.5309
COST,216,694.1918
COST,217,692.0130
COST,218,702.1900
COST,219,707.6463
COST,220,701.1198
COST,221,719.0699
COST,222,722.5028
COST,223,724.5603
COST,224,725.9771
COST,225,737.8024
COST,226,732.8109
COST,227,735.2296
COST,228,730.4952
COST,229,724.4724
COST,230,713.4716
COST,231,694.3622
COST,232,691.1291
COST,233,698.9986
COST,234,689.0121
COST,235,697.0065
COST,236,692.3815
COST,237,711.6117
COST,238,714.4954
COST,239,713.5144
COST,240,708.9591
COST,241,728.4578
COST,242,731.0100
COST,243,719.3223
COST,244,723.5128
COST,245,704.9578
COST,246,707.1134
COST,247,690.9771
COST,248,690.1324
COST,249,691.2417
COST,250,691.4892
COST,251,700.1745
COST,252,690.9452
COST,253,687.1827
COST,254,697.1101
COST,255,692.4272
COST,256,703.2625
COST,257,697.4564
COST,258,692.0217
COST,259,685.9779
COST,260,693.4525
COST,261,689.8267
COST,262,689.7141
COST,263,681.8102
COST,264,692.7052
COST,265,690.3878
COST,266,678.7395
COST,267,682.1753
COST,268,683.1484
COST,269,677.3391
COST,270,682.4018
COST,271,689.4669
COST,272,683.1926
COST,273,678.0145
COST,274,673.8281
COST,275,652.9358
COST,276,675.6485
COST,277,673.9744
COST,278,669.1691
COST,279,660.7107
COST,280,656.2698
COST,281,657.3911
COST,282,649.2502
COST,283,650.5366
COST,284,646.2930
COST,285,654.7580
COST,286,654.2493
COST,287,663.9170
COST,288,659.3382
COST,289,665.5855
COST,290,677.7070
COST,291,669.3222
COST,292,670.4498
COST,293,668.4923
COST,294,685.5784
COST,295,673.3218
COST,296,677.9162
COST,297,678.4770
COST,298,675.4632
COST,299,673.8787
COST,300,686.3184
COST,301,689.2925
COST,302,687.4063
COST,303,698.8592
COST,304,706.6776
COST,305,714.9338
COST,306,718.3112
COST,307,724.5357
COST,308,730.8441
COST,309,718.6045
COST,310,729.2297
COST,311,744.4432
COST,312,753.6873
COST,313,751.6092
COST,314,749.1318
COST,315,739.3676
COST,316,744.6477
COST,317,749.6302
COST,318,748.2793
COST,319,737.2789
COST,320,741.9249
COST,321,749.5257
COST,322,749.1696
COST,323,735.6159
COST,324,726.9195
COST,325,714.1706
COST,326,706.2003
COST,327,705.8899
COST,328,711.6226
COST,329,716.0561
COST,330,709.8261
COST,331,706.6789
COST,332,709.8322
COST,333,703.2994
COST,334,712.6555
COST,335,717.5811
COST,336,714.8256
COST,337,712.3320
COST,338,716.1847
COST,339,713.3275
COST,340,692.5177
COST,341,696.2124
COST,342,678.7418
COST,343,681.8878
COST,344,692.2518
COST,345,704.3019
COST,346,717.4701
COST,347,701.1494
COST,348,695.5946
COST,349,694.1348
COST,350,698.4087
COST,351,702.9066
COST,352,716.6165
COST,353,721.6712
COST,354,726.7338
COST,355,730.2809
COST,356,728.7661
COST,357,717.0266
COST,358,708.7699
COST,359,706.8679
COST,360,703.0723
COST,361,700.5359
COST,362,714.6094
COST,363,717.3818
COST,364,714.1698
COST,365,719.8925
COST,366,720.7931
COST,367,730.6038
COST,368,728.5931
COST,369,721.8775
COST,370,724.4745
COST,371,710.7123
COST,372,706.1832
COST,373,703.3179
COST,374,711.4807
COST,375,721.7516
COST,376,715.6208
COST,377,709.8010
COST,378,706.2728
COST,379,698.5546
COST,380,695.3410
COST,381,709.3942
COST,382,703.4323
COST,383,709.3475
COST,384,721.7693
COST,385,712.8501
COST,386,704.9230
COST,387,700.2424
COST,388,703.7289
COST,389,688.9520
COST,390,695.0899
COST,391,699.0455
COST,392,686.5474
COST,393,698.1164
COST,394,689.6770
COST,395,686.9392
COST,396,684.6841
COST,397,697.5186
COST,398,707.3354
COST,399,698.7280
COST,400,693.6501
COST,401,688.9861
COST,402,690.0204
COST,403,676.8495
COST,404,678.1816
COST,405,681.2390
COST,406,682.9244
COST,407,663.6368
COST,408,657.6251
COST,409,653.4913
COST,410,661.9340
COST,411,659.0594
COST,412,678.4289
COST,413,678.2795
COST,414,683.2394
COST,415,689.7318
COST,416,685.8888
COST,417,683.9174
COST,418,683.3981
COST,419,673.0559
COST,420,667.2500
COST,421,651.6664
COST,422,637.3203
COST,423,633.1320
COST,424,637.9953
COST,425,643.7434
COST,426,650.8599
COST,427,646.6704
COST,428,654.7438
COST,429,650.8137
COST,430,645.5660
COST,431,653.3785
COST,432,650.5259
COST,433,642.4795
COST,434,636.6728
COST,435,635.0155
COST,436,636.0904
COST,437,643.9159
COST,438,646.6409
COST,439,643.4134
COST,440,648.2422
COST,441,642.6965
COST,442,645.6829
COST,443,659.5850
COST,444,654.4989
COST,445,671.3530
COST,446,664.9448
COST,447,664.0510
COST,448,669.7839
COST,449,662.6071
COST,450,655.5935
COST,451,649.3151
COST,452,656.2349
COST,453,650.7828
COST,454,642.0057
COST,455,652.9435
COST,456,649.6156
COST,457,656.0591
COST,458,649.3092
COST,459,654.7596
COST,460,660.2188
COST,461,666.1954
COST,462,658.1850
COST,463,654.8141
COST,464,651.4775
COST,465,651.5706
COST,466,644.6834
COST,467,643.1168
COST,468,640.5840
COST,469,638.8034
COST,470,644.6008
COST,471,634.5917
COST,472,641.2801
COST,473,643.6187
COST,474,650.4672
COST,475,657.4578
COST,476,642.4316
COST,477,650.6407
COST,478,642.0797
COST,479,630.0307
COST,480,623.1587
COST,481,628.0347
COST,482,625.2351
COST,483,627.1554
COST,484,637.4951
COST,485,643.8840
COST,486,642.3205
COST,487,640.4431
COST,488,653.6457
COST,489,669.3217
COST,490,672.6547
COST,491,683.2495
COST,492,686.7560
COST,493,689.5623
COST,494,678.2552
COST,495,671.7759
COST,496,671.4119
COST,497,662.4477
COST,498,667.1719
COST,499,661.8581
COST,500,649.5786
COST,501,653.4975
COST,502,654.9854
COST,503,665.1884
COST,504,653.0689
WMT,0,68.0000
WMT,1,68.0442
WMT,2,68.3017
WMT,3,68.3894
WMT,4,67.9934
WMT,5,69.1521
WMT,6,69.1491
WMT,7,68.2268
WMT,8,68.1507
WMT,9,66.9713
WMT,10,66.8996
WMT,11,66.2958
WMT,12,64.8603
WMT,13,64.4091
WMT,14,64.5111
WMT,15,64.0660
WMT,16,65.3732
WMT,17,65.1665
WMT,18,65.2204
WMT,19,65.0710
WMT,20,63.7390
WMT,21,63.5845
WMT,22,64.5461
WMT,23,65.2546
WMT,24,64.6484
WMT,25,64.6570
WMT,26,65.9467
WMT,27,65.9406
WMT,28,66.4476
WMT,29,67.8375
WMT,30,68.0565
WMT,31,66.9300
WMT,32,66.9301
WMT,33,66.3011
WMT,34,66.9044
WMT,35,66.5142
WMT,36,65.7463
WMT,37,65.3444
WMT,38,64.7451
WMT,39,63.6097
WMT,40,64.7954
WMT,41,65.5562
WMT,42,65.1648
WMT,43,64.8217
WMT,44,64.7591
WMT,45,63.8159
WMT,46,64.1442
WMT,47,63.1612
WMT,48,63.0028
WMT,49,62.9528
WMT,50,62.5334
WMT,51,62.2175
WMT,52,62.4196
WMT,53,62.5337
WMT,54,61.3764
WMT,55,62.8247
WMT,56,61.4924
WMT,57,61.1166
WMT,58,60.1990
WMT,59,59.1669
WMT,60,59.6369
WMT,61,60.0299
WMT,62,60.5818
WMT,63,61.1990
WMT,64,59.8432
WMT,65,59.2945
WMT,66,58.4293
WMT,67,58.5926
WMT,68,59.5619
WMT,69,57.9229
WMT,70,58.1860
WMT,71,58.3070
WMT,72,58.5925
WMT,73,58.7530
WMT,74,58.7703
WMT,75,59.1201
WMT,76,59.8550
WMT,77,58.6809
WMT,78,59.4219
WMT,79,59.3842
WMT,80,58.8823
WMT,81,57.9058
WMT,82,58.5189
WMT,83,60.2364
WMT,84,60.9158
WMT,85,60.2502
WMT,86,60.8665
WMT,87,60.6435
WMT,88,60.5081
WMT,89,60.5279
WMT,90,60.1825
WMT,91,60.1976
WMT,92,60.7126
WMT,93,60.2103
WMT,94,61.3519
WMT,95,60.6675
WMT,96,60.4548
WMT,97,59.3293
WMT,98,59.0747
WMT,99,59.2861
WMT,100,59.3139
WMT,101,59.2332
WMT,102,58.7163
WMT,103,58.5397
WMT,104,58.2899
WMT,105,58.0977
WMT,106,59.3051
WMT,107,59.0646
WMT,108,58.9876
WMT,109,58.7371
WMT,110,60.0351
WMT,111,59.2758
WMT,112,58.8760
WMT,113,58.7386
WMT,114,58.2781
WMT,115,58.0934
WMT,116,58.2350
WMT,117,58.1266
WMT,118,57.5069
WMT,119,57.0652
WMT,120,56.7134
WMT,121,57.5858
WMT,122,56.8496
WMT,123,55.8727
WMT,124,56.0360
WMT,125,55.1984
WMT,126,55.1808
WMT,127,54.8442
WMT,128,55.5947
WMT,129,55.7356
WMT,130,54.5901
WMT,131,54.5041
WMT,132,54.5458
WMT,133,54.9610
WMT,134,55.1637
WMT,135,54.7955
WMT,136,54.8196
WMT,137,55.5278
WMT,138,55.0755
WMT,139,54.8693
WMT,140,55.5170
WMT,141,55.1565
WMT,142,53.6840
WMT,143,52.8817
WMT,144,52.3516
WMT,145,51.4428
WMT,146,51.0013
WMT,147,49.8930
WMT,148,50.0296
WMT,149,49.5357
WMT,150,49.2430
WMT,151,49.3287
WMT,152,49.9747
WMT,153,51.2669
WMT,154,51.5070
WMT,155,51.2007
WMT,156,51.5404
WMT,157,50.5983
WMT,158,49.0716
WMT,159,48.4797
WMT,160,48.5125
WMT,161,48.2133
WMT,162,49.2530
WMT,163,49.8399
WMT,164,49.1058
WMT,165,49.4053
WMT,166,49.7030
WMT,167,49.2427
WMT,168,48.7603
WMT,169,48.3736
WMT,170,48.5940
WMT,171,48.8446
WMT,172,48.2764
WMT,173,48.6742
WMT,174,48.7672
WMT,175,49.3839
WMT,176,49.1456
WMT,177,49.1977
WMT,178,50.0694
WMT,179,50.0369
WMT,180,50.4598
WMT,181,50.9365
WMT,182,50.6902
WMT,183,50.8134
WMT,184,49.9046
WMT,185,50.1910
WMT,186,50.9145
WMT,187,50.4059
WMT,188,49.6124
WMT,189,49.8433
WMT,190,48.2151
WMT,191,48.4017
WMT,192,48.3928
WMT,193,48.5261
WMT,194,48.8998
WMT,195,48.7186
WMT,196,48.7044
WMT,197,49.4089
WMT,198,48.4357
WMT,199,48.7985
WMT,200,49.4077
WMT,201,48.4811
WMT,202,48.5119
WMT,203,48.6554
WMT,204,48.4005
WMT,205,48.0626
WMT,206,47.3912
WMT,207,47.0194
WMT,208,46.9775
WMT,209,47.6283
WMT,210,46.7640
WMT,211,47.8159
WMT,212,47.3665
WMT,213,46.7077
WMT,214,46.5936
WMT,215,46.6244
WMT,216,46.9912
WMT,217,47.1732
WMT,218,47.5582
WMT,219,47.9464
WMT,220,48.2969
WMT,221,48.7983
WMT,222,48.1960
WMT,223,47.7765
WMT,224,48.4548
WMT,225,48.7358
WMT,226,48.8926
WMT,227,49.4652
WMT,228,48.6879
WMT,229,47.8230
WMT,230,47.7937
WMT,231,46.8026
WMT,232,46.8025
WMT,233,47.1225
WMT,234,46.4162
WMT,235,46.3740
WMT,236,46.3943
WMT,237,47.2163
WMT,238,47.8341
WMT,239,48.1288
WMT,240,47.9567
WMT,241,49.0910
WMT,242,48.8262
WMT,243,48.8727
WMT,244,49.0797
WMT,245,47.5590
WMT,246,47.9819
WMT,247,47.4634
WMT,248,47.3360
WMT,249,47.0962
WMT,250,47.1781
WMT,251,47.5027
WMT,252,47.2889
WMT,253,46.7094
WMT,254,47.0658
WMT,255,46.6331
WMT,256,46.5482
WMT,257,46.4322
WMT,258,46.9654
WMT,259,46.7207
WMT,260,47.1422
WMT,261,46.2459
WMT,262,47.0186
WMT,263,47.2503
WMT,264,47.1844
WMT,265,47.3837
WMT,266,46.9463
WMT,267,46.7420
WMT,268,46.8058
WMT,269,47.0238
WMT,270,47.2313
WMT,271,47.8670
WMT,272,47.6113
WMT,273,46.7862
WMT,274,46.9948
WMT,275,46.6335
WMT,276,46.7662
WMT,277,46.7183
WMT,278,46.6612
WMT,279,46.4982
WMT,280,46.6953
WMT,281,45.6251
WMT,282,45.3272
WMT,283,44.6820
WMT,284,43.9546
WMT,285,44.6154
WMT,286,44.5813
WMT,287,45.5337
WMT,288,45.3422
WMT,289,45.7636
WMT,290,46.6276
WMT,291,45.9140
WMT,292,46.0221
WMT,293,45.8788
WMT,294,46.3927
WMT,295,45.6991
WMT,296,46.3345
WMT,297,46.5978
WMT,298,46.6521
WMT,299,46.9875
WMT,300,47.9963
WMT,301,48.8689
WMT,302,49.1656
WMT,303,49.7514
WMT,304,50.2637
WMT,305,50.2984
WMT,306,49.8143
WMT,307,49.6477
WMT,308,49.6083
WMT,309,49.7779
WMT,310,49.7319
WMT,311,49.5507
WMT,312,49.9672
WMT,313,50.7177
WMT,314,51.2361
WMT,315,51.3031
WMT,316,51.0520
WMT,317,50.7878
WMT,318,50.7858
WMT,319,50.3074
WMT,320,50.2908
WMT,321,50.6163
WMT,322,50.5861
WMT,323,50.0878
WMT,324,50.0787
WMT,325,49.4295
WMT,326,49.2627
WMT,327,49.1199
WMT,328,48.9953
WMT,329,49.1137
WMT,330,48.8649
WMT,331,49.2808
WMT,332,49.4454
WMT,333,49.1924
WMT,334,49.1294
WMT,335,49.5333
WMT,336,49.3165
WMT,337,49.5097
WMT,338,48.7005
WMT,339,48.6768
WMT,340,47.8492
WMT,341,47.5331
WMT,342,46.4428
WMT,343,46.8172
WMT,344,48.0185
WMT,345,48.4706
WMT,346,48.4677
WMT,347,48.3047
WMT,348,48.1980
WMT,349,47.6176
WMT,350,48.1417
WMT,351,48.5031
WMT,352,48.6855
WMT,353,49.4243
WMT,354,49.5724
WMT,355,49.9687
WMT,356,50.4605
WMT,357,51.1087
WMT,358,51.1901
WMT,359,51.0175
WMT,360,51.3667
WMT,361,51.7227
WMT,362,52.2704
WMT,363,51.4692
WMT,364,51.5917
WMT,365,51.8454
WMT,366,50.7697
WMT,367,51.0040
WMT,368,51.2920
WMT,369,50.9089
WMT,370,51.0102
WMT,371,51.2669
WMT,372,50.6757
WMT,373,51.2218
WMT,374,52.0830
WMT,375,52.4435
WMT,376,51.1021
WMT,377,51.6436
WMT,378,52.1564
WMT,379,51.1349
WMT,380,51.2930
WMT,381,51.2899
WMT,382,52.1854
WMT,383,51.8840
WMT,384,52.8735
WMT,385,51.5805
WMT,386,51.2729
WMT,387,51.6073
WMT,388,50.5299
WMT,389,50.0799
WMT,390,50.8001
WMT,391,50.7787
WMT,392,50.7295
WMT,393,50.9525
WMT,394,50.1637
WMT,395,50.6100
WMT,396,50.2362
WMT,397,50.8825
WMT,398,51.9398
WMT,399,52.3350
WMT,400,51.4173
WMT,401,52.1793
WMT,402,52.2829
WMT,403,52.4528
WMT,404,52.5985
WMT,405,52.0115
WMT,406,52.4010
WMT,407,51.1809
WMT,408,50.9199
WMT,409,51.0355
WMT,410,50.9193
WMT,411,51.1091
WMT,412,52.0536
WMT,413,51.9135
WMT,414,52.5525
WMT,415,51.9257
WMT,416,51.3009
WMT,417,52.0848
WMT,418,52.4575
WMT,419,51.4947
WMT,420,51.3488
WMT,421,50.6887
WMT,422,49.9213
WMT,423,49.4315
WMT,424,49.3885
WMT,425,49.7958
WMT,426,49.7580
WMT,427,49.5482
WMT,428,49.8028
WMT,429,50.0858
WMT,430,50.0715
WMT,431,50.8243
WMT,432,49.9186
WMT,433,48.8654
WMT,434,48.2317
WMT,435,47.5688
WMT,436,48.2656
WMT,437,47.9905
WMT,438,47.7421
WMT,439,47.5213
WMT,440,47.4217
WMT,441,47.1302
WMT,442,46.6919
WMT,443,46.7196
WMT,444,46.8493
WMT,445,47.2484
WMT,446,47.1036
WMT,447,47.3406
WMT,448,47.5836
WMT,449,46.8865
WMT,450,46.3223
WMT,451,46.1409
WMT,452,45.0168
WMT,453,44.5071
WMT,454,45.0378
WMT,455,45.1877
WMT,456,45.2531
WMT,457,44.6128
WMT,458,44.2988
WMT,459,44.0053
WMT,460,44.9772
WMT,461,44.6500
WMT,462,44.3949
WMT,463,44.4215
WMT,464,44.7223
WMT,465,45.1469
WMT,466,45.0742
WMT,467,44.8581
WMT,468,44.9378
WMT,469,44.9056
WMT,470,45.7320
WMT,471,46.3720
WMT,472,47.3079
WMT,473,48.1526
WMT,474,48.4164
WMT,475,49.0198
WMT,476,48.5876
WMT,477,49.2742
WMT,478,49.3234
WMT,479,48.4360
WMT,480,47.8625
WMT,481,48.2616
WMT,482,48.9676
WMT,483,48.7079
WMT,484,49.5309
WMT,485,50.0918
WMT,486,49.8224
WMT,487,49.2796
WMT,488,50.4974
WMT,489,51.0607
WMT,490,51.5557
WMT,491,52.4867
WMT,492,53.1031
WMT,493,53.4922
WMT,494,52.8635
WMT,495,53.4095
WMT,496,52.9633
WMT,497,52.3447
WMT,498,51.8600
WMT,499,51.9242
WMT,500,51.7461
WMT,501,52.2592
WMT,502,51.8989
WMT,503,51.2707
WMT,504,50.9207
MDLZ,0,70.0000
MDLZ,1,70.1864
MDLZ,2,69.8166
MDLZ,3,70.7024
MDLZ,4,70.9937
MDLZ,5,71.3086
MDLZ,6,71.3726
MDLZ,7,71.1995
MDLZ,8,70.2845
MDLZ,9,70.3091
MDLZ,10,69.8262
MDLZ,11,69.4951
MDLZ,12,69.7246
MDLZ,13,69.4680
MDLZ,14,69.7496
MDLZ,15,69.0817
MDLZ,16,70.5160
MDLZ,17,70.0998
MDLZ,18,69.8455
MDLZ,19,70.0283
MDLZ,20,68.6131
MDLZ,21,68.9705
MDLZ,22,68.5544
MDLZ,23,68.4162
MDLZ,24,68.7243
MDLZ,25,68.1548
MDLZ,26,69.6103
MDLZ,27,70.8188
MDLZ,28,71.4307
MDLZ,29,71.1344
MDLZ,30,70.8134
MDLZ,31,71.1079
MDLZ,32,71.1437
MDLZ,33,70.5563
MDLZ,34,70.8691
MDLZ,35,70.0099
MDLZ,36,69.2901
MDLZ,37,68.4221
MDLZ,38,68.2823
MDLZ,39,68.8229
MDLZ,40,68.7271
MDLZ,41,68.6420
MDLZ,42,67.5927
MDLZ,43,66.2513
MDLZ,44,65.7213
MDLZ,45,64.8194
MDLZ,46,64.9223
MDLZ,47,64.7114
MDLZ,48,64.3780
MDLZ,49,64.1945
MDLZ,50,64.3715
MDLZ,51,64.3869
MDLZ,52,65.1343
MDLZ,53,64.2851
MDLZ,54,63.1671
MDLZ,55,63.4593
MDLZ,56,63.2213
MDLZ,57,62.9059
MDLZ,58,62.4458
MDLZ,59,61.5309
MDLZ,60,62.1166
MDLZ,61,62.2359
MDLZ,62,62.2625
MDLZ,63,63.0500
MDLZ,64,62.1904
MDLZ,65,62.7106
MDLZ,66,61.9909
MDLZ,67,62.9786
MDLZ,68,64.4457
MDLZ,69,63.8946
MDLZ,70,64.1885
MDLZ,71,64.1097
MDLZ,72,64.2032
MDLZ,73,63.8885
MDLZ,74,64.2248
MDLZ,75,63.2627
MDLZ,76,63.7651
MDLZ,77,63.5985
MDLZ,78,63.9372
MDLZ,79,63.7235
MDLZ,80,63.9110
MDLZ,81,64.9769
MDLZ,82,65.6268
MDLZ,83,66.8186
MDLZ,84,67.8538
MDLZ,85,68.0847
MDLZ,86,68.8716
MDLZ,87,69.0842
MDLZ,88,68.9057
MDLZ,89,69.8521
MDLZ,90,69.6287
MDLZ,91,69.4839
MDLZ,92,69.5860
MDLZ,93,68.5975
MDLZ,94,69.0136
MDLZ,95,68.3994
MDLZ,96,68.9244
MDLZ,97,67.4935
MDLZ,98,66.8497
MDLZ,99,66.9465
MDLZ,100,66.2333
MDLZ,101,65.8885
MDLZ,102,64.1987
MDLZ,103,64.2160
MDLZ,104,64.1162
MDLZ,105,63.2919
MDLZ,106,64.4125
MDLZ,107,64.6413
MDLZ,108,64.0309
MDLZ,109,64.4567
MDLZ,110,65.2053
MDLZ,111,65.0036
MDLZ,112,63.7829
MDLZ,113,64.0972
MDLZ,114,63.8790
MDLZ,115,64.5789
MDLZ,116,63.7960
MDLZ,117,63.6196
MDLZ,118,63.5203
MDLZ,119,63.8898
MDLZ,120,64.0617
MDLZ,121,63.7381
MDLZ,122,64.6526
MDLZ,123,63.8076
MDLZ,124,64.4804
MDLZ,125,64.4195
MDLZ,126,65.5387
MDLZ,127,65.6716
MDLZ,128,66.6172
MDLZ,129,66.5901
MDLZ,130,66.3213
MDLZ,131,65.6898
MDLZ,132,66.1202
MDLZ,133,66.0754
MDLZ,134,67.3639
MDLZ,135,66.1707
MDLZ,136,66.2484
MDLZ,137,67.3535
MDLZ,138,68.0416
MDLZ,139,67.8800
MDLZ,140,67.8202
MDLZ,141,69.0176
MDLZ,142,68.1461
MDLZ,143,68.6656
MDLZ,144,68.6186
MDLZ,145,68.7897
MDLZ,146,68.5403
MDLZ,147,67.7580
MDLZ,148,68.5678
MDLZ,149,68.2578
MDLZ,150,68.0495
MDLZ,151,68.6072
MDLZ,152,70.0854
MDLZ,153,71.4661
MDLZ,154,71.9680
MDLZ,155,71.6372
MDLZ,156,72.6389
MDLZ,157,70.8966
MDLZ,158,70.4328
MDLZ,159,69.9714
MDLZ,160,69.6141
MDLZ,161,69.1255
MDLZ,162,69.5598
MDLZ,163,69.2548
MDLZ,164,68.3196
MDLZ,165,66.8410
MDLZ,166,66.6424
MDLZ,167,65.8708
MDLZ,168,65.6371
MDLZ,169,64.9388
MDLZ,170,65.9139
MDLZ,171,66.7497
MDLZ,172,66.0371
MDLZ,173,65.5732
MDLZ,174,65.5553
MDLZ,175,66.7364
MDLZ,176,66.3337
MDLZ,177,67.0373
MDLZ,178,67.7507
MDLZ,179,68.5308
MDLZ,180,69.2511
MDLZ,181,69.0048
MDLZ,182,68.3168
MDLZ,183,68.2966
MDLZ,184,68.4997
MDLZ,185,68.5269
MDLZ,186,68.7969
MDLZ,187,68.5712
MDLZ,188,67.6050
MDLZ,189,67.5449
MDLZ,190,64.7467
MDLZ,191,65.4900
MDLZ,192,66.7755
MDLZ,193,67.3976
MDLZ,194,67.4462
MDLZ,195,66.3161
MDLZ,196,65.9983
MDLZ,197,67.2247
MDLZ,198,66.1481
MDLZ,199,66.8401
MDLZ,200,66.3237
MDLZ,201,67.2129
MDLZ,202,67.3846
MDLZ,203,66.1452
MDLZ,204,65.4426
MDLZ,205,65.0345
MDLZ,206,64.4945
MDLZ,207,65.0679
MDLZ,208,66.6381
MDLZ,209,67.2298
MDLZ,210,66.7215
MDLZ,211,65.7622
MDLZ,212,66.0339
MDLZ,213,65.5470
MDLZ,214,65.0015
MDLZ,215,65.3904
MDLZ,216,65.0944
MDLZ,217,66.1113
MDLZ,218,66.1898
MDLZ,219,66.7450
MDLZ,220,67.2684
MDLZ,221,67.4561
MDLZ,222,67.9546
MDLZ,223,67.7030
MDLZ,224,67.3465
MDLZ,225,67.0791
MDLZ,226,66.1579
MDLZ,227,66.7561
MDLZ,228,66.8256
MDLZ,229,66.2203
MDLZ,230,65.8205
MDLZ,231,65.1743
MDLZ,232,64.4139
MDLZ,233,64.0382
MDLZ,234,63.7951
MDLZ,235,63.2501
MDLZ,236,63.7455
MDLZ,237,64.9165
MDLZ,238,66.3621
MDLZ,239,65.6281
MDLZ,240,64.0069
MDLZ,241,64.9517
MDLZ,242,63.8938
MDLZ,243,63.8206
MDLZ,244,63.6177
MDLZ,245,62.9592
MDLZ,246,63.3104
MDLZ,247,62.3977
MDLZ,248,63.2259
MDLZ,249,62.8615
MDLZ,250,62.6516
MDLZ,251,63.5883
MDLZ,252,63.5554
MDLZ,253,64.1380
MDLZ,254,64.5349
MDLZ,255,63.9979
MDLZ,256,63.7562
MDLZ,257,64.4407
MDLZ,258,64.3575
MDLZ,259,64.0076
MDLZ,260,65.0446
MDLZ,261,65.0714
MDLZ,262,66.1285
MDLZ,263,66.3951
MDLZ,264,66.8635
MDLZ,265,67.3154
MDLZ,266,66.6006
MDLZ,267,66.3001
MDLZ,268,66.2292
MDLZ,269,65.2886
MDLZ,270,64.7684
MDLZ,271,64.3489
MDLZ,272,63.1906
MDLZ,273,63.4384
MDLZ,274,65.0067
MDLZ,275,64.4046
MDLZ,276,65.8265
MDLZ,277,65.8404
MDLZ,278,65.5668
MDLZ,279,64.8593
MDLZ,280,63.7607
MDLZ,281,63.3405
MDLZ,282,63.1823
MDLZ,283,63.5385
MDLZ,284,62.9265
MDLZ,285,64.9865
MDLZ,286,64.7771
MDLZ,287,63.8938
MDLZ,288,64.0859
MDLZ,289,64.6257
MDLZ,290,64.9751
MDLZ,291,64.3575
MDLZ,292,64.8204
MDLZ,293,64.5379
MDLZ,294,65.6051
MDLZ,295,65.6341
MDLZ,296,68.2940
MDLZ,297,68.7934
MDLZ,298,69.0091
MDLZ,299,68.7539
MDLZ,300,69.5300
MDLZ,301,71.1167
MDLZ,302,71.9392
MDLZ,303,72.9283
MDLZ,304,72.9114
MDLZ,305,72.9608
MDLZ,306,72.7670
MDLZ,307,73.2108
MDLZ,308,73.2162
MDLZ,309,73.0411
MDLZ,310,73.4338
MDLZ,311,73.3678
MDLZ,312,74.7302
MDLZ,313,75.2299
MDLZ,314,76.4304
MDLZ,315,76.7537
MDLZ,316,75.9078
MDLZ,317,76.3169
MDLZ,318,76.0818
MDLZ,319,74.8864
MDLZ,320,75.2993
MDLZ,321,75.6377
MDLZ,322,74.4576
MDLZ,323,72.1955
MDLZ,324,72.1801
MDLZ,325,71.8596
MDLZ,326,71.3085
MDLZ,327,71.1192
MDLZ,328,70.3024
MDLZ,329,71.8885
MDLZ,330,71.7987
MDLZ,331,71.6781
MDLZ,332,71.0640
MDLZ,333,71.3671
MDLZ,334,71.2887
MDLZ,335,72.6613
MDLZ,336,72.7653
MDLZ,337,72.2465
MDLZ,338,70.3025
MDLZ,339,71.1856
MDLZ,340,69.8054
MDLZ,341,69.8927
MDLZ,342,69.1708
MDLZ,343,68.1404
MDLZ,344,68.9669
MDLZ,345,69.5229
MDLZ,346,70.5410
MDLZ,347,70.5189
MDLZ,348,71.4463
MDLZ,349,70.4262
MDLZ,350,71.4209
MDLZ,351,71.9060
MDLZ,352,71.2330
MDLZ,353,70.9539
MDLZ,354,72.0555
MDLZ,355,72.9074
MDLZ,356,73.4105
MDLZ,357,72.9835
MDLZ,358,73.0109
MDLZ,359,71.9869
MDLZ,360,71.0214
MDLZ,361,70.4847
MDLZ,362,70.7709
MDLZ,363,70.0494
MDLZ,364,69.3574
MDLZ,365,69.3936
MDLZ,366,68.5797
MDLZ,367,68.7718
MDLZ,368,68.6663
MDLZ,369,68.5051
MDLZ,370,67.7469
MDLZ,371,66.7057
MDLZ,372,65.9586
MDLZ,373,65.2631
MDLZ,374,66.4765
MDLZ,375,66.9700
MDLZ,376,65.3031
MDLZ,377,65.0006
MDLZ,378,65.3245
MDLZ,379,64.9127
MDLZ,380,65.1113
MDLZ,381,65.4822
MDLZ,382,65.1106
MDLZ,383,64.3995
MDLZ,384,64.9217
MDLZ,385,64.6052
MDLZ,386,64.4483
MDLZ,387,64.0844
MDLZ,388,63.7510
MDLZ,389,63.8270
MDLZ,390,64.4847
MDLZ,391,64.7842
MDLZ,392,63.8876
MDLZ,393,64.0776
MDLZ,394,63.1106
MDLZ,395,62.6869
MDLZ,396,61.7699
MDLZ,397,62.3743
MDLZ,398,63.4247
MDLZ,399,63.2600
MDLZ,400,63.1736
MDLZ,401,62.9759
MDLZ,402,62.8359
MDLZ,403,62.6331
MDLZ,404,63.2568
MDLZ,405,63.0600
MDLZ,406,62.9030
MDLZ,407,61.3620
MDLZ,408,61.7613
MDLZ,409,61.8677
MDLZ,410,61.8765
MDLZ,411,61.5448
MDLZ,412,62.1640
MDLZ,413,61.9807
MDLZ,414,62.3120
MDLZ,415,61.5672
MDLZ,416,61.2975
MDLZ,417,61.6243
MDLZ,418,61.6906
MDLZ,419,61.4264
MDLZ,420,61.9058
MDLZ,421,60.9022
MDLZ,422,60.8422
MDLZ,423,59.9379
MDLZ,424,60.1337
MDLZ,425,60.2054
MDLZ,426,60.6297
MDLZ,427,60.7068
MDLZ,428,60.3142
MDLZ,429,60.2834
MDLZ,430,59.7177
MDLZ,431,60.4160
MDLZ,432,60.3000
MDLZ,433,60.3648
MDLZ,434,60.1166
MDLZ,435,59.7524
MDLZ,436,60.5211
MDLZ,437,60.5322
MDLZ,438,61.2296
MDLZ,439,61.5599
MDLZ,440,62.7143
MDLZ,441,61.4322
MDLZ,442,62.0556
MDLZ,443,62.8251
MDLZ,444,61.9862
MDLZ,445,62.5219
MDLZ,446,61.3548
MDLZ,447,61.8354
MDLZ,448,61.9394
MDLZ,449,61.5525
MDLZ,450,61.1298
MDLZ,451,61.0697
MDLZ,452,61.0031
MDLZ,453,61.4033
MDLZ,454,61.5229
MDLZ,455,61.6135
MDLZ,456,61.6423
MDLZ,457,62.0214
MDLZ,458,61.7824
MDLZ,459,61.3182
MDLZ,460,61.4559
MDLZ,461,61.8441
MDLZ,462,60.8691
MDLZ,463,61.1440
MDLZ,464,60.6158
MDLZ,465,60.1915
MDLZ,466,60.7732
MDLZ,467,60.5758
MDLZ,468,60.3066
MDLZ,469,59.8708
MDLZ,470,59.5023
MDLZ,471,58.5917
MDLZ,472,58.7110
MDLZ,473,59.1976
MDLZ,474,58.8546
MDLZ,475,60.3885
MDLZ,476,58.9537
MDLZ,477,59.4105
MDLZ,478,59.4531
MDLZ,479,58.4526
MDLZ,480,58.2553
MDLZ,481,57.9671
MDLZ,482,57.8810
MDLZ,483,58.0311
MDLZ,484,58.3864
MDLZ,485,59.2569
MDLZ,486,59.3096
MDLZ,487,58.9004
MDLZ,488,58.8748
MDLZ,489,59.2618
MDLZ,490,60.6952
MDLZ,491,62.2090
MDLZ,492,63.3223
MDLZ,493,63.9395
MDLZ,494,63.5237
MDLZ,495,63.8268
MDLZ,496,63.7212
MDLZ,497,62.8043
MDLZ,498,63.6558
MDLZ,499,64.0495
MDLZ,500,63.6568
MDLZ,501,63.7991
MDLZ,502,63.6776
MDLZ,503,63.8384
MDLZ,504,62.4498
CL,0,90.0000
CL,1,90.7252
CL,2,90.2229
CL,3,91.5315
CL,4,92.3477
CL,5,92.8687
CL,6,93.0647
CL,7,92.6429
CL,8,92.1051
CL,9,91.3479
CL,10,90.5715
CL,11,90.7816
CL,12,89.7487
CL,13,89.2990
CL,14,90.6540
CL,15,89.2074
CL,16,89.7620
CL,17,90.7821
CL,18,90.8957
CL,19,90.4243
CL,20,90.4191
CL,21,89.5240
CL,22,90.3903
CL,23,89.6944
CL,24,91.3673
CL,25,90.4355
CL,26,90.7594
CL,27,92.7844
CL,28,92.2287
CL,29,92.6306
CL,30,91.8305
CL,31,90.9954
CL,32,90.5431
CL,33,89.0280
CL,34,89.3016
CL,35,87.2091
CL,36,87.0806
CL,37,86.8950
CL,38,87.7865
CL,39,87.8030
CL,40,88.1909
CL,41,88.0472
CL,42,88.3978
CL,43,89.1429
CL,44,89.1017
CL,45,87.6590
CL,46,88.1907
CL,47,87.9921
CL,48,88.2574
CL,49,88.6212
CL,50,88.5552
CL,51,89.5512
CL,52,89.0375
CL,53,89.3909
CL,54,89.7017
CL,55,89.5545
CL,56,89.0902
CL,57,88.3327
CL,58,89.5930
CL,59,88.1397
CL,60,87.4582
CL,61,87.6293
CL,62,87.0703
CL,63,86.8791
CL,64,86.0732
CL,65,85.7493
CL,66,85.1214
CL,67,85.7852
CL,68,87.7007
CL,69,86.6910
CL,70,87.6859
CL,71,90.1192
CL,72,89.9401
CL,73,88.4377
CL,74,88.8056
CL,75,87.0950
CL,76,87.2661
CL,77,86.7764
CL,78,86.3954
CL,79,85.9262
CL,80,85.8444
CL,81,85.8346
CL,82,86.8808
CL,83,88.3880
CL,84,88.8900
CL,85,89.0566
CL,86,89.3744
CL,87,89.1675
CL,88,90.6147
CL,89,91.3140
CL,90,91.9233
CL,91,92.2390
CL,92,92.3593
CL,93,90.9119
CL,94,92.4030
CL,95,91.8974
CL,96,92.1606
CL,97,90.8050
CL,98,90.2401
CL,99,89.9655
CL,100,90.8741
CL,101,90.5325
CL,102,90.6066
CL,103,90.9828
CL,104,91.3933
CL,105,91.2746
CL,106,92.6264
CL,107,91.4491
CL,108,89.9858
CL,109,89.2942
CL,110,90.1739
CL,111,88.9110
CL,112,89.4989
CL,113,89.5239
CL,114,89.2410
CL,115,89.7792
CL,116,89.8450
CL,117,88.4030
CL,118,87.4198
CL,119,87.0622
CL,120,86.7922
CL,121,87.0538
CL,122,87.8375
CL,123,86.3472
CL,124,85.1170
CL,125,85.3865
CL,126,85.4472
CL,127,85.9462
CL,128,86.9475
CL,129,86.7455
CL,130,88.0702
CL,131,87.3084
CL,132,87.9214
CL,133,87.4828
CL,134,87.3506
CL,135,87.1550
CL,136,87.5436
CL,137,88.4122
CL,138,87.7023
CL,139,87.2791
CL,140,86.7937
CL,141,86.5801
CL,142,85.5737
CL,143,84.6820
CL,144,85.0790
CL,145,85.0333
CL,146,84.5263
CL,147,82.8761
CL,148,83.4951
CL,149,83.8899
CL,150,83.6954
CL,151,84.5385
CL,152,85.0809
CL,153,87.8981
CL,154,88.0765
CL,155,87.1070
CL,156,88.5721
CL,157,86.9068
CL,158,86.1538
CL,159,86.1333
CL,160,85.4883
CL,161,85.1377
CL,162,85.4334
CL,163,85.5779
CL,164,86.2931
CL,165,86.6673
CL,166,86.9253
CL,167,86.0049
CL,168,85.7876
CL,169,85.9728
CL,170,86.1162
CL,171,86.9820
CL,172,87.4393
CL,173,87.4417
CL,174,86.1186
CL,175,86.3783
CL,176,87.4647
CL,177,89.0454
CL,178,90.1613
CL,179,88.6641
CL,180,88.5621
CL,181,88.6942
CL,182,88.4772
CL,183,87.3753
CL,184,87.0592
CL,185,86.7256
CL,186,87.3200
CL,187,87.2268
CL,188,87.1768
CL,189,87.7224
CL,190,87.0487
CL,191,87.5245
CL,192,88.1510
CL,193,88.1835
CL,194,88.7467
CL,195,88.6725
CL,196,89.1205
CL,197,89.4232
CL,198,89.4794
CL,199,89.7729
CL,200,90.6613
CL,201,90.3740
CL,202,90.0682
CL,203,90.6890
CL,204,90.4954
CL,205,92.0232
CL,206,92.2518
CL,207,91.7446
CL,208,91.8151
CL,209,94.4560
CL,210,93.2987
CL,211,93.1518
CL,212,92.4927
CL,213,92.0311
CL,214,91.2730
CL,215,91.2167
CL,216,91.0694
CL,217,91.5411
CL,218,92.2632
CL,219,93.1787
CL,220,93.5267
CL,221,94.3259
CL,222,94.5271
CL,223,95.2049
CL,224,95.3591
CL,225,96.9372
CL,226,96.9459
CL,227,96.9819
CL,228,96.6095
CL,229,96.1929
CL,230,95.7566
CL,231,95.7787
CL,232,96.4012
CL,233,96.9928
CL,234,96.3639
CL,235,95.9814
CL,236,95.0336
CL,237,97.2224
CL,238,97.6519
CL,239,98.0442
CL,240,96.8316
CL,241,97.9611
CL,242,97.9912
CL,243,97.7643
CL,244,97.3876
CL,245,95.1398
CL,246,96.7646
CL,247,95.7329
CL,248,96.1154
CL,249,94.5946
CL,250,96.0219
CL,251,96.7765
CL,252,96.9220
CL,253,96.8250
CL,254,96.1135
CL,255,95.5698
CL,256,97.2041
CL,257,96.1022
CL,258,96.4154
CL,259,96.1047
CL,260,97.8591
CL,261,97.9691
CL,262,98.8273
CL,263,99.3172
CL,264,98.6917
CL,265,99.1249
CL,266,99.1659
CL,267,99.6253
CL,268,100.3346
CL,269,100.4651
CL,270,101.3313
CL,271,102.0423
CL,272,100.2408
CL,273,99.0142
CL,274,99.6009
CL,275,98.5020
CL,276,99.1297
CL,277,99.3739
CL,278,99.4585
CL,279,97.8536
CL,280,95.1597
CL,281,94.2761
CL,282,95.2129
CL,283,94.8978
CL,284,94.2969
CL,285,94.2591
CL,286,94.1034
CL,287,95.1576
CL,288,94.3634
CL,289,95.2083
CL,290,95.9487
CL,291,95.8478
CL,292,95.5760
CL,293,95.2826
CL,294,95.7198
CL,295,93.8656
CL,296,94.5496
CL,297,94.5634
CL,298,95.0592
CL,299,97.0627
CL,300,98.1254
CL,301,98.1264
CL,302,98.4095
CL,303,98.3101
CL,304,98.4599
CL,305,99.6152
CL,306,98.5675
CL,307,99.0706
CL,308,98.7892
CL,309,97.0627
CL,310,97.9923
CL,311,98.2315
CL,312,99.0031
CL,313,100.0075
CL,314,99.9279
CL,315,100.9712
CL,316,101.4752
CL,317,100.6036
CL,318,101.2804
CL,319,99.8458
CL,320,101.3511
CL,321,100.6316
CL,322,100.6539
CL,323,99.0253
CL,324,98.3069
CL,325,98.1885
CL,326,98.9142
CL,327,97.4587
CL,328,96.9930
CL,329,98.0886
CL,330,97.6365
CL,331,98.0357
CL,332,98.6760
CL,333,97.6581
CL,334,98.2709
CL,335,100.2699
CL,336,99.8467
CL,337,100.0309
CL,338,97.7122
CL,339,99.3806
CL,340,96.9175
CL,341,97.4666
CL,342,96.1764
CL,343,96.4756
CL,344,97.9805
CL,345,99.1785
CL,346,100.8448
CL,347,98.9744
CL,348,98.9906
CL,349,97.3108
CL,350,97.8867
CL,351,99.1144
CL,352,98.4287
CL,353,97.8811
CL,354,98.6646
CL,355,99.6535
CL,356,99.3799
CL,357,99.2295
CL,358,99.0516
CL,359,99.3413
CL,360,99.5701
CL,361,98.3642
CL,362,98.7213
CL,363,97.8936
CL,364,97.5640
CL,365,95.8328
CL,366,95.3845
CL,367,95.4037
CL,368,94.4400
CL,369,93.9067
CL,370,93.9563
CL,371,92.9882
CL,372,92.1738
CL,373,90.9949
CL,374,93.0644
CL,375,93.3624
CL,376,91.4384
CL,377,91.7817
CL,378,92.2258
CL,379,92.3156
CL,380,93.4039
CL,381,93.9010
CL,382,93.9172
CL,383,93.8282
CL,384,96.0737
CL,385,95.1023
CL,386,94.3059
CL,387,95.0161
CL,388,95.5346
CL,389,96.1857
CL,390,96.0883
CL,391,97.2057
CL,392,97.6482
CL,393,98.5905
CL,394,97.0929
CL,395,96.7350
CL,396,97.4652
CL,397,98.3485
CL,398,99.0644
CL,399,99.8330
CL,400,99.2776
CL,401,98.1416
CL,402,98.1123
CL,403,97.6120
CL,404,97.2434
CL,405,95.3836
CL,406,96.1220
CL,407,93.1464
CL,408,94.6713
CL,409,95.6481
CL,410,97.0295
CL,411,96.9681
CL,412,98.4956
CL,413,99.5728
CL,414,101.1900
CL,415,101.5712
CL,416,100.9937
CL,417,99.4378
CL,418,99.5497
CL,419,99.7203
CL,420,98.9880
CL,421,97.5339
CL,422,96.0653
CL,423,94.5212
CL,424,94.6096
CL,425,94.6485
CL,426,95.2432
CL,427,95.7347
CL,428,96.3732
CL,429,95.8136
CL,430,95.5176
CL,431,97.0391
CL,432,96.7351
CL,433,96.8464
CL,434,95.8591
CL,435,94.6300
CL,436,95.1904
CL,437,95.6001
CL,438,96.1990
CL,439,96.6590
CL,440,98.5459
CL,441,97.0371
CL,442,96.5573
CL,443,97.1851
CL,444,97.1388
CL,445,98.3576
CL,446,97.4687
CL,447,98.6509
CL,448,98.7867
CL,449,97.4604
CL,450,95.5380
CL,451,95.3935
CL,452,94.4419
CL,453,93.9935
CL,454,94.3259
CL,455,95.0713
CL,456,95.0791
CL,457,95.0251
CL,458,94.9541
CL,459,94.3203
CL,460,94.1891
CL,461,94.1005
CL,462,93.3034
CL,463,93.5427
CL,464,94.2639
CL,465,93.2081
CL,466,93.0527
CL,467,92.5774
CL,468,92.6877
CL,469,91.8777
CL,470,92.0423
CL,471,92.7912
CL,472,93.8806
CL,473,95.0830
CL,474,95.0083
CL,475,96.2522
CL,476,95.9489
CL,477,96.7392
CL,478,96.1403
CL,479,95.7678
CL,480,95.2265
CL,481,97.9072
CL,482,98.6661
CL,483,100.1627
CL,484,101.4201
CL,485,101.4980
CL,486,99.8912
CL,487,100.3167
CL,488,102.0896
CL,489,103.1829
CL,490,103.1702
CL,491,105.0858
CL,492,105.4755
CL,493,106.7361
CL,494,107.2645
CL,495,106.9770
CL,496,107.2083
CL,497,106.8778
CL,498,106.8525
CL,499,105.3499
CL,500,104.7736
CL,501,104.8441
CL,502,104.6374
CL,503,104.0662
CL,504,103.7759
KMB,0,135.0000
KMB,1,135.6256
KMB,2,136.7807
KMB,3,139.0692
KMB,4,139.1848
KMB,5,141.0434
KMB,6,140.5806
KMB,7,137.0829
KMB,8,134.5633
KMB,9,132.6647
KMB,10,133.1157
KMB,11,134.6169
KMB,12,133.9048
KMB,13,132.0562
KMB,14,133.2631
KMB,15,132.5030
KMB,16,134.3258
KMB,17,133.5234
KMB,18,133.8563
KMB,19,134.4203
KMB,20,132.8331
KMB,21,132.5139
KMB,22,133.3419
KMB,23,135.1665
KMB,24,135.5863
KMB,25,134.0185
KMB,26,138.3805
KMB,27,138.4641
KMB,28,140.0529
KMB,29,142.1178
KMB,30,141.5450
KMB,31,140.0252
KMB,32,139.2638
KMB,33,137.9560
KMB,34,138.8078
KMB,35,138.2283
KMB,36,138.4199
KMB,37,137.5530
KMB,38,136.9094
KMB,39,135.3029
KMB,40,134.5899
KMB,41,134.4008
KMB,42,134.9710
KMB,43,135.0578
KMB,44,135.9850
KMB,45,135.0601
KMB,46,135.4722
KMB,47,133.5869
KMB,48,132.5359
KMB,49,133.1454
KMB,50,132.2220
KMB,51,131.9713
KMB,52,130.9613
KMB,53,133.9677
KMB,54,132.3505
KMB,55,134.1986
KMB,56,131.7897
KMB,57,132.2039
KMB,58,131.8849
KMB,59,131.8375
KMB,60,133.2368
KMB,61,132.9473
KMB,62,133.5245
KMB,63,133.4959
KMB,64,132.4518
KMB,65,131.6947
KMB,66,131.0511
KMB,67,132.8138
KMB,68,135.1359
KMB,69,133.0866
KMB,70,131.6191
KMB,71,132.6073
KMB,72,133.5164
KMB,73,133.8041
KMB,74,134.1364
KMB,75,133.8776
KMB,76,134.7986
KMB,77,132.9243
KMB,78,132.7668
KMB,79,134.0168
KMB,80,134.6120
KMB,81,133.9530
KMB,82,133.8568
KMB,83,136.6904
KMB,84,137.4264
KMB,85,136.3701
KMB,86,139.6941
KMB,87,137.2790
KMB,88,137.4178
KMB,89,137.1756
KMB,90,136.3521
KMB,91,136.9995
KMB,92,137.1798
KMB,93,138.1253
KMB,94,138.5847
KMB,95,137.8622
KMB,96,139.9679
KMB,97,137.2169
KMB,98,135.1563
KMB,99,134.2765
KMB,100,135.3272
KMB,101,134.8304
KMB,102,132.1020
KMB,103,131.2139
KMB,104,130.0393
KMB,105,129.4783
KMB,106,133.5881
KMB,107,133.0189
KMB,108,131.4691
KMB,109,131.4950
KMB,110,132.3512
KMB,111,131.1983
KMB,112,129.4044
KMB,113,129.2112
KMB,114,129.3161
KMB,115,130.5583
KMB,116,130.0307
KMB,117,131.0658
KMB,118,128.2698
KMB,119,128.2480
KMB,120,129.2061
KMB,121,128.9996
KMB,122,130.1229
KMB,123,128.2489
KMB,124,128.5909
KMB,125,128.9037
KMB,126,129.3955
KMB,127,127.6045
KMB,128,127.8774
KMB,129,127.1955
KMB,130,125.1347
KMB,131,124.7430
KMB,132,124.3730
KMB,133,123.4126
KMB,134,124.9598
KMB,135,123.9503
KMB,136,124.1820
KMB,137,124.4447
KMB,138,124.9889
KMB,139,125.0503
KMB,140,124.0396
KMB,141,124.5583
KMB,142,122.8760
KMB,143,121.9486
KMB,144,121.5140
KMB,145,123.0400
KMB,146,122.5261
KMB,147,119.8246
KMB,148,120.3377
KMB,149,119.4605
KMB,150,117.9746
KMB,151,117.9197
KMB,152,118.9824
KMB,153,121.1145
KMB,154,119.9599
KMB,155,121.0826
KMB,156,120.5158
KMB,157,119.2912
KMB,158,118.5326
KMB,159,117.7786
KMB,160,116.3089
KMB,161,114.4900
KMB,162,114.3865
KMB,163,113.5532
KMB,164,113.9408
KMB,165,114.7242
KMB,166,114.9153
KMB,167,113.2105
KMB,168,111.8889
KMB,169,112.6131
KMB,170,112.2041
KMB,171,112.3688
KMB,172,113.2516
KMB,173,112.1107
KMB,174,111.1940
KMB,175,111.4526
KMB,176,112.4964
KMB,177,112.4068
KMB,178,114.7707
KMB,179,115.5311
KMB,180,114.5110
KMB,181,114.5305
KMB,182,114.1693
KMB,183,113.2403
KMB,184,112.7624
KMB,185,112.4786
KMB,186,114.4270
KMB,187,112.5927
KMB,188,111.1732
KMB,189,110.4839
KMB,190,108.0011
KMB,191,110.0210
KMB,192,110.8285
KMB,193,111.4211
KMB,194,110.5329
KMB,195,110.0223
KMB,196,110.4879
KMB,197,112.6185
KMB,198,112.1847
KMB,199,113.5190
KMB,200,113.5160
KMB,201,113.4564
KMB,202,113.1484
KMB,203,113.0563
KMB,204,112.8139
KMB,205,112.2109
KMB,206,112.5223
KMB,207,111.8730
KMB,208,111.9047
KMB,209,112.2267
KMB,210,111.5066
KMB,211,111.8569
KMB,212,111.1920
KMB,213,111.4768
KMB,214,110.2158
KMB,215,109.9912
KMB,216,110.1048
KMB,217,110.7272
KMB,218,109.8893
KMB,219,110.8803
KMB,220,111.6578
KMB,221,111.8737
KMB,222,110.1433
KMB,223,109.4930
KMB,224,110.1428
KMB,225,109.7146
KMB,226,108.4957
KMB,227,109.4551
KMB,228,109.1830
KMB,229,108.3167
KMB,230,108.7105
KMB,231,108.3393
KMB,232,108.0639
KMB,233,107.2358
KMB,234,106.5343
KMB,235,106.3090
KMB,236,106.7242
KMB,237,107.7946
KMB,238,107.6427
KMB,239,107.7628
KMB,240,104.9644
KMB,241,105.0085
KMB,242,105.1578
KMB,243,103.6551
KMB,244,103.5516
KMB,245,101.1835
KMB,246,101.2349
KMB,247,100.6184
KMB,248,101.8927
KMB,249,101.5488
KMB,250,101.6189
KMB,251,103.0971
KMB,252,102.1901
KMB,253,102.5025
KMB,254,101.2201
KMB,255,101.6331
KMB,256,102.3943
KMB,257,102.6900
KMB,258,103.5123
KMB,259,102.4742
KMB,260,104.1183
KMB,261,104.4141
KMB,262,104.7103
KMB,263,105.6987
KMB,264,104.6145
KMB,265,105.7667
KMB,266,104.8670
KMB,267,104.0429
KMB,268,104.2541
KMB,269,103.9359
KMB,270,104.3433
KMB,271,105.0413
KMB,272,103.5389
KMB,273,102.9776
KMB,274,103.6318
KMB,275,102.7394
KMB,276,104.3227
KMB,277,104.4038
KMB,278,103.7487
KMB,279,102.4527
KMB,280,102.5188
KMB,281,101.1824
KMB,282,100.0957
KMB,283,99.2290
KMB,284,97.5239
KMB,285,98.9764
KMB,286,99.3497
KMB,287,100.9055
KMB,288,101.8939
KMB,289,101.9378
KMB,290,101.7666
KMB,291,100.7066
KMB,292,100.3360
KMB,293,101.0642
KMB,294,103.2540
KMB,295,102.0825
KMB,296,103.3586
KMB,297,104.5595
KMB,298,105.2849
KMB,299,105.5973
KMB,300,105.6054
KMB,301,105.9502
KMB,302,106.7370
KMB,303,108.3246
KMB,304,109.1776
KMB,305,108.3714
KMB,306,108.5572
KMB,307,108.5357
KMB,308,108.2413
KMB,309,106.7970
KMB,310,106.7146
KMB,311,106.7395
KMB,312,109.2810
KMB,313,109.2397
KMB,314,108.8536
KMB,315,108.2783
KMB,316,107.4486
KMB,317,107.2892
KMB,318,107.2494
KMB,319,105.8125
KMB,320,107.2495
KMB,321,108.6608
KMB,322,108.6818
KMB,323,108.4893
KMB,324,106.7997
KMB,325,105.8836
KMB,326,105.3600
KMB,327,103.5583
KMB,328,102.9402
KMB,329,103.1396
KMB,330,102.8529
KMB,331,102.3932
KMB,332,102.3077
KMB,333,101.5900
KMB,334,101.5005
KMB,335,103.2207
KMB,336,103.2433
KMB,337,102.8592
KMB,338,100.4444
KMB,339,100.2179
KMB,340,97.8414
KMB,341,98.5073
KMB,342,96.4875
KMB,343,96.4472
KMB,344,97.4287
KMB,345,97.6773
KMB,346,99.2719
KMB,347,99.0210
KMB,348,98.3815
KMB,349,98.0678
KMB,350,98.7449
KMB,351,98.9828
KMB,352,98.8132
KMB,353,99.0666
KMB,354,100.2131
KMB,355,100.1285
KMB,356,99.5718
KMB,357,98.2266
KMB,358,98.5674
KMB,359,98.2650
KMB,360,97.8602
KMB,361,97.5376
KMB,362,98.2307
KMB,363,98.1437
KMB,364,97.6574
KMB,365,96.7858
KMB,366,96.4548
KMB,367,95.6791
KMB,368,96.8111
KMB,369,96.3065
KMB,370,96.8827
KMB,371,95.4187
KMB,372,94.9931
KMB,373,93.6893
KMB,374,94.6859
KMB,375,94.2628
KMB,376,93.0060
KMB,377,93.8407
KMB,378,93.8566
KMB,379,93.1341
KMB,380,93.6255
KMB,381,94.4578
KMB,382,94.4912
KMB,383,93.9452
KMB,384,94.9067
KMB,385,93.9011
KMB,386,94.5174
KMB,387,94.2364
KMB,388,94.8642
KMB,389,92.1109
KMB,390,92.3028
KMB,391,92.6342
KMB,392,91.6440
KMB,393,92.8240
KMB,394,92.4992
KMB,395,92.1504
KMB,396,91.7756
KMB,397,92.4477
KMB,398,94.2742
KMB,399,93.7402
KMB,400,90.8390
KMB,401,91.4215
KMB,402,90.8798
KMB,403,88.6229
KMB,404,87.4380
KMB,405,87.8784
KMB,406,88.9299
KMB,407,89.2371
KMB,408,90.7019
KMB,409,90.0863
KMB,410,91.1190
KMB,411,90.5234
KMB,412,90.3383
KMB,413,91.2941
KMB,414,92.2578
KMB,415,90.3908
KMB,416,89.5503
KMB,417,89.1330
KMB,418,89.3519
KMB,419,89.1696
KMB,420,89.7656
KMB,421,88.9409
KMB,422,89.0593
KMB,423,88.4325
KMB,424,88.9102
KMB,425,89.5366
KMB,426,90.8359
KMB,427,89.5179
KMB,428,90.2858
KMB,429,89.9936
KMB,430,88.8819
KMB,431,89.6190
KMB,432,89.1455
KMB,433,87.8988
KMB,434,86.6009
KMB,435,85.8417
KMB,436,86.6337
KMB,437,86.6755
KMB,438,86.9086
KMB,439,87.4525
KMB,440,87.6705
KMB,441,87.6813
KMB,442,88.4459
KMB,443,89.3719
KMB,444,87.7493
KMB,445,88.5713
KMB,446,88.5733
KMB,447,89.0746
KMB,448,88.8037
KMB,449,87.6134
KMB,450,85.7545
KMB,451,85.5593
KMB,452,86.0571
KMB,453,85.9868
KMB,454,85.6550
KMB,455,86.7917
KMB,456,85.9353
KMB,457,86.8507
KMB,458,86.0090
KMB,459,85.7511
KMB,460,86.6826
KMB,461,86.2617
KMB,462,85.4873
KMB,463,85.9238
KMB,464,86.1384
KMB,465,87.0663
KMB,466,87.8222
KMB,467,87.3232
KMB,468,86.5344
KMB,469,86.6537
KMB,470,87.7008
KMB,471,87.5496
KMB,472,89.0498
KMB,473,89.3465
KMB,474,88.6013
KMB,475,88.8625
KMB,476,88.2347
KMB,477,90.0433
KMB,478,88.9436
KMB,479,86.5593
KMB,480,85.6833
KMB,481,87.0774
KMB,482,85.8595
KMB,483,86.3162
KMB,484,88.7961
KMB,485,90.1065
KMB,486,89.8689
KMB,487,88.6930
KMB,488,89.8560
KMB,489,91.5654
KMB,490,91.0654
KMB,491,91.4838
KMB,492,93.1646
KMB,493,94.2676
KMB,494,94.6402
KMB,495,94.4935
KMB,496,95.1661
KMB,497,94.0903
KMB,498,94.1543
KMB,499,94.9496
KMB,500,93.8614
KMB,501,95.3297
KMB,502,95.2645
KMB,503,94.2708
KMB,504,93.2772
GIS,0,68.0000
GIS,1,68.1942
GIS,2,68.8485
GIS,3,69.5135
GIS,4,69.9119
GIS,5,69.9537
GIS,6,70.1965
GIS,7,69.6385
GIS,8,68.1591
GIS,9,67.9941
GIS,10,68.0727
GIS,11,67.2939
GIS,12,67.9576
GIS,13,68.3540
GIS,14,68.2465
GIS,15,67.3830
GIS,16,69.4508
GIS,17,69.7071
GIS,18,69.6390
GIS,19,70.9872
GIS,20,69.7614
GIS,21,68.6933
GIS,22,69.7462
GIS,23,69.6189
GIS,24,70.6421
GIS,25,70.2642
GIS,26,71.8886
GIS,27,71.9035
GIS,28,72.1177
GIS,29,73.4252
GIS,30,74.3825
GIS,31,74.6908
GIS,32,75.1186
GIS,33,73.7019
GIS,34,73.5795
GIS,35,73.4210
GIS,36,73.2488
GIS,37,73.1611
GIS,38,74.2780
GIS,39,73.6424
GIS,40,73.3077
GIS,41,73.2187
GIS,42,72.6612
GIS,43,72.1696
GIS,44,72.7126
GIS,45,72.3996
GIS,46,72.5870
GIS,47,71.3832
GIS,48,70.4346
GIS,49,70.0622
GIS,50,68.9011
GIS,51,69.3195
GIS,52,69.0023
GIS,53,69.5718
GIS,54,68.6780
GIS,55,69.3941
GIS,56,68.1509
GIS,57,67.6736
GIS,58,68.6770
GIS,59,67.4727
GIS,60,67.9274
GIS,61,68.8193
GIS,62,68.0141
GIS,63,68.5116
GIS,64,68.0958
GIS,65,67.4696
GIS,66,66.3222
GIS,67,66.2843
GIS,68,66.7574
GIS,69,66.9209
GIS,70,67.6152
GIS,71,67.8866
GIS,72,67.9411
GIS,73,68.3288
GIS,74,67.5808
GIS,75,66.7351
GIS,76,66.4568
GIS,77,66.6072
GIS,78,67.6111
GIS,79,67.8112
GIS,80,67.6749
GIS,81,67.7914
GIS,82,68.2705
GIS,83,70.0604
GIS,84,71.9814
GIS,85,72.3411
GIS,86,72.8760
GIS,87,72.0452
GIS,88,72.9451
GIS,89,72.8945
GIS,90,72.7980
GIS,91,72.9799
GIS,92,73.3476
GIS,93,73.7787
GIS,94,74.2731
GIS,95,74.6980
GIS,96,75.2487
GIS,97,74.8677
GIS,98,75.7017
GIS,99,75.8082
GIS,100,75.6191
GIS,101,75.4652
GIS,102,73.6094
GIS,103,73.2686
GIS,104,73.7453
GIS,105,73.6332
GIS,106,75.0554
GIS,107,75.8245
GIS,108,75.3825
GIS,109,74.7205
GIS,110,74.2184
GIS,111,73.3514
GIS,112,73.4493
GIS,113,72.8985
GIS,114,73.1261
GIS,115,73.4508
GIS,116,72.3290
GIS,117,71.9965
GIS,118,70.8463
GIS,119,70.2959
GIS,120,69.4877
GIS,121,69.6538
GIS,122,70.4905
GIS,123,71.0590
GIS,124,70.1446
GIS,125,70.9112
GIS,126,71.1665
GIS,127,70.9587
GIS,128,71.7929
GIS,129,71.9211
GIS,130,71.4831
GIS,131,70.5260
GIS,132,70.2309
GIS,133,70.4954
GIS,134,71.2290
GIS,135,70.6746
GIS,136,71.5969
GIS,137,72.1654
GIS,138,71.6617
GIS,139,71.9781
GIS,140,71.4688
GIS,141,71.6772
GIS,142,70.1824
GIS,143,69.6555
GIS,144,69.3629
GIS,145,70.2733
GIS,146,70.5275
GIS,147,69.4394
GIS,148,69.0786
GIS,149,69.4034
GIS,150,68.7157
GIS,151,68.2858
GIS,152,68.5135
GIS,153,69.8963
GIS,154,70.3952
GIS,155,69.2276
GIS,156,69.2683
GIS,157,68.5221
GIS,158,67.5900
GIS,159,68.0983
GIS,160,67.7816
GIS,161,67.9037
GIS,162,67.9161
GIS,163,67.8238
GIS,164,67.8623
GIS,165,67.7836
GIS,166,66.4383
GIS,167,65.9851
GIS,168,66.2732
GIS,169,64.5125
GIS,170,64.5133
GIS,171,64.6730
GIS,172,63.9519
GIS,173,63.8367
GIS,174,64.2174
GIS,175,65.1270
GIS,176,65.7080
GIS,177,67.7689
GIS,178,69.0847
GIS,179,68.5930
GIS,180,68.2994
GIS,181,67.6476
GIS,182,66.9838
GIS,183,66.4230
GIS,184,66.0930
GIS,185,66.4164
GIS,186,67.2545
GIS,187,66.3539
GIS,188,66.2782
GIS,189,65.9196
GIS,190,64.5960
GIS,191,65.6925
GIS,192,64.9379
GIS,193,65.2800
GIS,194,65.1898
GIS,195,64.4526
GIS,196,63.6466
GIS,197,64.5515
GIS,198,63.5357
GIS,199,64.3432
GIS,200,64.4526
GIS,201,64.0126
GIS,202,64.1183
GIS,203,63.6335
GIS,204,63.7914
GIS,205,63.4780
GIS,206,62.7421
GIS,207,62.4607
GIS,208,63.5460
GIS,209,64.5217
GIS,210,63.5368
GIS,211,64.2281
GIS,212,63.9368
GIS,213,63.4530
GIS,214,62.5238
GIS,215,63.0122
GIS,216,63.0452
GIS,217,63.0602
GIS,218,63.1667
GIS,219,63.7430
GIS,220,63.9953
GIS,221,64.3735
GIS,222,63.7891
GIS,223,63.4024
GIS,224,63.6404
GIS,225,63.9448
GIS,226,64.6785
GIS,227,64.9890
GIS,228,63.8180
GIS,229,62.9049
GIS,230,62.7975
GIS,231,62.4990
GIS,232,62.8665
GIS,233,62.9982
GIS,234,62.2981
GIS,235,62.3005
GIS,236,61.3848
GIS,237,62.2191
GIS,238,62.5421
GIS,239,61.8405
GIS,240,61.5770
GIS,241,62.6416
GIS,242,62.4507
GIS,243,62.7350
GIS,244,63.7683
GIS,245,62.8858
GIS,246,63.6061
GIS,247,63.2622
GIS,248,63.2567
GIS,249,63.7494
GIS,250,64.4298
GIS,251,65.1912
GIS,252,66.2271
GIS,253,66.1591
GIS,254,66.4331
GIS,255,66.2932
GIS,256,66.9788
GIS,257,66.7252
GIS,258,67.2039
GIS,259,67.8052
GIS,260,68.7899
GIS,261,68.7025
GIS,262,69.2745
GIS,263,68.5624
GIS,264,70.0304
GIS,265,70.1897
GIS,266,69.0806
GIS,267,69.1706
GIS,268,69.9315
GIS,269,69.9966
GIS,270,70.2897
GIS,271,71.1502
GIS,272,70.1898
GIS,273,68.0230
GIS,274,68.4890
GIS,275,68.4011
GIS,276,69.7658
GIS,277,70.2983
GIS,278,69.6067
GIS,279,69.6371
GIS,280,68.7079
GIS,281,67.8553
GIS,282,67.2413
GIS,283,66.9294
GIS,284,66.8405
GIS,285,67.0845
GIS,286,67.8007
GIS,287,68.0297
GIS,288,68.6463
GIS,289,69.2940
GIS,290,69.7338
GIS,291,68.5397
GIS,292,68.4508
GIS,293,68.7872
GIS,294,70.2889
GIS,295,69.6264
GIS,296,69.8212
GIS,297,69.6420
GIS,298,69.6536
GIS,299,70.3216
GIS,300,71.8427
GIS,301,72.9151
GIS,302,72.5163
GIS,303,73.3740
GIS,304,72.8456
GIS,305,73.0880
GIS,306,74.0055
GIS,307,74.3398
GIS,308,74.5920
GIS,309,73.4444
GIS,310,74.3110
GIS,311,75.2758
GIS,312,77.4072
GIS,313,77.7661
GIS,314,77.6746
GIS,315,78.1957
GIS,316,76.3695
GIS,317,76.1609
GIS,318,75.7537
GIS,319,73.6225
GIS,320,74.5408
GIS,321,74.9745
GIS,322,75.6472
GIS,323,74.3313
GIS,324,72.5645
GIS,325,71.7579
GIS,326,70.7589
GIS,327,70.0579
GIS,328,70.8748
GIS,329,71.4520
GIS,330,70.4577
GIS,331,71.4616
GIS,332,71.8250
GIS,333,71.7921
GIS,334,72.7466
GIS,335,74.1092
GIS,336,73.4093
GIS,337,73.0122
GIS,338,71.8676
GIS,339,71.5343
GIS,340,70.5123
GIS,341,70.5123
GIS,342,69.2067
GIS,343,68.2100
GIS,344,69.2031
GIS,345,69.8781
GIS,346,70.7949
GIS,347,70.0750
GIS,348,70.4236
GIS,349,69.4466
GIS,350,70.1022
GIS,351,69.6544
GIS,352,69.6069
GIS,353,70.6387
GIS,354,71.5639
GIS,355,70.4050
GIS,356,70.1667
GIS,357,69.7317
GIS,358,70.8478
GIS,359,71.5887
GIS,360,71.4539
GIS,361,71.5425
GIS,362,71.1270
GIS,363,70.8030
GIS,364,71.6935
GIS,365,72.0144
GIS,366,72.5353
GIS,367,72.3785
GIS,368,72.1771
GIS,369,72.1711
GIS,370,71.2641
GIS,371,71.5955
GIS,372,69.7421
GIS,373,69.7333
GIS,374,70.8455
GIS,375,70.7914
GIS,376,69.6057
GIS,377,69.5420
GIS,378,70.0321
GIS,379,69.7835
GIS,380,69.5961
GIS,381,70.6664
GIS,382,71.2223
GIS,383,71.8786
GIS,384,73.3938
GIS,385,72.4830
GIS,386,71.5142
GIS,387,71.7138
GIS,388,71.6728
GIS,389,71.8669
GIS,390,71.9630
GIS,391,72.3244
GIS,392,72.6117
GIS,393,73.6812
GIS,394,72.8346
GIS,395,72.5307
GIS,396,73.1197
GIS,397,73.9550
GIS,398,74.8705
GIS,399,74.8280
GIS,400,72.6802
GIS,401,72.1767
GIS,402,70.6253
GIS,403,69.7357
GIS,404,69.5177
GIS,405,69.1845
GIS,406,70.1764
GIS,407,69.7723
GIS,408,69.7719
GIS,409,69.5222
GIS,410,69.8023
GIS,411,69.4075
GIS,412,70.1272
GIS,413,70.3503
GIS,414,70.4591
GIS,415,69.9994
GIS,416,69.7397
GIS,417,69.7939
GIS,418,70.3813
GIS,419,69.1691
GIS,420,69.5661
GIS,421,68.6709
GIS,422,69.3109
GIS,423,68.3732
GIS,424,68.3252
GIS,425,68.6895
GIS,426,68.9425
GIS,427,69.5516
GIS,428,68.5867
GIS,429,68.4135
GIS,430,67.5835
GIS,431,69.4663
GIS,432,69.6441
GIS,433,69.6334
GIS,434,69.5872
GIS,435,69.2756
GIS,436,71.0100
GIS,437,71.3550
GIS,438,72.7818
GIS,439,73.1331
GIS,440,74.1488
GIS,441,75.0520
GIS,442,74.8584
GIS,443,75.8435
GIS,444,75.1969
GIS,445,76.0193
GIS,446,74.9251
GIS,447,77.0213
GIS,448,78.5576
GIS,449,77.6299
GIS,450,77.8400
GIS,451,77.8364
GIS,452,78.0039
GIS,453,77.5441
GIS,454,78.4061
GIS,455,78.5489
GIS,456,77.2939
GIS,457,77.2692
GIS,458,76.5865
GIS,459,76.3100
GIS,460,77.5166
GIS,461,78.6944
GIS,462,78.6639
GIS,463,78.9868
GIS,464,79.3765
GIS,465,79.5624
GIS,466,79.8873
GIS,467,79.2888
GIS,468,79.3439
GIS,469,78.2466
GIS,470,79.1477
GIS,471,79.3762
GIS,472,80.3083
GIS,473,80.6065
GIS,474,81.1175
GIS,475,81.5667
GIS,476,80.3337
GIS,477,83.0978
GIS,478,82.6792
GIS,479,81.3957
GIS,480,80.5514
GIS,481,81.5568
GIS,482,81.4927
GIS,483,81.7572
GIS,484,82.8456
GIS,485,82.8580
GIS,486,81.6228
GIS,487,80.7499
GIS,488,82.6930
GIS,489,84.2761
GIS,490,84.8889
GIS,491,86.4631
GIS,492,86.9890
GIS,493,87.9087
GIS,494,87.9094
GIS,495,87.0570
GIS,496,85.5131
GIS,497,85.0691
GIS,498,85.5990
GIS,499,86.5677
GIS,500,86.7501
GIS,501,87.1244
GIS,502,85.8723
GIS,503,85.2922
GIS,504,84.0231
KHC,0,35.0000
KHC,1,35.4495
KHC,2,35.8469
KHC,3,36.3207
KHC,4,35.8789
KHC,5,36.1497
KHC,6,35.4996
KHC,7,35.5715
KHC,8,34.9038
KHC,9,34.6876
KHC,10,34.6351
KHC,11,34.1710
KHC,12,34.3106
KHC,13,33.8498
KHC,14,33.8493
KHC,15,33.7215
KHC,16,33.9430
KHC,17,34.9234
KHC,18,35.1458
KHC,19,34.9082
KHC,20,34.9391
KHC,21,34.9850
KHC,22,35.1619
KHC,23,35.6679
KHC,24,36.3743
KHC,25,36.1848
KHC,26,36.7547
KHC,27,37.1043
KHC,28,37.8324
KHC,29,38.1265
KHC,30,37.5733
KHC,31,37.0284
KHC,32,36.9923
KHC,33,36.3013
KHC,34,36.4370
KHC,35,36.1184
KHC,36,35.5056
KHC,37,35.2354
KHC,38,34.8661
KHC,39,34.7403
KHC,40,34.7988
KHC,41,34.9596
KHC,42,34.9515
KHC,43,34.7672
KHC,44,34.1908
KHC,45,33.7067
KHC,46,34.5700
KHC,47,34.3248
KHC,48,34.2380
KHC,49,34.2339
KHC,50,34.5603
KHC,51,34.7796
KHC,52,34.7185
KHC,53,34.9405
KHC,54,34.3912
KHC,55,34.1621
KHC,56,33.3159
KHC,57,33.0575
KHC,58,33.0223
KHC,59,32.7879
KHC,60,33.0447
KHC,61,32.9732
KHC,62,32.9824
KHC,63,33.4847
KHC,64,33.0151
KHC,65,33.0518
KHC,66,32.5365
KHC,67,32.6406
KHC,68,33.0054
KHC,69,32.6333
KHC,70,33.0405
KHC,71,33.5358
KHC,72,33.2201
KHC,73,33.0513
KHC,74,32.7965
KHC,75,32.4163
KHC,76,32.7017
KHC,77,32.4052
KHC,78,32.8306
KHC,79,32.5585
KHC,80,31.9831
KHC,81,31.9653
KHC,82,32.1901
KHC,83,33.2703
KHC,84,33.4847
KHC,85,33.4604
KHC,86,33.1466
KHC,87,33.0252
KHC,88,33.0034
KHC,89,32.8079
KHC,90,33.2026
KHC,91,32.8725
KHC,92,33.1248
KHC,93,32.9837
KHC,94,33.0484
KHC,95,33.0593
KHC,96,33.5016
KHC,97,32.8472
KHC,98,32.5253
KHC,99,32.3520
KHC,100,31.9353
KHC,101,31.6374
KHC,102,30.8604
KHC,103,31.2878
KHC,104,31.1918
KHC,105,30.8902
KHC,106,30.9498
KHC,107,30.6892
KHC,108,29.9700
KHC,109,29.0017
KHC,110,29.3650
KHC,111,28.7285
KHC,112,28.7662
KHC,113,28.8946
KHC,114,28.8918
KHC,115,29.0571
KHC,116,29.0691
KHC,117,29.1224
KHC,118,29.4417
KHC,119,29.7393
KHC,120,29.8496
KHC,121,29.5382
KHC,122,29.9004
KHC,123,29.5753
KHC,124,29.5322
KHC,125,29.0818
KHC,126,29.3605
KHC,127,28.7853
KHC,128,29.2316
KHC,129,29.1308
KHC,130,28.5732
KHC,131,28.5130
KHC,132,29.0897
KHC,133,29.1217
KHC,134,29.3461
KHC,135,29.0389
KHC,136,28.8301
KHC,137,29.1101
KHC,138,29.3701
KHC,139,29.7714
KHC,140,29.4749
KHC,141,29.5129
KHC,142,28.8664
KHC,143,28.5778
KHC,144,28.7218
KHC,145,28.6203
KHC,146,29.1005
KHC,147,28.4560
KHC,148,29.0041
KHC,149,29.2115
KHC,150,28.4782
KHC,151,28.7613
KHC,152,28.5266
KHC,153,29.0360
KHC,154,29.0576
KHC,155,29.0787
KHC,156,28.7623
KHC,157,28.3241
KHC,158,28.0768
KHC,159,28.2057
KHC,160,27.6340
KHC,161,27.7501
KHC,162,27.4655
KHC,163,27.7104
KHC,164,27.6326
KHC,165,27.6856
KHC,166,27.5083
KHC,167,27.1934
KHC,168,27.3545
KHC,169,27.5786
KHC,170,27.8936
KHC,171,27.8756
KHC,172,27.7865
KHC,173,28.0294
KHC,174,27.7589
KHC,175,27.8724
KHC,176,27.5641
KHC,177,27.9094
KHC,178,28.4426
KHC,179,28.5528
KHC,180,28.3480
KHC,181,28.5856
KHC,182,27.8471
KHC,183,27.4097
KHC,184,27.4688
KHC,185,27.5187
KHC,186,28.1377
KHC,187,28.0793
KHC,188,27.8419
KHC,189,27.9294
KHC,190,27.1408
KHC,191,27.6836
KHC,192,27.6901
KHC,193,27.9756
KHC,194,28.3816
KHC,195,28.2540
KHC,196,28.2862
KHC,197,28.1716
KHC,198,28.0228
KHC,199,28.3614
KHC,200,28.7517
KHC,201,28.1900
KHC,202,28.1697
KHC,203,28.5802
KHC,204,28.4734
KHC,205,28.7442
KHC,206,28.1949
KHC,207,28.1584
KHC,208,28.2376
KHC,209,28.6653
KHC,210,28.5793
KHC,211,29.0730
KHC,212,29.4569
KHC,213,29.5409
KHC,214,29.6730
KHC,215,29.6504
KHC,216,29.9120
KHC,217,29.5129
KHC,218,29.8013
KHC,219,29.8530
KHC,220,29.9019
KHC,221,29.9740
KHC,222,29.6200
KHC,223,29.5363
KHC,224,29.4685
KHC,225,29.5162
KHC,226,29.5072
KHC,227,29.8218
KHC,228,29.9963
KHC,229,29.8369
KHC,230,29.7442
KHC,231,29.0383
KHC,232,29.3371
KHC,233,29.3837
KHC,234,28.9424
KHC,235,28.9465
KHC,236,28.4954
KHC,237,28.9071
KHC,238,29.3434
KHC,239,29.1227
KHC,240,28.3254
KHC,241,28.5983
KHC,242,28.8920
KHC,243,28.4468
KHC,244,28.5336
KHC,245,27.6622
KHC,246,27.5371
KHC,247,26.8965
KHC,248,27.1239
KHC,249,27.4521
KHC,250,27.7223
KHC,251,27.7962
KHC,252,27.8951
KHC,253,27.9758
KHC,254,28.0586
KHC,255,28.0456
KHC,256,28.1262
KHC,257,28.1489
KHC,258,28.0885
KHC,259,28.1854
KHC,260,28.3626
KHC,261,27.9606
KHC,262,28.2126
KHC,263,28.2553
KHC,264,28.0791
KHC,265,27.9018
KHC,266,27.2108
KHC,267,27.3935
KHC,268,27.3553
KHC,269,27.4978
KHC,270,27.2755
KHC,271,27.6149
KHC,272,27.1623
KHC,273,26.9319
KHC,274,26.8957
KHC,275,26.2670
KHC,276,27.2422
KHC,277,27.3244
KHC,278,27.0125
KHC,279,26.6488
KHC,280,26.5086
KHC,281,25.9611
KHC,282,25.7108
KHC,283,25.3749
KHC,284,25.0172
KHC,285,24.9628
KHC,286,25.0069
KHC,287,25.2650
KHC,288,25.1666
KHC,289,25.4482
KHC,290,25.7621
KHC,291,25.7277
KHC,292,25.4188
KHC,293,25.4384
KHC,294,25.5723
KHC,295,25.6773
KHC,296,25.8204
KHC,297,25.7667
KHC,298,25.7272
KHC,299,26.0653
KHC,300,26.4240
KHC,301,26.6951
KHC,302,26.7314
KHC,303,26.9971
KHC,304,27.0882
KHC,305,27.4971
KHC,306,27.4689
KHC,307,27.7329
KHC,308,27.4950
KHC,309,26.9248
KHC,310,27.3265
KHC,311,27.2204
KHC,312,27.3273
KHC,313,27.6039
KHC,314,27.7532
KHC,315,27.6095
KHC,316,27.4612
KHC,317,27.3113
KHC,318,27.8404
KHC,319,27.9150
KHC,320,28.1598
KHC,321,28.4914
KHC,322,28.5441
KHC,323,28.4492
KHC,324,28.0900
KHC,325,28.0667
KHC,326,27.6569
KHC,327,27.3407
KHC,328,27.0597
KHC,329,27.0973
KHC,330,26.7300
KHC,331,26.8433
KHC,332,26.5257
KHC,333,26.3866
KHC,334,26.7966
KHC,335,26.8761
KHC,336,26.2771
KHC,337,26.1392
KHC,338,25.6151
KHC,339,25.4382
KHC,340,25.0626
KHC,341,25.1686
KHC,342,24.7088
KHC,343,23.9851
KHC,344,23.9689
KHC,345,24.5143
KHC,346,25.1775
KHC,347,24.8232
KHC,348,24.3216
KHC,349,23.8877
KHC,350,23.7213
KHC,351,23.8569
KHC,352,23.6898
KHC,353,24.2752
KHC,354,24.5367
KHC,355,25.0449
KHC,356,25.1187
KHC,357,24.7959
KHC,358,24.8717
KHC,359,25.0433
KHC,360,25.2595
KHC,361,25.3084
KHC,362,25.1874
KHC,363,24.9384
KHC,364,24.8739
KHC,365,24.8178
KHC,366,24.5218
KHC,367,24.4774
KHC,368,24.5695
KHC,369,24.3959
KHC,370,24.3266
KHC,371,23.7083
KHC,372,23.2682
KHC,373,23.0613
KHC,374,23.1956
KHC,375,23.2369
KHC,376,22.2091
KHC,377,22.1893
KHC,378,22.3468
KHC,379,22.0196
KHC,380,22.0895
KHC,381,22.0044
KHC,382,22.1880
KHC,383,22.0110
KHC,384,21.8193
KHC,385,21.4658
KHC,386,21.1620
KHC,387,21.4423
KHC,388,21.4145
KHC,389,21.0809
KHC,390,21.2211
KHC,391,21.4426
KHC,392,21.7735
KHC,393,21.9698
KHC,394,21.8331
KHC,395,21.7799
KHC,396,21.8274
KHC,397,22.1257
KHC,398,22.4589
KHC,399,22.4079
KHC,400,22.2370
KHC,401,21.8072
KHC,402,21.6887
KHC,403,21.5698
KHC,404,21.5727
KHC,405,21.3922
KHC,406,21.4859
KHC,407,21.2036
KHC,408,21.2275
KHC,409,21.2734
KHC,410,21.2692
KHC,411,21.5310
KHC,412,21.4847
KHC,413,21.7551
KHC,414,22.0910
KHC,415,21.9723
KHC,416,21.7035
KHC,417,21.6898
KHC,418,21.6264
KHC,419,21.5160
KHC,420,21.4478
KHC,421,20.9727
KHC,422,20.7048
KHC,423,20.2026
KHC,424,20.1783
KHC,425,20.0325
KHC,426,20.2121
KHC,427,19.7985
KHC,428,19.6653
KHC,429,19.7227
KHC,430,19.9431
KHC,431,20.4015
KHC,432,20.4558
KHC,433,20.5297
KHC,434,20.6056
KHC,435,20.2557
KHC,436,20.6219
KHC,437,20.8390
KHC,438,20.8997
KHC,439,21.0254
KHC,440,21.1967
KHC,441,21.2218
KHC,442,21.3847
KHC,443,21.5616
KHC,444,21.2436
KHC,445,21.5079
KHC,446,21.3536
KHC,447,21.5917
KHC,448,21.5652
KHC,449,21.1862
KHC,450,20.9968
KHC,451,20.8963
KHC,452,20.7214
KHC,453,20.8053
KHC,454,20.9724
KHC,455,21.3280
KHC,456,21.1091
KHC,457,21.2583
KHC,458,21.0084
KHC,459,21.0282
KHC,460,21.0690
KHC,461,21.3261
KHC,462,20.6830
KHC,463,20.8957
KHC,464,20.9031
KHC,465,21.0683
KHC,466,21.0985
KHC,467,21.1188
KHC,468,21.0791
KHC,469,21.0317
KHC,470,20.9368
KHC,471,20.9029
KHC,472,20.9762
KHC,473,21.0318
KHC,474,21.1485
KHC,475,21.0779
KHC,476,21.0348
KHC,477,21.0153
KHC,478,20.9525
KHC,479,20.5133
KHC,480,20.3521
KHC,481,20.6871
KHC,482,20.7957
KHC,483,20.8948
KHC,484,21.0973
KHC,485,20.9343
KHC,486,20.6508
KHC,487,20.3515
KHC,488,20.7841
KHC,489,21.2759
KHC,490,21.4943
KHC,491,22.0640
KHC,492,22.2308
KHC,493,22.2657
KHC,494,22.0038
KHC,495,21.9999
KHC,496,21.4286
KHC,497,21.3773
KHC,498,21.3463
KHC,499,21.2370
KHC,500,20.9168
KHC,501,21.1087
KHC,502,20.8981
KHC,503,21.0293
KHC,504,20.4677
CVX,0,155.0000
CVX,1,158.1555
CVX,2,157.7249
CVX,3,157.8792
CVX,4,157.4788
CVX,5,160.0527
CVX,6,152.8222
CVX,7,152.3068
CVX,8,154.7595
CVX,9,148.1286
CVX,10,148.7995
CVX,11,150.3775
CVX,12,146.9863
CVX,13,146.2872
CVX,14,147.3838
CVX,15,146.5397
CVX,16,145.8180
CVX,17,147.1829
CVX,18,146.0136
CVX,19,145.4168
CVX,20,140.5331
CVX,21,142.1860
CVX,22,143.2646
CVX,23,147.7705
CVX,24,149.9523
CVX,25,146.7312
CVX,26,150.9093
CVX,27,153.1476
CVX,28,151.5690
CVX,29,154.1469
CVX,30,153.8666
CVX,31,155.1289
CVX,32,156.8942
CVX,33,157.7227
CVX,34,161.8085
CVX,35,157.8761
CVX,36,155.5010
CVX,37,152.0401
CVX,38,149.3629
CVX,39,147.7455
CVX,40,148.7194
CVX,41,148.7610
CVX,42,145.3741
CVX,43,145.4874
CVX,44,142.7331
CVX,45,146.9866
CVX,46,147.5788
CVX,47,144.7665
CVX,48,143.8295
CVX,49,143.4409
CVX,50,141.0252
CVX,51,141.0039
CVX,52,142.0756
CVX,53,140.9216
CVX,54,143.8852
CVX,55,146.6137
CVX,56,149.4840
CVX,57,148.0049
CVX,58,147.1861
CVX,59,144.9145
CVX,60,143.7842
CVX,61,141.7075
CVX,62,137.7140
CVX,63,139.9126
CVX,64,140.1383
CVX,65,139.2227
CVX,66,134.9004
CVX,67,137.6483
CVX,68,141.4365
CVX,69,139.6686
CVX,70,139.6670
CVX,71,139.6015
CVX,72,138.4166
CVX,73,135.9628
CVX,74,134.5798
CVX,75,131.9402
CVX,76,134.6977
CVX,77,135.5548
CVX,78,138.6386
CVX,79,138.8067
CVX,80,141.4457
CVX,81,143.7481
CVX,82,145.7710
CVX,83,146.2818
CVX,84,144.4379
CVX,85,146.0094
CVX,86,144.8802
CVX,87,143.4089
CVX,88,142.8010
CVX,89,141.3075
CVX,90,143.2109
CVX,91,140.2166
CVX,92,144.7361
CVX,93,142.2994
CVX,94,144.9848
CVX,95,144.9110
CVX,96,144.9135
CVX,97,144.3546
CVX,98,142.5995
CVX,99,139.7358
CVX,100,141.5437
CVX,101,143.9353
CVX,102,141.0995
CVX,103,139.8191
CVX,104,141.2818
CVX,105,143.6878
CVX,106,146.6609
CVX,107,148.4091
CVX,108,148.8043
CVX,109,150.5480
CVX,110,148.1430
CVX,111,146.5323
CVX,112,150.6647
CVX,113,150.8214
CVX,114,151.9756
CVX,115,154.5087
CVX,116,152.0089
CVX,117,150.5127
CVX,118,147.9119
CVX,119,153.1052
CVX,120,151.6164
CVX,121,151.4362
CVX,122,150.8286
CVX,123,148.7568
CVX,124,149.6398
CVX,125,151.5121
CVX,126,152.7284
CVX,127,153.3392
CVX,128,155.1725
CVX,129,155.0696
CVX,130,152.6304
CVX,131,152.5098
CVX,132,153.0270
CVX,133,151.0926
CVX,134,151.7869
CVX,135,151.3915
CVX,136,154.8275
CVX,137,158.3997
CVX,138,158.5421
CVX,139,163.2334
CVX,140,165.4289
CVX,141,164.3581
CVX,142,163.8287
CVX,143,166.6030
CVX,144,164.7693
CVX,145,164.3511
CVX,146,161.8754
CVX,147,160.5369
CVX,148,160.4838
CVX,149,155.4405
CVX,150,155.6744
CVX,151,155.5618
CVX,152,153.4171
CVX,153,153.8435
CVX,154,153.0762
CVX,155,152.5506
CVX,156,154.1182
CVX,157,152.4634
CVX,158,153.4570
CVX,159,153.3222
CVX,160,153.6857
CVX,161,150.6749
CVX,162,153.5433
CVX,163,150.1715
CVX,164,149.1482
CVX,165,145.7935
CVX,166,146.6548
CVX,167,145.3946
CVX,168,142.4712
CVX,169,141.9977
CVX,170,145.7421
CVX,171,149.0419
CVX,172,150.3527
CVX,173,151.6583
CVX,174,152.4534
CVX,175,154.6999
CVX,176,155.4500
CVX,177,153.5003
CVX,178,156.2332
CVX,179,160.1724
CVX,180,157.6931
CVX,181,159.0728
CVX,182,161.5929
CVX,183,159.6998
CVX,184,160.0300
CVX,185,164.6714
CVX,186,169.8866
CVX,187,166.1254
CVX,188,165.8060
CVX,189,167.9918
CVX,190,167.9013
CVX,191,172.7891
CVX,192,175.6147
CVX,193,177.1491
CVX,194,172.7247
CVX,195,173.5367
CVX,196,175.1507
CVX,197,172.4455
CVX,198,174.9192
CVX,199,174.9454
CVX,200,178.9292
CVX,201,181.5597
CVX,202,179.5574
CVX,203,180.1407
CVX,204,181.4933
CVX,205,179.5933
CVX,206,179.6088
CVX,207,181.6207
CVX,208,182.2080
CVX,209,183.3374
CVX,210,186.7466
CVX,211,187.6797
CVX,212,189.6491
CVX,213,186.2102
CVX,214,186.6793
CVX,215,192.9187
CVX,216,192.4967
CVX,217,189.9596
CVX,218,187.5714
CVX,219,188.1528
CVX,220,189.4936
CVX,221,192.8503
CVX,222,192.0009
CVX,223,192.5014
CVX,224,193.2271
CVX,225,191.7249
CVX,226,190.0250
CVX,227,187.1402
CVX,228,184.3587
CVX,229,185.5644
CVX,230,184.7737
CVX,231,177.4802
CVX,232,177.5477
CVX,233,175.0720
CVX,234,176.6525
CVX,235,172.6375
CVX,236,167.1153
CVX,237,167.9496
CVX,238,167.2026
CVX,239,162.5588
CVX,240,160.6528
CVX,241,157.6641
CVX,242,159.9998
CVX,243,158.2559
CVX,244,158.9748
CVX,245,158.6838
CVX,246,161.2765
CVX,247,158.4071
CVX,248,157.3027
CVX,249,155.3934
CVX,250,156.2415
CVX,251,157.8084
CVX,252,157.4025
CVX,253,160.0311
CVX,254,155.8463
CVX,255,156.6020
CVX,256,156.8658
CVX,257,154.2551
CVX,258,153.5580
CVX,259,153.1992
CVX,260,155.9211
CVX,261,156.2995
CVX,262,159.1330
CVX,263,155.8706
CVX,264,152.9273
CVX,265,154.1968
CVX,266,152.2862
CVX,267,150.5300
CVX,268,150.0987
CVX,269,152.7514
CVX,270,152.6843
CVX,271,153.0892
CVX,272,153.5160
CVX,273,152.1165
CVX,274,150.9085
CVX,275,153.0880
CVX,276,153.4241
CVX,277,156.2488
CVX,278,155.1569
CVX,279,157.6849
CVX,280,156.8985
CVX,281,155.4646
CVX,282,152.1145
CVX,283,152.0154
CVX,284,146.6971
CVX,285,143.3712
CVX,286,146.6771
CVX,287,149.0916
CVX,288,149.5273
CVX,289,150.7080
CVX,290,153.2977
CVX,291,154.7125
CVX,292,154.3763
CVX,293,156.0127
CVX,294,157.7470
CVX,295,156.3172
CVX,296,157.4532
CVX,297,163.5917
CVX,298,162.1803
CVX,299,161.6895
CVX,300,162.8693
CVX,301,161.7774
CVX,302,160.1220
CVX,303,158.5074
CVX,304,155.8740
CVX,305,157.8363
CVX,306,158.0528
CVX,307,158.2560
CVX,308,154.7355
CVX,309,155.4241
CVX,310,153.6560
CVX,311,151.1510
CVX,312,152.3864
CVX,313,154.1029
CVX,314,152.3994
CVX,315,152.6822
CVX,316,152.8651
CVX,317,151.8356
CVX,318,153.3726
CVX,319,153.5143
CVX,320,151.4472
CVX,321,155.2078
CVX,322,156.0196
CVX,323,155.3782
CVX,324,156.1157
CVX,325,156.3141
CVX,326,154.0311
CVX,327,150.6324
CVX,328,152.7869
CVX,329,151.5411
CVX,330,155.2165
CVX,331,157.8874
CVX,332,161.2719
CVX,333,159.7354
CVX,334,157.5755
CVX,335,157.8794
CVX,336,155.5564
CVX,337,154.0282
CVX,338,152.4296
CVX,339,153.5028
CVX,340,153.3003
CVX,341,155.7163
CVX,342,152.2338
CVX,343,153.1939
CVX,344,155.4507
CVX,345,157.0550
CVX,346,158.9328
CVX,347,159.1646
CVX,348,160.0225
CVX,349,158.0804
CVX,350,162.0576
CVX,351,164.3217
CVX,352,167.9571
CVX,353,167.0316
CVX,354,163.8189
CVX,355,162.4309
CVX,356,161.2120
CVX,357,160.5435
CVX,358,162.4317
CVX,359,164.1877
CVX,360,164.0851
CVX,361,165.9374
CVX,362,166.2006
CVX,363,164.7254
CVX,364,166.5092
CVX,365,162.4762
CVX,366,158.8980
CVX,367,158.8510
CVX,368,157.4603
CVX,369,155.4964
CVX,370,152.7307
CVX,371,150.4870
CVX,372,149.7100
CVX,373,151.8464
CVX,374,152.2808
CVX,375,155.2092
CVX,376,155.2355
CVX,377,157.3025
CVX,378,159.6578
CVX,379,153.1877
CVX,380,152.1937
CVX,381,152.8202
CVX,382,152.8061
CVX,383,152.1274
CVX,384,149.9000
CVX,385,147.0055
CVX,386,145.7215
CVX,387,146.3774
CVX,388,145.6881
CVX,389,140.8960
CVX,390,139.9930
CVX,391,139.6519
CVX,392,135.6758
CVX,393,136.2553
CVX,394,134.8259
CVX,395,135.2905
CVX,396,135.2669
CVX,397,134.5413
CVX,398,134.4207
CVX,399,133.1173
CVX,400,130.0289
CVX,401,128.1206
CVX,402,126.1187
CVX,403,126.4719
CVX,404,127.4660
CVX,405,129.5487
CVX,406,129.6380
CVX,407,130.8957
CVX,408,128.4937
CVX,409,126.7134
CVX,410,124.6190
CVX,411,126.2862
CVX,412,126.3449
CVX,413,127.6706
CVX,414,128.9132
CVX,415,127.0783
CVX,416,129.8264
CVX,417,131.3217
CVX,418,130.4840
CVX,419,129.2439
CVX,420,125.2425
CVX,421,124.2878
CVX,422,124.4525
CVX,423,123.8572
CVX,424,122.8556
CVX,425,122.7419
CVX,426,120.1205
CVX,427,119.3506
CVX,428,116.0831
CVX,429,117.9941
CVX,430,119.5560
CVX,431,119.2871
CVX,432,121.5338
CVX,433,119.7224
CVX,434,121.1927
CVX,435,121.8852
CVX,436,123.1425
CVX,437,121.6869
CVX,438,124.4723
CVX,439,125.1687
CVX,440,127.9744
CVX,441,131.1507
CVX,442,133.5804
CVX,443,135.2631
CVX,444,138.3642
CVX,445,139.4109
CVX,446,138.6835
CVX,447,140.9787
CVX,448,144.5255
CVX,449,139.8776
CVX,450,136.1166
CVX,451,134.6434
CVX,452,132.4249
CVX,453,130.7089
CVX,454,127.1043
CVX,455,126.7707
CVX,456,128.2057
CVX,457,127.6877
CVX,458,133.2444
CVX,459,131.5506
CVX,460,132.2053
CVX,461,138.1557
CVX,462,138.6064
CVX,463,137.8854
CVX,464,133.5584
CVX,465,132.2875
CVX,466,134.6141
CVX,467,135.4097
CVX,468,133.2137
CVX,469,130.8817
CVX,470,132.5510
CVX,471,134.0536
CVX,472,137.0369
CVX,473,136.2066
CVX,474,134.1108
CVX,475,134.1005
CVX,476,131.7117
CVX,477,134.6320
CVX,478,132.9196
CVX,479,128.2221
CVX,480,126.7114
CVX,481,127.2673
CVX,482,128.7215
CVX,483,129.4227
CVX,484,130.5196
CVX,485,131.6401
CVX,486,133.7366
CVX,487,130.3686
CVX,488,133.9272
CVX,489,136.0882
CVX,490,137.2254
CVX,491,136.8293
CVX,492,141.1439
CVX,493,140.4885
CVX,494,141.4919
CVX,495,137.0134
CVX,496,135.8238
CVX,497,134.1516
CVX,498,131.5985
CVX,499,129.0648
CVX,500,129.5039
CVX,501,130.9856
CVX,502,131.0320
CVX,503,127.8386
CVX,504,124.6243
COP,0,110.0000
COP,1,108.5363
COP,2,106.0414
COP,3,106.6377
COP,4,107.0010
COP,5,109.8349
COP,6,108.1140
COP,7,109.8976
COP,8,110.1740
COP,9,105.3780
COP,10,105.1244
COP,11,108.0142
COP,12,108.8745
COP,13,110.0127
COP,14,111.7635
COP,15,110.1435
COP,16,108.1593
COP,17,107.3924
COP,18,108.0479
COP,19,108.7687
COP,20,107.4589
COP,21,108.8891
COP,22,112.6463
COP,23,117.6651
COP,24,121.3487
COP,25,116.1459
COP,26,121.6235
COP,27,126.2854
COP,28,125.7534
COP,29,130.0197
COP,30,130.0927
COP,31,129.5505
COP,32,130.4974
COP,33,127.8893
COP,34,129.6547
COP,35,123.2217
COP,36,120.6107
COP,37,121.0884
COP,38,121.7215
COP,39,122.7170
COP,40,126.3099
COP,41,127.1309
COP,42,123.8816
COP,43,125.5798
COP,44,124.8992
COP,45,124.6319
COP,46,126.0990
COP,47,124.7212
COP,48,123.2717
COP,49,122.8811
COP,50,124.4532
COP,51,121.5458
COP,52,119.3922
COP,53,118.3795
COP,54,117.8340
COP,55,122.0407
COP,56,119.9202
COP,57,118.8929
COP,58,116.8754
COP,59,115.0254
COP,60,116.7512
COP,61,116.7475
COP,62,115.1850
COP,63,119.1446
COP,64,119.5220
COP,65,119.6626
COP,66,116.2317
COP,67,116.2369
COP,68,117.8680
COP,69,113.1853
COP,70,112.4175
COP,71,114.6679
COP,72,114.3477
COP,73,110.5936
COP,74,110.3709
COP,75,108.0104
COP,76,110.0917
COP,77,110.5284
COP,78,113.6390
COP,79,115.2708
COP,80,117.1760
COP,81,116.3105
COP,82,119.5274
COP,83,119.5817
COP,84,119.3153
COP,85,120.0956
COP,86,119.8963
COP,87,116.7600
COP,88,116.7331
COP,89,114.6071
COP,90,115.5231
COP,91,112.2203
COP,92,115.0800
COP,93,112.1054
COP,94,112.5852
COP,95,111.4061
COP,96,112.7903
COP,97,112.7925
COP,98,108.6141
COP,99,105.5160
COP,100,106.1241
COP,101,108.0629
COP,102,103.8076
COP,103,100.6840
COP,104,101.8347
COP,105,103.2329
COP,106,107.7020
COP,107,105.8183
COP,108,106.6665
COP,109,105.6463
COP,110,101.4832
COP,111,103.2702
COP,112,106.0115
COP,113,106.1954
COP,114,105.6549
COP,115,106.4614
COP,116,103.2391
COP,117,104.7236
COP,118,99.2075
COP,119,102.1597
COP,120,101.2620
COP,121,100.4353
COP,122,100.5368
COP,123,99.0674
COP,124,99.5436
COP,125,98.3542
COP,126,100.0829
COP,127,99.9347
COP,128,100.6710
COP,129,102.0471
COP,130,103.6136
COP,131,100.4495
COP,132,101.5548
COP,133,100.3257
COP,134,100.0271
COP,135,99.9138
COP,136,100.4187
COP,137,103.0298
COP,138,100.3770
COP,139,103.8600
COP,140,105.5209
COP,141,105.5871
COP,142,103.5271
COP,143,106.5219
COP,144,104.0035
COP,145,106.6299
COP,146,105.2241
COP,147,105.6327
COP,148,103.5690
COP,149,101.4214
COP,150,102.8698
COP,151,103.0750
COP,152,103.5104
COP,153,105.0694
COP,154,101.5543
COP,155,98.6253
COP,156,100.5710
COP,157,101.6747
COP,158,99.7964
COP,159,99.6855
COP,160,98.1535
COP,161,93.0984
COP,162,93.1703
COP,163,91.8904
COP,164,94.1925
COP,165,93.3212
COP,166,92.3894
COP,167,94.1007
COP,168,93.0351
COP,169,91.5316
COP,170,93.5650
COP,171,94.9224
COP,172,93.4876
COP,173,92.9252
COP,174,93.4658
COP,175,93.7999
COP,176,94.9154
COP,177,93.2521
COP,178,95.0476
COP,179,95.9415
COP,180,98.0078
COP,181,100.3546
COP,182,101.9006
COP,183,99.7766
COP,184,98.6154
COP,185,102.1494
COP,186,103.0844
COP,187,100.6717
COP,188,102.5958
COP,189,105.2504
COP,190,104.6316
COP,191,109.2908
COP,192,110.6757
COP,193,112.2420
COP,194,109.7175
COP,195,111.0698
COP,196,112.8102
COP,197,114.0376
COP,198,116.8629
COP,199,116.9169
COP,200,118.2390
COP,201,120.5132
COP,202,120.0432
COP,203,121.4006
COP,204,120.9865
COP,205,121.6888
COP,206,120.9494
COP,207,121.5341
COP,208,126.5802
COP,209,127.9317
COP,210,130.6798
COP,211,132.0571
COP,212,134.7144
COP,213,134.1486
COP,214,133.2273
COP,215,140.9159
COP,216,141.1884
COP,217,140.6392
COP,218,141.6105
COP,219,142.0340
COP,220,139.7486
COP,221,139.2642
COP,222,137.6506
COP,223,139.2930
COP,224,138.3733
COP,225,136.8611
COP,226,136.4139
COP,227,135.9891
COP,228,133.5584
COP,229,133.1220
COP,230,132.8775
COP,231,128.3497
COP,232,128.7738
COP,233,125.0727
COP,234,127.9500
COP,235,124.2593
COP,236,127.5112
COP,237,128.3484
COP,238,130.1706
COP,239,128.3435
COP,240,126.4284
COP,241,124.7473
COP,242,125.1032
COP,243,124.3134
COP,244,123.3113
COP,245,122.6140
COP,246,127.4864
COP,247,122.4942
COP,248,122.5421
COP,249,122.8252
COP,250,124.5287
COP,251,128.0218
COP,252,125.3060
COP,253,125.3671
COP,254,123.2819
COP,255,122.5273
COP,256,124.9003
COP,257,120.8896
COP,258,120.3846
COP,259,121.5188
COP,260,122.0891
COP,261,126.2361
COP,262,130.3324
COP,263,127.6967
COP,264,126.0015
COP,265,126.5995
COP,266,124.0960
COP,267,122.5295
COP,268,123.2611
COP,269,123.6754
COP,270,123.0507
COP,271,122.2122
COP,272,120.3609
COP,273,118.4589
COP,274,117.9281
COP,275,120.3434
COP,276,123.3745
COP,277,126.0568
COP,278,124.2250
COP,279,125.5169
COP,280,122.8709
COP,281,124.5754
COP,282,121.2552
COP,283,121.9630
COP,284,119.9946
COP,285,116.9174
COP,286,118.1399
COP,287,118.9273
COP,288,119.0664
COP,289,118.2207
COP,290,120.5836
COP,291,121.1079
COP,292,121.6297
COP,293,120.4009
COP,294,121.7461
COP,295,121.8961
COP,296,121.5979
COP,297,122.7670
COP,298,122.2654
COP,299,122.6722
COP,300,122.1299
COP,301,124.9761
COP,302,124.6416
COP,303,123.5663
COP,304,122.2174
COP,305,122.4221
COP,306,124.0391
COP,307,126.4378
COP,308,126.4306
COP,309,128.3768
COP,310,126.7007
COP,311,125.8203
COP,312,126.5000
COP,313,129.9854
COP,314,126.3481
COP,315,124.4613
COP,316,126.1522
COP,317,124.5223
COP,318,126.4035
COP,319,124.9210
COP,320,123.2572
COP,321,122.0100
COP,322,123.0064
COP,323,122.1451
COP,324,122.4388
COP,325,121.4315
COP,326,119.8666
COP,327,119.3307
COP,328,121.5314
COP,329,124.2009
COP,330,127.8839
COP,331,131.0333
COP,332,135.4572
COP,333,136.4444
COP,334,139.2400
COP,335,138.9706
COP,336,139.1749
COP,337,136.9545
COP,338,136.8322
COP,339,137.4990
COP,340,140.6904
COP,341,144.3744
COP,342,142.0328
COP,343,137.5060
COP,344,137.8694
COP,345,139.9310
COP,346,141.2645
COP,347,136.6649
COP,348,136.3219
COP,349,133.4650
COP,350,135.0014
COP,351,137.9482
COP,352,138.9369
COP,353,137.6750
COP,354,136.4228
COP,355,134.4328
COP,356,133.2537
COP,357,132.1828
COP,358,134.8796
COP,359,136.9491
COP,360,135.8658
COP,361,136.1059
COP,362,134.5934
COP,363,135.3579
COP,364,136.8469
COP,365,136.1009
COP,366,135.2454
COP,367,135.0551
COP,368,135.7061
COP,369,135.2834
COP,370,136.1744
COP,371,135.0286
COP,372,135.3096
COP,373,135.5849
COP,374,137.5908
COP,375,138.7387
COP,376,134.3900
COP,377,135.7670
COP,378,139.0881
COP,379,135.9437
COP,380,136.6953
COP,381,139.6467
COP,382,141.8029
COP,383,141.2532
COP,384,137.5553
COP,385,136.3288
COP,386,135.5408
COP,387,132.7534
COP,388,129.4299
COP,389,124.6228
COP,390,127.5723
COP,391,127.8122
COP,392,123.9586
COP,393,125.0692
COP,394,123.9781
COP,395,122.9696
COP,396,120.8314
COP,397,121.0272
COP,398,123.1092
COP,399,123.4021
COP,400,123.0502
COP,401,123.4539
COP,402,123.4771
COP,403,121.7688
COP,404,124.6367
COP,405,125.9574
COP,406,128.1891
COP,407,128.6788
COP,408,127.7110
COP,409,129.0196
COP,410,126.4264
COP,411,128.0555
COP,412,130.2843
COP,413,132.8568
COP,414,129.8477
COP,415,125.9524
COP,416,125.5572
COP,417,125.8867
COP,418,127.1878
COP,419,129.1497
COP,420,128.5995
COP,421,126.7057
COP,422,127.1396
COP,423,127.1922
COP,424,131.1590
COP,425,126.5786
COP,426,124.5236
COP,427,121.7746
COP,428,119.7202
COP,429,119.3812
COP,430,119.4082
COP,431,117.4545
COP,432,119.8716
COP,433,119.5174
COP,434,121.2526
COP,435,121.6764
COP,436,123.5036
COP,437,123.6214
COP,438,127.0927
COP,439,127.1772
COP,440,128.9274
COP,441,128.3671
COP,442,130.1761
COP,443,130.9830
COP,444,135.1602
COP,445,135.6650
COP,446,136.6801
COP,447,137.5601
COP,448,142.9083
COP,449,140.4079
COP,450,135.8689
COP,451,133.0339
COP,452,133.7795
COP,453,134.4123
COP,454,132.7292
COP,455,131.0551
COP,456,134.5077
COP,457,136.2082
COP,458,139.2269
COP,459,138.9305
COP,460,141.8874
COP,461,143.8698
COP,462,139.4985
COP,463,137.3824
COP,464,132.2120
COP,465,128.3488
COP,466,130.6033
COP,467,132.2296
COP,468,133.3215
COP,469,131.6398
COP,470,136.8414
COP,471,137.5321
COP,472,139.5371
COP,473,138.2465
COP,474,136.9853
COP,475,136.5544
COP,476,137.7774
COP,477,139.4342
COP,478,140.6886
COP,479,139.3694
COP,480,135.8221
COP,481,138.6243
COP,482,138.1122
COP,483,140.2959
COP,484,140.5645
COP,485,144.5125
COP,486,147.3732
COP,487,147.7345
COP,488,150.0503
COP,489,153.4876
COP,490,155.5113
COP,491,159.4043
COP,492,166.9487
COP,493,167.6517
COP,494,173.7338
COP,495,169.4299
COP,496,169.7431
COP,497,168.4078
COP,498,166.1746
COP,499,161.9360
COP,500,162.3744
COP,501,162.2643
COP,502,164.2699
COP,503,164.6549
COP,504,160.2502
SLB,0,48.0000
SLB,1,48.0170
SLB,2,47.2350
SLB,3,46.9668
SLB,4,46.3272
SLB,5,49.2180
SLB,6,48.2819
SLB,7,47.6027
SLB,8,47.2692
SLB,9,45.3494
SLB,10,45.0029
SLB,11,46.1454
SLB,12,45.8515
SLB,13,46.9447
SLB,14,47.3416
SLB,15,47.3851
SLB,16,47.3617
SLB,17,48.1091
SLB,18,46.4258
SLB,19,47.1615
SLB,20,46.2234
SLB,21,46.9889
SLB,22,47.7875
SLB,23,50.0240
SLB,24,51.2790
SLB,25,49.4658
SLB,26,50.8576
SLB,27,51.8839
SLB,28,51.3406
SLB,29,54.1419
SLB,30,54.3408
SLB,31,54.2054
SLB,32,52.8811
SLB,33,51.9251
SLB,34,53.4757
SLB,35,52.2955
SLB,36,50.4908
SLB,37,49.6338
SLB,38,49.8501
SLB,39,50.4715
SLB,40,52.5856
SLB,41,54.1109
SLB,42,52.1719
SLB,43,52.0734
SLB,44,52.7767
SLB,45,51.8291
SLB,46,51.4167
SLB,47,50.6899
SLB,48,50.3701
SLB,49,51.1760
SLB,50,51.3351
SLB,51,48.9278
SLB,52,48.2102
SLB,53,47.6990
SLB,54,47.6406
SLB,55,48.6200
SLB,56,48.8988
SLB,57,47.2937
SLB,58,46.3925
SLB,59,45.5899
SLB,60,46.2258
SLB,61,45.8087
SLB,62,44.5794
SLB,63,45.3996
SLB,64,46.6237
SLB,65,45.7882
SLB,66,43.7578
SLB,67,45.1557
SLB,68,46.2924
SLB,69,46.5356
SLB,70,45.0629
SLB,71,46.8800
SLB,72,47.2000
SLB,73,45.0156
SLB,74,45.0113
SLB,75,42.9423
SLB,76,44.6145
SLB,77,45.1861
SLB,78,46.8855
SLB,79,49.0414
SLB,80,49.1333
SLB,81,49.7356
SLB,82,50.8120
SLB,83,51.0074
SLB,84,50.5612
SLB,85,51.2853
SLB,86,50.3590
SLB,87,48.6060
SLB,88,47.3721
SLB,89,47.6193
SLB,90,48.3323
SLB,91,47.6070
SLB,92,48.3004
SLB,93,45.5794
SLB,94,44.8324
SLB,95,45.4693
SLB,96,45.9346
SLB,97,45.2704
SLB,98,44.6665
SLB,99,42.7914
SLB,100,43.6669
SLB,101,43.5914
SLB,102,43.0621
SLB,103,42.1287
SLB,104,43.0773
SLB,105,44.1157
SLB,106,46.1083
SLB,107,45.7676
SLB,108,46.9097
SLB,109,46.0875
SLB,110,45.1014
SLB,111,44.9709
SLB,112,46.2781
SLB,113,46.6740
SLB,114,45.1757
SLB,115,47.1167
SLB,116,45.6237
SLB,117,47.5349
SLB,118,46.8498
SLB,119,48.8937
SLB,120,47.9310
SLB,121,47.3797
SLB,122,48.6694
SLB,123,47.9278
SLB,124,48.6514
SLB,125,47.9810
SLB,126,49.1845
SLB,127,49.1960
SLB,128,49.4794
SLB,129,50.1808
SLB,130,48.3994
SLB,131,48.4592
SLB,132,48.9896
SLB,133,48.3512
SLB,134,49.4474
SLB,135,49.7184
SLB,136,49.5797
SLB,137,50.5773
SLB,138,48.7071
SLB,139,50.8580
SLB,140,52.0756
SLB,141,51.3407
SLB,142,51.4148
SLB,143,51.9417
SLB,144,50.0748
SLB,145,49.6593
SLB,146,49.2407
SLB,147,46.6720
SLB,148,47.8599
SLB,149,47.3406
SLB,150,48.2834
SLB,151,47.0142
SLB,152,47.5971
SLB,153,47.8589
SLB,154,47.5336
SLB,155,47.2867
SLB,156,48.5304
SLB,157,48.7731
SLB,158,46.9032
SLB,159,46.3266
SLB,160,45.8106
SLB,161,43.7818
SLB,162,44.4513
SLB,163,43.2571
SLB,164,43.0156
SLB,165,41.4352
SLB,166,41.9900
SLB,167,42.0058
SLB,168,40.5330
SLB,169,40.1116
SLB,170,40.6844
SLB,171,41.8346
SLB,172,42.4255
SLB,173,42.8615
SLB,174,44.0548
SLB,175,44.4725
SLB,176,44.8557
SLB,177,44.7590
SLB,178,46.6443
SLB,179,47.3432
SLB,180,47.9093
SLB,181,48.8547
SLB,182,50.0870
SLB,183,49.0615
SLB,184,49.9077
SLB,185,51.6316
SLB,186,53.2606
SLB,187,51.6922
SLB,188,52.6406
SLB,189,53.8498
SLB,190,54.3422
SLB,191,56.3628
SLB,192,57.3581
SLB,193,58.5601
SLB,194,58.1516
SLB,195,57.3275
SLB,196,59.1352
SLB,197,60.2351
SLB,198,62.1770
SLB,199,62.0281
SLB,200,63.9616
SLB,201,66.1253
SLB,202,64.2957
SLB,203,64.0211
SLB,204,63.4740
SLB,205,61.2747
SLB,206,61.7684
SLB,207,62.6690
SLB,208,63.3900
SLB,209,63.4090
SLB,210,64.0855
SLB,211,63.7351
SLB,212,65.2836
SLB,213,65.4709
SLB,214,63.9211
SLB,215,67.7133
SLB,216,67.6158
SLB,217,66.4126
SLB,218,66.2772
SLB,219,66.8630
SLB,220,66.9340
SLB,221,67.1985
SLB,222,67.9612
SLB,223,66.7197
SLB,224,67.6113
SLB,225,68.9049
SLB,226,67.0466
SLB,227,67.2170
SLB,228,66.0197
SLB,229,64.9907
SLB,230,65.4539
SLB,231,61.7139
SLB,232,60.8223
SLB,233,58.6494
SLB,234,58.4272
SLB,235,55.0797
SLB,236,53.8665
SLB,237,53.5223
SLB,238,53.1929
SLB,239,51.0766
SLB,240,50.4327
SLB,241,48.7044
SLB,242,48.9347
SLB,243,49.1536
SLB,244,49.3306
SLB,245,49.2643
SLB,246,51.5868
SLB,247,49.6249
SLB,248,50.2651
SLB,249,50.6850
SLB,250,50.6348
SLB,251,51.9153
SLB,252,51.4619
SLB,253,51.8677
SLB,254,49.6109
SLB,255,49.9633
SLB,256,50.6161
SLB,257,48.2877
SLB,258,47.9696
SLB,259,46.4618
SLB,260,46.1125
SLB,261,46.7150
SLB,262,48.3785
SLB,263,48.0956
SLB,264,47.7959
SLB,265,49.2062
SLB,266,50.0819
SLB,267,49.8640
SLB,268,50.9727
SLB,269,51.6122
SLB,270,52.7476
SLB,271,51.8041
SLB,272,50.8496
SLB,273,50.3648
SLB,274,49.6519
SLB,275,50.4860
SLB,276,53.4638
SLB,277,53.5136
SLB,278,51.7507
SLB,279,52.6595
SLB,280,51.3296
SLB,281,51.6300
SLB,282,51.2334
SLB,283,51.9151
SLB,284,50.1606
SLB,285,49.7009
SLB,286,50.7205
SLB,287,50.8906
SLB,288,51.7651
SLB,289,51.6475
SLB,290,53.7221
SLB,291,54.2614
SLB,292,55.3105
SLB,293,54.7917
SLB,294,53.3353
SLB,295,53.4913
SLB,296,53.3510
SLB,297,55.3366
SLB,298,55.7500
SLB,299,57.1363
SLB,300,57.7538
SLB,301,58.4120
SLB,302,56.4951
SLB,303,55.9067
SLB,304,54.8825
SLB,305,55.1689
SLB,306,55.3557
SLB,307,57.2883
SLB,308,55.1422
SLB,309,55.8190
SLB,310,54.2825
SLB,311,54.4180
SLB,312,54.3417
SLB,313,55.3936
SLB,314,54.1628
SLB,315,52.8041
SLB,316,52.9115
SLB,317,51.5878
SLB,318,53.0945
SLB,319,53.7657
SLB,320,52.9621
SLB,321,53.5812
SLB,322,53.2449
SLB,323,53.4680
SLB,324,52.9703
SLB,325,51.8516
SLB,326,51.3542
SLB,327,50.5967
SLB,328,50.8358
SLB,329,52.1274
SLB,330,52.2602
SLB,331,53.9188
SLB,332,54.7221
SLB,333,53.8888
SLB,334,54.3446
SLB,335,53.8529
SLB,336,52.2095
SLB,337,52.0941
SLB,338,51.1651
SLB,339,51.7600
SLB,340,52.6183
SLB,341,53.0111
SLB,342,50.4546
SLB,343,50.4167
SLB,344,51.8355
SLB,345,51.9829
SLB,346,54.1692
SLB,347,54.4219
SLB,348,53.9637
SLB,349,53.3941
SLB,350,56.2284
SLB,351,56.5424
SLB,352,57.8072
SLB,353,58.1814
SLB,354,57.6130
SLB,355,57.2825
SLB,356,57.1676
SLB,357,56.2642
SLB,358,57.6202
SLB,359,57.2309
SLB,360,57.6586
SLB,361,58.2265
SLB,362,57.8476
SLB,363,57.2216
SLB,364,57.8448
SLB,365,57.5817
SLB,366,57.5559
SLB,367,56.9361
SLB,368,57.6300
SLB,369,56.8490
SLB,370,56.6737
SLB,371,55.5693
SLB,372,55.9364
SLB,373,54.9377
SLB,374,56.0733
SLB,375,57.9717
SLB,376,56.1100
SLB,377,55.4655
SLB,378,56.0546
SLB,379,53.7345
SLB,380,54.2134
SLB,381,54.6190
SLB,382,55.8320
SLB,383,54.6803
SLB,384,54.9685
SLB,385,54.8099
SLB,386,55.9479
SLB,387,55.9899
SLB,388,55.7528
SLB,389,53.5159
SLB,390,55.1834
SLB,391,55.9233
SLB,392,53.1021
SLB,393,53.4019
SLB,394,52.2728
SLB,395,51.5562
SLB,396,50.7948
SLB,397,51.0287
SLB,398,50.9394
SLB,399,50.4084
SLB,400,49.4177
SLB,401,49.0260
SLB,402,48.8890
SLB,403,49.6836
SLB,404,49.3487
SLB,405,50.1935
SLB,406,52.0583
SLB,407,53.1504
SLB,408,52.8870
SLB,409,52.7096
SLB,410,51.7001
SLB,411,52.1199
SLB,412,53.4689
SLB,413,53.2533
SLB,414,52.4781
SLB,415,51.3216
SLB,416,52.7998
SLB,417,53.9791
SLB,418,53.3009
SLB,419,53.7095
SLB,420,52.1217
SLB,421,52.0942
SLB,422,51.7728
SLB,423,51.9801
SLB,424,51.8900
SLB,425,50.7361
SLB,426,50.0104
SLB,427,49.1854
SLB,428,48.1441
SLB,429,49.2208
SLB,430,50.8433
SLB,431,50.9842
SLB,432,52.5880
SLB,433,51.6776
SLB,434,51.9344
SLB,435,51.2309
SLB,436,52.0481
SLB,437,51.5513
SLB,438,52.8203
SLB,439,54.7414
SLB,440,56.0849
SLB,441,57.0228
SLB,442,57.3993
SLB,443,58.6037
SLB,444,60.7921
SLB,445,62.0015
SLB,446,61.1151
SLB,447,63.4656
SLB,448,65.3703
SLB,449,62.7420
SLB,450,59.9621
SLB,451,60.4356
SLB,452,59.5966
SLB,453,58.7758
SLB,454,57.3913
SLB,455,57.4130
SLB,456,58.8826
SLB,457,59.7663
SLB,458,63.7469
SLB,459,63.2952
SLB,460,65.8100
SLB,461,69.6648
SLB,462,69.3468
SLB,463,68.2563
SLB,464,65.2651
SLB,465,64.0014
SLB,466,66.8740
SLB,467,68.8040
SLB,468,69.5275
SLB,469,69.3503
SLB,470,69.9321
SLB,471,69.4427
SLB,472,70.1413
SLB,473,71.5733
SLB,474,71.2230
SLB,475,69.9498
SLB,476,68.6022
SLB,477,71.2197
SLB,478,71.7430
SLB,479,69.3945
SLB,480,67.5624
SLB,481,69.3818
SLB,482,69.4418
SLB,483,72.4587
SLB,484,71.7308
SLB,485,73.5701
SLB,486,76.5370
SLB,487,76.2904
SLB,488,76.9489
SLB,489,77.8624
SLB,490,78.6497
SLB,491,80.2364
SLB,492,83.0918
SLB,493,84.7228
SLB,494,85.6423
SLB,495,83.7401
SLB,496,85.5057
SLB,497,84.5025
SLB,498,83.2836
SLB,499,81.8420
SLB,500,81.3264
SLB,501,84.0640
SLB,502,83.7440
SLB,503,83.9734
SLB,504,81.8441
EOG,0,125.0000
EOG,1,126.2708
EOG,2,121.0348
EOG,3,123.9879
EOG,4,124.6615
EOG,5,126.2804
EOG,6,122.5801
EOG,7,125.0102
EOG,8,123.9778
EOG,9,116.0233
EOG,10,115.4949
EOG,11,118.0848
EOG,12,114.8392
EOG,13,117.1436
EOG,14,117.8921
EOG,15,115.7218
EOG,16,116.2551
EOG,17,116.8204
EOG,18,115.7221
EOG,19,116.5856
EOG,20,114.0720
EOG,21,114.5214
EOG,22,117.4652
EOG,23,124.9435
EOG,24,127.3757
EOG,25,123.6861
EOG,26,127.4259
EOG,27,135.4866
EOG,28,134.3820
EOG,29,137.5704
EOG,30,139.7750
EOG,31,136.3485
EOG,32,138.7764
EOG,33,137.6913
EOG,34,139.2379
EOG,35,133.3947
EOG,36,128.3962
EOG,37,127.2199
EOG,38,130.3138
EOG,39,127.0615
EOG,40,128.6758
EOG,41,130.1208
EOG,42,127.1381
EOG,43,126.3639
EOG,44,126.9778
EOG,45,126.9222
EOG,46,127.7465
EOG,47,126.9605
EOG,48,127.9276
EOG,49,127.4217
EOG,50,128.9727
EOG,51,128.8780
EOG,52,128.8814
EOG,53,127.0346
EOG,54,129.5326
EOG,55,132.3701
EOG,56,131.3795
EOG,57,129.0015
EOG,58,127.9854
EOG,59,124.6790
EOG,60,122.9747
EOG,61,121.3738
EOG,62,117.3320
EOG,63,118.6572
EOG,64,118.1787
EOG,65,115.5070
EOG,66,111.5620
EOG,67,112.6689
EOG,68,115.0826
EOG,69,112.5309
EOG,70,112.0793
EOG,71,115.8022
EOG,72,113.5934
EOG,73,108.4336
EOG,74,106.8430
EOG,75,103.6494
EOG,76,105.7680
EOG,77,106.9457
EOG,78,110.8461
EOG,79,109.8938
EOG,80,111.5545
EOG,81,112.9259
EOG,82,115.6986
EOG,83,115.7003
EOG,84,116.8193
EOG,85,118.8155
EOG,86,116.9637
EOG,87,114.9428
EOG,88,114.8826
EOG,89,114.3434
EOG,90,114.6189
EOG,91,114.0425
EOG,92,115.9362
EOG,93,108.6281
EOG,94,106.2517
EOG,95,107.1979
EOG,96,105.2743
EOG,97,102.2314
EOG,98,101.4604
EOG,99,98.1863
EOG,100,97.1469
EOG,101,97.7302
EOG,102,96.0049
EOG,103,95.7656
EOG,104,97.2677
EOG,105,99.3337
EOG,106,101.9185
EOG,107,102.2802
EOG,108,102.9456
EOG,109,102.3281
EOG,110,100.9965
EOG,111,100.0647
EOG,112,102.3848
EOG,113,102.5447
EOG,114,102.2574
EOG,115,106.5848
EOG,116,104.7524
EOG,117,102.5944
EOG,118,100.5677
EOG,119,103.8107
EOG,120,101.5101
EOG,121,100.9454
EOG,122,102.5438
EOG,123,99.3773
EOG,124,99.9291
EOG,125,101.3606
EOG,126,101.5159
EOG,127,99.9900
EOG,128,99.1493
EOG,129,99.6226
EOG,130,97.5774
EOG,131,96.3386
EOG,132,96.0710
EOG,133,93.5917
EOG,134,91.8232
EOG,135,92.3426
EOG,136,94.0532
EOG,137,96.7276
EOG,138,95.9051
EOG,139,98.2096
EOG,140,99.6207
EOG,141,97.5088
EOG,142,97.0045
EOG,143,98.6544
EOG,144,97.8281
EOG,145,96.1996
EOG,146,94.7688
EOG,147,93.9491
EOG,148,93.3090
EOG,149,90.1727
EOG,150,91.0610
EOG,151,90.0108
EOG,152,87.2457
EOG,153,87.9668
EOG,154,85.7995
EOG,155,86.1784
EOG,156,86.0973
EOG,157,86.9441
EOG,158,87.5882
EOG,159,86.7020
EOG,160,85.1338
EOG,161,82.5151
EOG,162,82.9894
EOG,163,80.9465
EOG,164,79.4844
EOG,165,78.4691
EOG,166,77.5357
EOG,167,77.8224
EOG,168,74.0723
EOG,169,74.5519
EOG,170,74.7316
EOG,171,75.5664
EOG,172,76.6880
EOG,173,76.8031
EOG,174,78.9936
EOG,175,79.2693
EOG,176,80.8060
EOG,177,80.7519
EOG,178,82.8370
EOG,179,85.5872
EOG,180,86.2333
EOG,181,88.0220
EOG,182,89.6035
EOG,183,86.1744
EOG,184,87.4566
EOG,185,90.8908
EOG,186,93.7010
EOG,187,91.1628
EOG,188,89.0450
EOG,189,92.5447
EOG,190,91.7427
EOG,191,94.8340
EOG,192,97.3067
EOG,193,99.0812
EOG,194,96.2960
EOG,195,96.5569
EOG,196,98.0121
EOG,197,98.5100
EOG,198,99.4766
EOG,199,101.5110
EOG,200,101.7085
EOG,201,104.8136
EOG,202,104.2007
EOG,203,105.4175
EOG,204,106.3532
EOG,205,104.9220
EOG,206,106.6310
EOG,207,107.5876
EOG,208,110.8838
EOG,209,111.0739
EOG,210,110.8073
EOG,211,113.2323
EOG,212,115.5703
EOG,213,114.5751
EOG,214,112.3415
EOG,215,117.0583
EOG,216,118.0793
EOG,217,117.0754
EOG,218,119.1164
EOG,219,121.3744
EOG,220,120.7034
EOG,221,119.4521
EOG,222,117.1811
EOG,223,114.6884
EOG,224,114.2551
EOG,225,118.0155
EOG,226,116.9786
EOG,227,118.7688
EOG,228,118.1906
EOG,229,117.3463
EOG,230,116.4232
EOG,231,114.3507
EOG,232,113.4735
EOG,233,113.5366
EOG,234,115.1221
EOG,235,111.2327
EOG,236,110.6281
EOG,237,111.4663
EOG,238,111.4794
EOG,239,108.1708
EOG,240,107.5040
EOG,241,109.3522
EOG,242,107.9094
EOG,243,110.9598
EOG,244,113.3285
EOG,245,116.4781
EOG,246,120.3604
EOG,247,116.4478
EOG,248,117.1502
EOG,249,117.1226
EOG,250,117.9674
EOG,251,121.2752
EOG,252,117.3815
EOG,253,119.8466
EOG,254,118.2624
EOG,255,120.9168
EOG,256,125.4292
EOG,257,121.0925
EOG,258,119.6566
EOG,259,119.2146
EOG,260,116.9041
EOG,261,117.5439
EOG,262,120.5381
EOG,263,119.1278
EOG,264,116.9069
EOG,265,117.4743
EOG,266,116.1159
EOG,267,114.9080
EOG,268,116.4735
EOG,269,118.6391
EOG,270,119.9446
EOG,271,121.4034
EOG,272,117.4252
EOG,273,115.2573
EOG,274,113.8620
EOG,275,116.0717
EOG,276,120.3554
EOG,277,120.9072
EOG,278,121.6967
EOG,279,122.2542
EOG,280,118.5892
EOG,281,121.2044
EOG,282,121.3456
EOG,283,121.5884
EOG,284,120.0119
EOG,285,115.2365
EOG,286,117.9716
EOG,287,118.2394
EOG,288,119.5294
EOG,289,118.9523
EOG,290,121.0070
EOG,291,122.1999
EOG,292,124.0934
EOG,293,124.7612
EOG,294,124.9315
EOG,295,122.8228
EOG,296,125.0691
EOG,297,129.0994
EOG,298,128.9907
EOG,299,133.0017
EOG,300,136.3987
EOG,301,138.2673
EOG,302,135.3892
EOG,303,136.8580
EOG,304,132.4962
EOG,305,132.3262
EOG,306,130.8682
EOG,307,132.6427
EOG,308,130.3971
EOG,309,134.6573
EOG,310,133.3591
EOG,311,131.9044
EOG,312,132.9010
EOG,313,136.4352
EOG,314,131.8626
EOG,315,130.7671
EOG,316,129.1566
EOG,317,129.3387
EOG,318,128.6249
EOG,319,128.6589
EOG,320,125.9119
EOG,321,126.5094
EOG,322,124.8904
EOG,323,120.7855
EOG,324,120.7637
EOG,325,117.5605
EOG,326,120.0661
EOG,327,118.1692
EOG,328,118.7163
EOG,329,119.5868
EOG,330,124.4639
EOG,331,128.3301
EOG,332,134.1462
EOG,333,135.9068
EOG,334,133.8774
EOG,335,133.0569
EOG,336,128.2899
EOG,337,127.6648
EOG,338,125.2933
EOG,339,125.8926
EOG,340,126.0856
EOG,341,124.8659
EOG,342,123.4230
EOG,343,121.4244
EOG,344,122.8607
EOG,345,121.9638
EOG,346,121.4776
EOG,347,119.9347
EOG,348,118.3764
EOG,349,115.1717
EOG,350,117.4664
EOG,351,121.8009
EOG,352,123.5317
EOG,353,124.6734
EOG,354,122.8472
EOG,355,121.1376
EOG,356,124.6870
EOG,357,125.1250
EOG,358,126.8970
EOG,359,128.8624
EOG,360,126.4164
EOG,361,127.1441
EOG,362,125.3342
EOG,363,123.6284
EOG,364,122.8870
EOG,365,121.5158
EOG,366,119.9571
EOG,367,117.2320
EOG,368,114.8402
EOG,369,115.2158
EOG,370,115.1732
EOG,371,115.7378
EOG,372,116.3865
EOG,373,114.9784
EOG,374,116.8830
EOG,375,117.7058
EOG,376,113.5625
EOG,377,113.2568
EOG,378,115.8783
EOG,379,112.9859
EOG,380,111.2099
EOG,381,113.1097
EOG,382,114.5426
EOG,383,114.2193
EOG,384,113.3627
EOG,385,110.6511
EOG,386,108.4775
EOG,387,105.5869
EOG,388,103.1414
EOG,389,99.4274
EOG,390,101.5451
EOG,391,103.9174
EOG,392,100.9000
EOG,393,101.9685
EOG,394,102.8269
EOG,395,101.1167
EOG,396,97.4899
EOG,397,98.4319
EOG,398,97.1661
EOG,399,98.4028
EOG,400,98.0331
EOG,401,96.3179
EOG,402,96.4172
EOG,403,96.7266
EOG,404,97.8872
EOG,405,98.7651
EOG,406,98.7137
EOG,407,98.2496
EOG,408,98.0763
EOG,409,96.5208
EOG,410,93.6594
EOG,411,94.7982
EOG,412,98.3910
EOG,413,100.0381
EOG,414,97.7881
EOG,415,96.8408
EOG,416,99.0540
EOG,417,98.9474
EOG,418,98.0792
EOG,419,100.4912
EOG,420,98.6875
EOG,421,98.1647
EOG,422,97.9791
EOG,423,98.4968
EOG,424,102.5896
EOG,425,99.7196
EOG,426,100.5172
EOG,427,99.1944
EOG,428,96.5120
EOG,429,98.6717
EOG,430,99.4951
EOG,431,97.4418
EOG,432,100.2581
EOG,433,99.3008
EOG,434,100.4066
EOG,435,101.9709
EOG,436,104.6346
EOG,437,102.3836
EOG,438,106.3028
EOG,439,107.9388
EOG,440,115.3951
EOG,441,115.8368
EOG,442,117.9297
EOG,443,118.4832
EOG,444,120.6527
EOG,445,122.3816
EOG,446,121.7087
EOG,447,125.6898
EOG,448,127.7732
EOG,449,121.5086
EOG,450,115.2408
EOG,451,115.3643
EOG,452,115.3183
EOG,453,115.9437
EOG,454,111.6498
EOG,455,112.4916
EOG,456,115.0781
EOG,457,116.7984
EOG,458,119.9899
EOG,459,119.7301
EOG,460,124.8157
EOG,461,126.8016
EOG,462,126.0988
EOG,463,125.2384
EOG,464,117.8386
EOG,465,116.5331
EOG,466,120.7104
EOG,467,120.9437
EOG,468,121.5943
EOG,469,118.1046
EOG,470,119.4759
EOG,471,117.9824
EOG,472,119.8496
EOG,473,117.9234
EOG,474,114.6078
EOG,475,113.4714
EOG,476,112.3431
EOG,477,114.2311
EOG,478,112.9557
EOG,479,109.8392
EOG,480,108.5966
EOG,481,111.7818
EOG,482,113.0671
EOG,483,113.9961
EOG,484,112.5853
EOG,485,116.8415
EOG,486,119.0847
EOG,487,118.7167
EOG,488,118.6783
EOG,489,119.3229
EOG,490,122.8761
EOG,491,125.8086
EOG,492,130.4785
EOG,493,131.6312
EOG,494,133.2591
EOG,495,129.2334
EOG,496,124.9280
EOG,497,123.0785
EOG,498,122.8985
EOG,499,121.5785
EOG,500,123.2011
EOG,501,126.8716
EOG,502,128.3812
EOG,503,126.5106
EOG,504,120.4993
OXY,0,60.0000
OXY,1,60.1896
OXY,2,58.1331
OXY,3,58.3624
OXY,4,58.4783
OXY,5,60.2675
OXY,6,57.6106
OXY,7,57.4668
OXY,8,57.4013
OXY,9,54.6133
OXY,10,54.3797
OXY,11,54.4172
OXY,12,52.7820
OXY,13,53.9258
OXY,14,55.6662
OXY,15,54.3461
OXY,16,53.1667
OXY,17,53.1908
OXY,18,52.1485
OXY,19,53.0195
OXY,20,50.6418
OXY,21,51.7054
OXY,22,53.6972
OXY,23,56.8567
OXY,24,59.2180
OXY,25,57.5413
OXY,26,59.4014
OXY,27,64.0042
OXY,28,66.1159
OXY,29,66.9254
OXY,30,67.3061
OXY,31,66.4264
OXY,32,66.6893
OXY,33,64.7746
OXY,34,68.3143
OXY,35,65.7103
OXY,36,63.6125
OXY,37,62.5091
OXY,38,60.9956
OXY,39,61.9239
OXY,40,63.3797
OXY,41,63.1863
OXY,42,59.8097
OXY,43,59.8146
OXY,44,58.3751
OXY,45,58.3318
OXY,46,57.2537
OXY,47,56.3802
OXY,48,57.3792
OXY,49,56.7833
OXY,50,56.8956
OXY,51,56.1768
OXY,52,53.9980
OXY,53,51.7097
OXY,54,49.9376
OXY,55,51.8762
OXY,56,50.7212
OXY,57,49.0877
OXY,58,48.3943
OXY,59,47.8446
OXY,60,49.7849
OXY,61,49.2045
OXY,62,47.2338
OXY,63,48.7215
OXY,64,49.1554
OXY,65,48.8438
OXY,66,46.1483
OXY,67,47.5233
OXY,68,48.2847
OXY,69,47.5511
OXY,70,47.4983
OXY,71,48.2634
OXY,72,48.0385
OXY,73,45.5862
OXY,74,46.6264
OXY,75,45.1658
OXY,76,45.1677
OXY,77,45.6983
OXY,78,47.6269
OXY,79,46.4430
OXY,80,47.4892
OXY,81,47.8650
OXY,82,50.6439
OXY,83,52.4108
OXY,84,52.1649
OXY,85,53.5096
OXY,86,52.3676
OXY,87,50.7231
OXY,88,50.3644
OXY,89,48.1133
OXY,90,49.0198
OXY,91,48.9710
OXY,92,50.2354
OXY,93,48.1870
OXY,94,48.9976
OXY,95,49.4666
OXY,96,50.2128
OXY,97,49.3990
OXY,98,49.4769
OXY,99,47.8682
OXY,100,47.7567
OXY,101,47.6867
OXY,102,47.2881
OXY,103,47.0195
OXY,104,48.0422
OXY,105,49.2889
OXY,106,50.7902
OXY,107,49.0004
OXY,108,48.2747
OXY,109,47.3949
OXY,110,46.4176
OXY,111,45.0669
OXY,112,45.9948
OXY,113,43.8240
OXY,114,42.0295
OXY,115,42.6557
OXY,116,42.0390
OXY,117,41.0999
OXY,118,38.9874
OXY,119,39.9817
OXY,120,39.4909
OXY,121,38.3789
OXY,122,38.8866
OXY,123,36.8535
OXY,124,36.7338
OXY,125,36.2081
OXY,126,35.7715
OXY,127,35.7673
OXY,128,35.2228
OXY,129,36.0797
OXY,130,35.2679
OXY,131,33.9944
OXY,132,34.8319
OXY,133,35.2765
OXY,134,35.3008
OXY,135,36.0115
OXY,136,36.0933
OXY,137,37.6182
OXY,138,37.4321
OXY,139,38.9676
OXY,140,40.7392
OXY,141,39.3893
OXY,142,39.0008
OXY,143,39.4092
OXY,144,37.3080
OXY,145,37.7530
OXY,146,36.3985
OXY,147,36.2157
OXY,148,35.4955
OXY,149,35.3029
OXY,150,36.5484
OXY,151,36.7702
OXY,152,36.7639
OXY,153,36.3491
OXY,154,35.6333
OXY,155,34.6574
OXY,156,35.2982
OXY,157,34.9326
OXY,158,34.5597
OXY,159,34.7832
OXY,160,34.1679
OXY,161,33.2439
OXY,162,33.7380
OXY,163,33.0474
OXY,164,32.6794
OXY,165,32.5811
OXY,166,32.7201
OXY,167,31.4465
OXY,168,30.5173
OXY,169,29.9416
OXY,170,31.0060
OXY,171,31.4933
OXY,172,31.2223
OXY,173,31.5779
OXY,174,32.0540
OXY,175,32.8519
OXY,176,33.7414
OXY,177,33.5669
OXY,178,34.9562
OXY,179,36.7880
OXY,180,37.1315
OXY,181,37.8407
OXY,182,37.9690
OXY,183,36.8236
OXY,184,36.9106
OXY,185,38.6904
OXY,186,39.6934
OXY,187,37.6252
OXY,188,37.8271
OXY,189,37.6171
OXY,190,38.1720
OXY,191,38.7648
OXY,192,38.9932
OXY,193,39.6058
OXY,194,39.1441
OXY,195,38.8566
OXY,196,38.9552
OXY,197,39.6279
OXY,198,39.9817
OXY,199,38.8658
OXY,200,39.4966
OXY,201,40.8724
OXY,202,40.2846
OXY,203,40.3032
OXY,204,39.6817
OXY,205,39.2196
OXY,206,39.1769
OXY,207,39.0807
OXY,208,40.3427
OXY,209,40.6782
OXY,210,41.2041
OXY,211,41.4943
OXY,212,41.9013
OXY,213,41.6460
OXY,214,40.7442
OXY,215,43.1068
OXY,216,43.9992
OXY,217,43.8488
OXY,218,43.2849
OXY,219,42.2442
OXY,220,42.9677
OXY,221,43.6161
OXY,222,42.9008
OXY,223,42.2830
OXY,224,42.4035
OXY,225,42.0883
OXY,226,40.9421
OXY,227,41.0539
OXY,228,40.5359
OXY,229,40.5697
OXY,230,39.9047
OXY,231,38.9404
OXY,232,38.9625
OXY,233,37.4134
OXY,234,38.4674
OXY,235,37.4101
OXY,236,37.5523
OXY,237,37.6366
OXY,238,37.3278
OXY,239,36.0261
OXY,240,35.4171
OXY,241,34.7760
OXY,242,34.9964
OXY,243,34.5439
OXY,244,35.0591
OXY,245,36.0224
OXY,246,38.1814
OXY,247,35.8081
OXY,248,34.7267
OXY,249,35.1848
OXY,250,35.3543
OXY,251,35.3424
OXY,252,34.9687
OXY,253,36.1671
OXY,254,35.5136
OXY,255,35.7980
OXY,256,37.5685
OXY,257,36.3476
OXY,258,36.2046
OXY,259,36.2827
OXY,260,37.1681
OXY,261,37.4709
OXY,262,38.5286
OXY,263,38.1523
OXY,264,37.1117
OXY,265,37.0541
OXY,266,36.7187
OXY,267,36.5716
OXY,268,36.5582
OXY,269,37.9670
OXY,270,39.6547
OXY,271,40.0313
OXY,272,38.9441
OXY,273,38.7163
OXY,274,37.4739
OXY,275,38.3716
OXY,276,39.8142
OXY,277,40.4452
OXY,278,38.7091
OXY,279,38.1846
OXY,280,37.9650
OXY,281,38.1509
OXY,282,36.5177
OXY,283,36.6988
OXY,284,34.8645
OXY,285,34.0844
OXY,286,34.7044
OXY,287,34.8963
OXY,288,35.3582
OXY,289,35.7037
OXY,290,36.7502
OXY,291,37.7455
OXY,292,38.8673
OXY,293,38.9697
OXY,294,38.5770
OXY,295,37.3620
OXY,296,37.3416
OXY,297,38.0205
OXY,298,37.9288
OXY,299,38.3241
OXY,300,39.0111
OXY,301,39.4142
OXY,302,38.5248
OXY,303,37.5930
OXY,304,36.5525
OXY,305,37.5198
OXY,306,36.5324
OXY,307,37.7243
OXY,308,36.0676
OXY,309,35.5624
OXY,310,35.8248
OXY,311,35.2343
OXY,312,36.1199
OXY,313,36.9615
OXY,314,35.3550
OXY,315,35.2673
OXY,316,35.2033
OXY,317,34.4489
OXY,318,34.7291
OXY,319,34.3093
OXY,320,33.4212
OXY,321,33.8297
OXY,322,33.5879
OXY,323,33.3714
OXY,324,33.2921
OXY,325,31.4419
OXY,326,31.7134
OXY,327,31.3327
OXY,328,31.0468
OXY,329,31.0843
OXY,330,31.6073
OXY,331,32.8649
OXY,332,34.0933
OXY,333,34.1367
OXY,334,33.2934
OXY,335,32.9311
OXY,336,31.9090
OXY,337,32.6293
OXY,338,31.8764
OXY,339,32.8617
OXY,340,32.8918
OXY,341,32.6964
OXY,342,31.6964
OXY,343,30.7567
OXY,344,31.4673
OXY,345,32.0352
OXY,346,32.3628
OXY,347,31.9301
OXY,348,31.1871
OXY,349,31.0837
OXY,350,32.4903
OXY,351,33.0180
OXY,352,33.5033
OXY,353,34.7647
OXY,354,34.4776
OXY,355,34.3689
OXY,356,34.0365
OXY,357,33.8568
OXY,358,34.6307
OXY,359,34.5243
OXY,360,34.2753
OXY,361,34.1785
OXY,362,34.2037
OXY,363,34.5632
OXY,364,35.0245
OXY,365,34.1605
OXY,366,34.0353
OXY,367,33.7510
OXY,368,33.9745
OXY,369,33.1531
OXY,370,32.6342
OXY,371,32.5638
OXY,372,33.6202
OXY,373,34.0931
OXY,374,34.4017
OXY,375,34.5635
OXY,376,32.5894
OXY,377,32.4224
OXY,378,33.2101
OXY,379,31.8265
OXY,380,31.2268
OXY,381,31.7715
OXY,382,32.3828
OXY,383,32.2247
OXY,384,31.6748
OXY,385,31.2988
OXY,386,31.0588
OXY,387,31.6736
OXY,388,31.4588
OXY,389,30.2106
OXY,390,30.7875
OXY,391,30.7108
OXY,392,28.7435
OXY,393,29.6720
OXY,394,30.1668
OXY,395,29.5787
OXY,396,29.1182
OXY,397,29.5898
OXY,398,29.8149
OXY,399,30.6596
OXY,400,30.5022
OXY,401,30.4643
OXY,402,30.9784
OXY,403,31.5482
OXY,404,31.9668
OXY,405,32.8896
OXY,406,32.6745
OXY,407,33.5084
OXY,408,33.5492
OXY,409,33.6716
OXY,410,31.7614
OXY,411,32.7541
OXY,412,32.9838
OXY,413,33.5533
OXY,414,33.6197
OXY,415,32.6882
OXY,416,34.1448
OXY,417,34.3575
OXY,418,33.7084
OXY,419,33.3470
OXY,420,32.9549
OXY,421,32.8883
OXY,422,33.7592
OXY,423,33.7583
OXY,424,33.5630
OXY,425,32.3610
OXY,426,32.1258
OXY,427,31.5786
OXY,428,30.8625
OXY,429,31.4051
OXY,430,31.9540
OXY,431,32.5302
OXY,432,33.7791
OXY,433,33.6527
OXY,434,34.2045
OXY,435,34.2792
OXY,436,34.7123
OXY,437,33.7195
OXY,438,34.1201
OXY,439,34.4518
OXY,440,36.4745
OXY,441,36.9950
OXY,442,37.0087
OXY,443,37.3775
OXY,444,38.3767
OXY,445,39.1478
OXY,446,38.1637
OXY,447,39.3718
OXY,448,40.7768
OXY,449,40.0356
OXY,450,38.5587
OXY,451,38.5146
OXY,452,38.4833
OXY,453,37.7334
OXY,454,36.8767
OXY,455,35.9943
OXY,456,37.3900
OXY,457,37.5331
OXY,458,40.2577
OXY,459,38.8464
OXY,460,40.8747
OXY,461,42.1384
OXY,462,41.0436
OXY,463,40.7424
OXY,464,37.5795
OXY,465,35.6731
OXY,466,37.3673
OXY,467,37.9423
OXY,468,37.7918
OXY,469,35.1640
OXY,470,35.9906
OXY,471,36.7236
OXY,472,37.2037
OXY,473,37.2077
OXY,474,35.9275
OXY,475,35.3103
OXY,476,34.7595
OXY,477,35.4858
OXY,478,35.1498
OXY,479,34.6007
OXY,480,34.1290
OXY,481,34.3166
OXY,482,35.1373
OXY,483,36.5352
OXY,484,36.1479
OXY,485,36.9200
OXY,486,38.8189
OXY,487,38.6083
OXY,488,39.1760
OXY,489,39.6690
OXY,490,41.1148
OXY,491,42.5348
OXY,492,43.2039
OXY,493,43.2863
OXY,494,45.0363
OXY,495,43.5133
OXY,496,42.9408
OXY,497,42.2592
OXY,498,41.4133
OXY,499,40.0376
OXY,500,40.8261
OXY,501,41.3079
OXY,502,41.0299
OXY,503,42.8326
OXY,504,42.1859
PSX,0,130.0000
PSX,1,132.4239
PSX,2,131.2523
PSX,3,130.9441
PSX,4,131.2111
PSX,5,137.7095
PSX,6,136.7820
PSX,7,134.4798
PSX,8,134.2731
PSX,9,128.3157
PSX,10,128.2896
PSX,11,130.2303
PSX,12,129.5065
PSX,13,133.2815
PSX,14,134.5225
PSX,15,133.2072
PSX,16,132.3310
PSX,17,134.5114
PSX,18,133.5063
PSX,19,132.6558
PSX,20,130.6062
PSX,21,132.4531
PSX,22,138.5700
PSX,23,143.9472
PSX,24,147.7786
PSX,25,143.8734
PSX,26,145.8261
PSX,27,152.3660
PSX,28,151.7906
PSX,29,154.9483
PSX,30,155.4661
PSX,31,156.3518
PSX,32,156.6657
PSX,33,156.0876
PSX,34,158.5144
PSX,35,152.6226
PSX,36,148.2528
PSX,37,144.6536
PSX,38,144.3755
PSX,39,145.0253
PSX,40,147.9771
PSX,41,148.7041
PSX,42,145.6046
PSX,43,143.1239
PSX,44,139.6517
PSX,45,138.1430
PSX,46,142.7716
PSX,47,140.8289
PSX,48,142.0138
PSX,49,145.6272
PSX,50,143.4866
PSX,51,141.1817
PSX,52,138.3439
PSX,53,136.5197
PSX,54,134.7777
PSX,55,137.6182
PSX,56,136.0055
PSX,57,136.2797
PSX,58,133.4173
PSX,59,130.4104
PSX,60,130.7052
PSX,61,129.0723
PSX,62,127.6781
PSX,63,131.5065
PSX,64,133.6650
PSX,65,132.8016
PSX,66,129.2597
PSX,67,130.9893
PSX,68,135.1759
PSX,69,132.8290
PSX,70,131.1199
PSX,71,136.5885
PSX,72,136.3598
PSX,73,134.9092
PSX,74,133.1547
PSX,75,130.4638
PSX,76,131.1269
PSX,77,133.9186
PSX,78,137.2922
PSX,79,139.2232
PSX,80,141.2729
PSX,81,139.7310
PSX,82,144.3271
PSX,83,144.3228
PSX,84,141.7361
PSX,85,142.6951
PSX,86,141.5761
PSX,87,136.6110
PSX,88,137.1762
PSX,89,137.2531
PSX,90,136.3665
PSX,91,135.2314
PSX,92,138.1171
PSX,93,134.3988
PSX,94,134.1014
PSX,95,130.8254
PSX,96,130.5090
PSX,97,127.4208
PSX,98,126.3603
PSX,99,122.6363
PSX,100,124.5717
PSX,101,125.1742
PSX,102,122.8450
PSX,103,120.3551
PSX,104,122.3324
PSX,105,122.7497
PSX,106,126.3262
PSX,107,126.0785
PSX,108,127.3749
PSX,109,128.2606
PSX,110,126.2065
PSX,111,124.0480
PSX,112,127.4685
PSX,113,123.5780
PSX,114,123.5539
PSX,115,125.9527
PSX,116,121.6736
PSX,117,121.9311
PSX,118,117.7154
PSX,119,121.2189
PSX,120,121.5583
PSX,121,120.7195
PSX,122,123.7890
PSX,123,120.9998
PSX,124,123.3251
PSX,125,121.6747
PSX,126,121.5106
PSX,127,121.3111
PSX,128,121.4237
PSX,129,124.2292
PSX,130,122.8832
PSX,131,122.1350
PSX,132,125.1676
PSX,133,124.2697
PSX,134,125.5674
PSX,135,126.6663
PSX,136,127.5379
PSX,137,128.2469
PSX,138,128.3175
PSX,139,131.1957
PSX,140,134.5911
PSX,141,133.1371
PSX,142,131.4551
PSX,143,135.1974
PSX,144,132.3798
PSX,145,132.4401
PSX,146,130.9331
PSX,147,129.6824
PSX,148,124.7516
PSX,149,123.7609
PSX,150,125.0136
PSX,151,123.9972
PSX,152,125.2319
PSX,153,127.2815
PSX,154,125.6353
PSX,155,124.6691
PSX,156,125.8384
PSX,157,123.9166
PSX,158,120.9190
PSX,159,122.4925
PSX,160,120.7338
PSX,161,117.1504
PSX,162,120.6888
PSX,163,119.1843
PSX,164,118.8016
PSX,165,116.2543
PSX,166,117.1688
PSX,167,116.2012
PSX,168,113.6896
PSX,169,112.0249
PSX,170,114.8497
PSX,171,115.5382
PSX,172,117.6949
PSX,173,117.2998
PSX,174,117.2294
PSX,175,119.6652
PSX,176,121.4841
PSX,177,121.8812
PSX,178,124.7043
PSX,179,125.0543
PSX,180,124.8849
PSX,181,126.9368
PSX,182,128.0178
PSX,183,123.8796
PSX,184,120.9264
PSX,185,125.6700
PSX,186,127.0804
PSX,187,123.4622
PSX,188,122.6850
PSX,189,124.8706
PSX,190,126.4364
PSX,191,128.3378
PSX,192,130.4184
PSX,193,132.3367
PSX,194,129.6094
PSX,195,127.3553
PSX,196,128.3967
PSX,197,128.5051
PSX,198,127.6293
PSX,199,131.1232
PSX,200,132.2993
PSX,201,135.4770
PSX,202,134.9058
PSX,203,134.1095
PSX,204,136.3791
PSX,205,141.1884
PSX,206,141.4603
PSX,207,143.3230
PSX,208,146.8999
PSX,209,146.3338
PSX,210,147.0607
PSX,211,150.3071
PSX,212,152.0494
PSX,213,150.6793
PSX,214,150.7415
PSX,215,151.5266
PSX,216,152.8327
PSX,217,148.2664
PSX,218,147.7107
PSX,219,146.8213
PSX,220,147.0119
PSX,221,147.7751
PSX,222,145.8309
PSX,223,145.7846
PSX,224,147.9756
PSX,225,149.7996
PSX,226,148.1635
PSX,227,150.1598
PSX,228,150.9725
PSX,229,149.3405
PSX,230,147.7732
PSX,231,142.6570
PSX,232,139.2935
PSX,233,134.3736
PSX,234,136.9560
PSX,235,133.3062
PSX,236,133.2493
PSX,237,139.0266
PSX,238,142.4717
PSX,239,139.7399
PSX,240,139.6224
PSX,241,138.7204
PSX,242,140.5580
PSX,243,141.6774
PSX,244,142.9151
PSX,245,148.9475
PSX,246,155.5201
PSX,247,149.6763
PSX,248,147.6102
PSX,249,147.3326
PSX,250,147.2479
PSX,251,149.2771
PSX,252,147.8550
PSX,253,149.6117
PSX,254,145.4884
PSX,255,144.6846
PSX,256,147.6264
PSX,257,144.9828
PSX,258,141.2247
PSX,259,143.5920
PSX,260,142.5014
PSX,261,144.7505
PSX,262,149.1384
PSX,263,145.6582
PSX,264,143.9112
PSX,265,144.3586
PSX,266,142.5756
PSX,267,140.6292
PSX,268,143.9483
PSX,269,145.0919
PSX,270,146.7025
PSX,271,147.4571
PSX,272,146.4100
PSX,273,145.2126
PSX,274,142.4526
PSX,275,143.8410
PSX,276,149.4663
PSX,277,150.2053
PSX,278,153.6220
PSX,279,151.8865
PSX,280,148.4323
PSX,281,148.9160
PSX,282,142.5602
PSX,283,143.2551
PSX,284,138.4919
PSX,285,136.4491
PSX,286,139.5759
PSX,287,140.8302
PSX,288,144.8205
PSX,289,145.4088
PSX,290,147.1447
PSX,291,149.7268
PSX,292,152.2019
PSX,293,150.7121
PSX,294,151.6760
PSX,295,150.8109
PSX,296,149.7217
PSX,297,151.6494
PSX,298,153.2347
PSX,299,157.2090
PSX,300,158.0253
PSX,301,159.9393
PSX,302,159.8388
PSX,303,157.5431
PSX,304,155.0973
PSX,305,156.9574
PSX,306,157.2154
PSX,307,160.3512
PSX,308,157.4533
PSX,309,159.1824
PSX,310,158.1860
PSX,311,153.7284
PSX,312,154.5557
PSX,313,157.0016
PSX,314,154.9292
PSX,315,155.2765
PSX,316,154.4339
PSX,317,149.9704
PSX,318,152.5231
PSX,319,153.1005
PSX,320,148.0618
PSX,321,149.3421
PSX,322,148.7527
PSX,323,145.5009
PSX,324,145.0405
PSX,325,143.0293
PSX,326,141.4346
PSX,327,140.7492
PSX,328,142.7090
PSX,329,144.0762
PSX,330,147.6770
PSX,331,151.9255
PSX,332,157.6191
PSX,333,155.0655
PSX,334,154.0108
PSX,335,151.1385
PSX,336,151.2855
PSX,337,152.3322
PSX,338,150.3554
PSX,339,150.9423
PSX,340,151.3559
PSX,341,150.0383
PSX,342,147.1977
PSX,343,145.5348
PSX,344,147.4356
PSX,345,149.6537
PSX,346,150.0740
PSX,347,146.4800
PSX,348,143.1705
PSX,349,141.0362
PSX,350,145.1332
PSX,351,148.0884
PSX,352,151.7207
PSX,353,152.5175
PSX,354,151.8776
PSX,355,149.8198
PSX,356,148.5100
PSX,357,149.6314
PSX,358,151.6938
PSX,359,151.6685
PSX,360,152.6770
PSX,361,154.7202
PSX,362,157.2608
PSX,363,157.9512
PSX,364,160.3055
PSX,365,157.7987
PSX,366,157.9466
PSX,367,156.3012
PSX,368,154.8713
PSX,369,152.8690
PSX,370,150.7198
PSX,371,151.0945
PSX,372,155.3869
PSX,373,158.1270
PSX,374,158.6640
PSX,375,160.1311
PSX,376,155.2522
PSX,377,153.8598
PSX,378,155.7365
PSX,379,156.0254
PSX,380,155.9919
PSX,381,160.9744
PSX,382,163.4959
PSX,383,165.2695
PSX,384,160.6206
PSX,385,157.9978
PSX,386,158.5522
PSX,387,157.1066
PSX,388,155.0627
PSX,389,147.5695
PSX,390,150.0558
PSX,391,149.5690
PSX,392,138.9694
PSX,393,140.4313
PSX,394,138.9648
PSX,395,137.7497
PSX,396,135.8947
PSX,397,134.7643
PSX,398,136.6614
PSX,399,137.1387
PSX,400,136.1731
PSX,401,135.7284
PSX,402,138.7071
PSX,403,136.4202
PSX,404,138.8593
PSX,405,141.2785
PSX,406,142.8167
PSX,407,144.7065
PSX,408,142.9689
PSX,409,141.2760
PSX,410,138.2604
PSX,411,141.4890
PSX,412,145.8303
PSX,413,147.3072
PSX,414,146.6487
PSX,415,140.0723
PSX,416,146.2595
PSX,417,148.5927
PSX,418,145.4704
PSX,419,146.4171
PSX,420,145.9361
PSX,421,148.0958
PSX,422,147.4713
PSX,423,148.5977
PSX,424,146.7737
PSX,425,140.4142
PSX,426,139.1541
PSX,427,139.2812
PSX,428,134.4844
PSX,429,134.1422
PSX,430,136.4723
PSX,431,134.9439
PSX,432,137.8405
PSX,433,136.8727
PSX,434,136.0315
PSX,435,138.1546
PSX,436,142.7625
PSX,437,140.2672
PSX,438,146.4009
PSX,439,147.3043
PSX,440,151.8853
PSX,441,151.9015
PSX,442,154.5729
PSX,443,155.2024
PSX,444,158.8870
PSX,445,161.5549
PSX,446,160.4106
PSX,447,167.6463
PSX,448,173.7805
PSX,449,167.4995
PSX,450,163.7603
PSX,451,162.6225
PSX,452,160.2523
PSX,453,158.1194
PSX,454,152.1086
PSX,455,153.8805
PSX,456,158.2746
PSX,457,157.7167
PSX,458,165.5729
PSX,459,164.1630
PSX,460,167.0065
PSX,461,171.6065
PSX,462,164.2711
PSX,463,161.6328
PSX,464,154.6209
PSX,465,155.4834
PSX,466,158.0419
PSX,467,162.0324
PSX,468,161.4007
PSX,469,157.7552
PSX,470,159.0725
PSX,471,158.0165
PSX,472,158.4939
PSX,473,157.3253
PSX,474,154.1959
PSX,475,155.3664
PSX,476,154.9437
PSX,477,160.3302
PSX,478,161.6486
PSX,479,161.8410
PSX,480,158.0801
PSX,481,161.8232
PSX,482,166.1989
PSX,483,170.2115
PSX,484,169.6011
PSX,485,175.5415
PSX,486,178.9742
PSX,487,177.2493
PSX,488,181.8358
PSX,489,187.1456
PSX,490,189.3304
PSX,491,193.6197
PSX,492,201.6590
PSX,493,204.3297
PSX,494,208.3901
PSX,495,200.8119
PSX,496,201.6154
PSX,497,202.1963
PSX,498,198.5972
PSX,499,195.4128
PSX,500,195.4438
PSX,501,198.3082
PSX,502,198.6340
PSX,503,199.7067
PSX,504,194.5893
CAT,0,330.0000
CAT,1,333.0839
CAT,2,328.2359
CAT,3,328.6906
CAT,4,330.7287
CAT,5,331.8179
CAT,6,324.5244
CAT,7,327.2719
CAT,8,328.0660
CAT,9,321.3725
CAT,10,327.7201
CAT,11,328.6356
CAT,12,332.4996
CAT,13,327.5397
CAT,14,320.7319
CAT,15,324.7445
CAT,16,331.3388
CAT,17,338.5564
CAT,18,340.8224
CAT,19,344.9750
CAT,20,333.3388
CAT,21,330.1468
CAT,22,336.3995
CAT,23,345.6470
CAT,24,350.8005
CAT,25,352.4189
CAT,26,359.1398
CAT,27,363.3657
CAT,28,367.8352
CAT,29,374.9005
CAT,30,371.1200
CAT,31,376.2672
CAT,32,382.8094
CAT,33,368.0990
CAT,34,369.3495
CAT,35,357.9955
CAT,36,352.0646
CAT,37,353.0820
CAT,38,356.6568
CAT,39,350.8114
CAT,40,359.0559
CAT,41,363.7586
CAT,42,355.7213
CAT,43,333.8886
CAT,44,339.2459
CAT,45,343.9684
CAT,46,347.2570
CAT,47,341.2239
CAT,48,339.2533
CAT,49,334.3087
CAT,50,329.6831
CAT,51,330.2044
CAT,52,314.4299
CAT,53,311.5369
CAT,54,313.1994
CAT,55,316.4721
CAT,56,306.0109
CAT,57,300.8764
CAT,58,307.5995
CAT,59,299.9628
CAT,60,302.4869
CAT,61,300.6150
CAT,62,290.2456
CAT,63,291.8402
CAT,64,291.3722
CAT,65,291.8823
CAT,66,299.3500
CAT,67,296.8515
CAT,68,299.1470
CAT,69,294.6980
CAT,70,296.9202
CAT,71,315.3609
CAT,72,314.7002
CAT,73,308.1388
CAT,74,310.3989
CAT,75,301.8610
CAT,76,306.4490
CAT,77,306.1468
CAT,78,302.1067
CAT,79,301.9753
CAT,80,301.2953
CAT,81,306.0319
CAT,82,302.4652
CAT,83,304.4843
CAT,84,298.2087
CAT,85,308.6834
CAT,86,301.5262
CAT,87,299.5298
CAT,88,298.2395
CAT,89,296.6669
CAT,90,300.7028
CAT,91,299.9402
CAT,92,314.3204
CAT,93,309.1647
CAT,94,308.1028
CAT,95,304.5961
CAT,96,304.2248
CAT,97,302.8067
CAT,98,300.1677
CAT,99,296.8893
CAT,100,292.6671
CAT,101,293.8619
CAT,102,280.7930
CAT,103,275.9435
CAT,104,274.3160
CAT,105,277.1960
CAT,106,284.4028
CAT,107,283.1712
CAT,108,280.9736
CAT,109,275.2225
CAT,110,268.5722
CAT,111,270.3027
CAT,112,277.3156
CAT,113,275.2743
CAT,114,268.3398
CAT,115,273.2995
CAT,116,276.1658
CAT,117,271.7305
CAT,118,278.7092
CAT,119,288.1052
CAT,120,288.5746
CAT,121,285.6525
CAT,122,293.6674
CAT,123,288.9859
CAT,124,288.7406
CAT,125,292.0856
CAT,126,296.3967
CAT,127,290.0659
CAT,128,289.8160
CAT,129,284.1027
CAT,130,278.2004
CAT,131,275.7858
CAT,132,273.7485
CAT,133,266.1166
CAT,134,271.3203
CAT,135,273.9358
CAT,136,275.2857
CAT,137,277.3346
CAT,138,272.3636
CAT,139,281.8998
CAT,140,286.3849
CAT,141,277.8846
CAT,142,273.9604
CAT,143,270.2895
CAT,144,263.8359
CAT,145,264.0196
CAT,146,254.0275
CAT,147,252.3111
CAT,148,253.0059
CAT,149,250.5491
CAT,150,249.2188
CAT,151,250.7475
CAT,152,249.3764
CAT,153,249.0646
CAT,154,250.8188
CAT,155,250.4340
CAT,156,252.1162
CAT,157,252.7880
CAT,158,255.8183
CAT,159,250.2569
CAT,160,244.4885
CAT,161,239.7062
CAT,162,237.9674
CAT,163,238.3438
CAT,164,235.2660
CAT,165,236.0121
CAT,166,240.7739
CAT,167,240.3784
CAT,168,240.5684
CAT,169,241.4221
CAT,170,242.9498
CAT,171,251.9688
CAT,172,257.6876
CAT,173,248.6883
CAT,174,248.5266
CAT,175,248.2430
CAT,176,248.7407
CAT,177,254.7472
CAT,178,254.6778
CAT,179,262.0292
CAT,180,263.8651
CAT,181,256.5199
CAT,182,255.2955
CAT,183,253.4410
CAT,184,250.1717
CAT,185,250.2959
CAT,186,252.9719
CAT,187,247.4649
CAT,188,247.6525
CAT,189,246.7365
CAT,190,235.3930
CAT,191,237.1883
CAT,192,240.5904
CAT,193,242.9391
CAT,194,248.1406
CAT,195,243.6419
CAT,196,248.6295
CAT,197,249.7945
CAT,198,248.7889
CAT,199,244.3802
CAT,200,240.9433
CAT,201,236.3204
CAT,202,235.8742
CAT,203,236.8142
CAT,204,239.7468
CAT,205,237.3077
CAT,206,233.5588
CAT,207,241.1009
CAT,208,246.8258
CAT,209,249.8733
CAT,210,253.7160
CAT,211,255.5945
CAT,212,254.2956
CAT,213,249.2588
CAT,214,257.4288
CAT,215,255.7278
CAT,216,253.2772
CAT,217,248.8913
CAT,218,243.2802
CAT,219,244.2870
CAT,220,245.1491
CAT,221,244.8399
CAT,222,242.7159
CAT,223,242.8933
CAT,224,243.8162
CAT,225,249.6037
CAT,226,254.1152
CAT,227,250.5929
CAT,228,249.8037
CAT,229,251.3613
CAT,230,255.2402
CAT,231,253.2994
CAT,232,250.0204
CAT,233,250.8731
CAT,234,250.4573
CAT,235,250.6982
CAT,236,248.9097
CAT,237,252.7208
CAT,238,252.2851
CAT,239,248.2120
CAT,240,238.1709
CAT,241,235.3982
CAT,242,238.4143
CAT,243,236.3812
CAT,244,237.6737
CAT,245,230.7890
CAT,246,239.1780
CAT,247,229.9578
CAT,248,230.7154
CAT,249,231.8626
CAT,250,231.3056
CAT,251,243.6961
CAT,252,246.1020
CAT,253,247.7746
CAT,254,249.1150
CAT,255,252.7118
CAT,256,262.9499
CAT,257,259.6984
CAT,258,254.7398
CAT,259,261.9680
CAT,260,255.8948
CAT,261,263.2718
CAT,262,265.9572
CAT,263,270.8433
CAT,264,273.3603
CAT,265,271.8280
CAT,266,262.2719
CAT,267,266.2677
CAT,268,267.2912
CAT,269,269.0351
CAT,270,261.8207
CAT,271,264.7302
CAT,272,265.5077
CAT,273,259.3602
CAT,274,265.0331
CAT,275,267.5463
CAT,276,279.8882
CAT,277,279.4378
CAT,278,284.4567
CAT,279,284.6220
CAT,280,283.4528
CAT,281,283.0967
CAT,282,278.9570
CAT,283,273.3600
CAT,284,273.4439
CAT,285,258.9192
CAT,286,264.2905
CAT,287,262.7453
CAT,288,269.1903
CAT,289,270.6500
CAT,290,272.1965
CAT,291,273.1319
CAT,292,273.9286
CAT,293,280.2919
CAT,294,279.6921
CAT,295,279.1601
CAT,296,280.8150
CAT,297,283.9538
CAT,298,295.6721
CAT,299,299.1352
CAT,300,305.9485
CAT,301,309.4793
CAT,302,306.1194
CAT,303,304.1490
CAT,304,301.7690
CAT,305,310.2881
CAT,306,304.6094
CAT,307,306.7438
CAT,308,302.2899
CAT,309,296.3757
CAT,310,300.8488
CAT,311,306.7228
CAT,312,298.9223
CAT,313,305.3109
CAT,314,301.0695
CAT,315,304.0191
CAT,316,305.3429
CAT,317,307.1542
CAT,318,306.5172
CAT,319,312.0718
CAT,320,305.8843
CAT,321,306.2927
CAT,322,294.5967
CAT,323,297.7254
CAT,324,294.0788
CAT,325,290.4253
CAT,326,291.8184
CAT,327,289.8742
CAT,328,285.1611
CAT,329,285.0402
CAT,330,281.6014
CAT,331,289.6343
CAT,332,295.5170
CAT,333,291.7843
CAT,334,291.8413
CAT,335,295.0046
CAT,336,291.7642
CAT,337,291.7231
CAT,338,287.6622
CAT,339,289.9784
CAT,340,286.9468
CAT,341,289.7793
CAT,342,286.6946
CAT,343,285.1597
CAT,344,287.7834
CAT,345,291.5610
CAT,346,296.0833
CAT,347,289.9668
CAT,348,288.4273
CAT,349,292.4654
CAT,350,302.4368
CAT,351,307.6688
CAT,352,311.2797
CAT,353,311.3029
CAT,354,308.7039
CAT,355,306.1678
CAT,356,301.7453
CAT,357,294.3444
CAT,358,299.8114
CAT,359,301.4024
CAT,360,315.9538
CAT,361,316.0283
CAT,362,311.4021
CAT,363,307.9303
CAT,364,315.5524
CAT,365,312.3418
CAT,366,315.8655
CAT,367,306.8816
CAT,368,305.1667
CAT,369,308.3790
CAT,370,304.9131
CAT,371,301.9923
CAT,372,302.2199
CAT,373,305.6912
CAT,374,307.5737
CAT,375,310.1684
CAT,376,311.0530
CAT,377,318.6824
CAT,378,323.4796
CAT,379,323.9271
CAT,380,326.9630
CAT,381,328.2969
CAT,382,330.8637
CAT,383,324.7258
CAT,384,322.0795
CAT,385,326.9924
CAT,386,321.4356
CAT,387,309.7945
CAT,388,305.3612
CAT,389,302.1563
CAT,390,300.9166
CAT,391,303.5438
CAT,392,304.9441
CAT,393,309.5598
CAT,394,308.6032
CAT,395,311.4738
CAT,396,311.4290
CAT,397,312.0739
CAT,398,308.9041
CAT,399,309.6102
CAT,400,303.6851
CAT,401,310.6804
CAT,402,307.7697
CAT,403,301.1559
CAT,404,301.7104
CAT,405,299.4133
CAT,406,292.3210
CAT,407,287.8812
CAT,408,283.3172
CAT,409,284.8313
CAT,410,286.7441
CAT,411,293.7683
CAT,412,297.2444
CAT,413,302.9605
CAT,414,300.0885
CAT,415,301.1531
CAT,416,303.7934
CAT,417,307.2427
CAT,418,307.6119
CAT,419,297.7701
CAT,420,290.7977
CAT,421,284.4947
CAT,422,291.9953
CAT,423,293.1442
CAT,424,289.4812
CAT,425,284.4866
CAT,426,288.9284
CAT,427,284.0358
CAT,428,283.1246
CAT,429,283.9531
CAT,430,287.5413
CAT,431,285.7515
CAT,432,296.5559
CAT,433,290.4979
CAT,434,285.7505
CAT,435,286.6879
CAT,436,288.6291
CAT,437,288.8083
CAT,438,298.3009
CAT,439,294.5783
CAT,440,299.4362
CAT,441,293.0739
CAT,442,305.2073
CAT,443,304.1611
CAT,444,313.6774
CAT,445,319.5448
CAT,446,316.0428
CAT,447,323.1434
CAT,448,332.9282
CAT,449,337.7197
CAT,450,336.0171
CAT,451,334.0694
CAT,452,333.9246
CAT,453,333.7563
CAT,454,327.5202
CAT,455,329.9781
CAT,456,331.7629
CAT,457,339.5911
CAT,458,346.4938
CAT,459,339.0869
CAT,460,345.6825
CAT,461,342.6836
CAT,462,332.7127
CAT,463,337.3623
CAT,464,329.8865
CAT,465,326.2206
CAT,466,335.3249
CAT,467,344.8618
CAT,468,347.3271
CAT,469,354.3198
CAT,470,352.1398
CAT,471,354.3080
CAT,472,352.9943
CAT,473,349.9133
CAT,474,357.0267
CAT,475,364.5445
CAT,476,366.0848
CAT,477,365.1319
CAT,478,362.4491
CAT,479,363.6718
CAT,480,364.6627
CAT,481,374.1391
CAT,482,379.6028
CAT,483,391.3789
CAT,484,397.9894
CAT,485,411.7455
CAT,486,410.5600
CAT,487,409.4795
CAT,488,415.9687
CAT,489,432.5891
CAT,490,443.6870
CAT,491,454.2497
CAT,492,460.3341
CAT,493,469.2369
CAT,494,471.4391
CAT,495,473.3299
CAT,496,464.4951
CAT,497,469.3043
CAT,498,475.7053
CAT,499,459.1534
CAT,500,451.9867
CAT,501,440.5132
CAT,502,453.8972
CAT,503,461.2677
CAT,504,457.4798
BA,0,180.0000
BA,1,180.1595
BA,2,189.4986
BA,3,189.1937
BA,4,191.1696
BA,5,200.3451
BA,6,193.6220
BA,7,199.8905
BA,8,205.1860
BA,9,190.0174
BA,10,191.2228
BA,11,190.9625
BA,12,192.7258
BA,13,184.9932
BA,14,194.4226
BA,15,194.7751
BA,16,196.1828
BA,17,200.2351
BA,18,202.0955
BA,19,204.0031
BA,20,198.4589
BA,21,195.0853
BA,22,201.1095
BA,23,209.9486
BA,24,210.8541
BA,25,214.8487
BA,26,221.1658
BA,27,231.3868
BA,28,234.8292
BA,29,228.4976
BA,30,223.8589
BA,31,226.0735
BA,32,226.5997
BA,33,218.1189
BA,34,217.7015
BA,35,215.2976
BA,36,206.8431
BA,37,202.1859
BA,38,211.7012
BA,39,208.7175
BA,40,214.0156
BA,41,213.2605
BA,42,209.2495
BA,43,201.6003
BA,44,204.9991
BA,45,204.3357
BA,46,196.9378
BA,47,194.8287
BA,48,197.9379
BA,49,199.3442
BA,50,195.8407
BA,51,198.0415
BA,52,188.7036
BA,53,188.3709
BA,54,195.2204
BA,55,203.5592
BA,56,193.3988
BA,57,188.0882
BA,58,195.0304
BA,59,183.0509
BA,60,181.6210
BA,61,174.3655
BA,62,176.3333
BA,63,177.8439
BA,64,178.2200
BA,65,171.9393
BA,66,170.0689
BA,67,169.0188
BA,68,171.4124
BA,69,169.7167
BA,70,171.1763
BA,71,175.1968
BA,72,178.5108
BA,73,179.8717
BA,74,176.5049
BA,75,170.2575
BA,76,173.9091
BA,77,168.1400
BA,78,171.7536
BA,79,167.0636
BA,80,169.9981
BA,81,169.2156
BA,82,169.0582
BA,83,174.6850
BA,84,181.2457
BA,85,177.2291
BA,86,177.5145
BA,87,176.7014
BA,88,175.7981
BA,89,179.6300
BA,90,183.3035
BA,91,186.4998
BA,92,190.8168
BA,93,183.4361
BA,94,185.2942
BA,95,180.3659
BA,96,188.2181
BA,97,187.6101
BA,98,187.2120
BA,99,189.2190
BA,100,185.3881
BA,101,186.8972
BA,102,180.7620
BA,103,181.7988
BA,104,183.2844
BA,105,186.5296
BA,106,200.5372
BA,107,200.0306
BA,108,199.5180
BA,109,193.2876
BA,110,190.0633
BA,111,179.9519
BA,112,183.7014
BA,113,181.7841
BA,114,178.3885
BA,115,182.4497
BA,116,183.5519
BA,117,186.7539
BA,118,186.7606
BA,119,189.2299
BA,120,185.9105
BA,121,185.1745
BA,122,192.0221
BA,123,193.6452
BA,124,198.0916
BA,125,193.3990
BA,126,195.1018
BA,127,190.8511
BA,128,191.7596
BA,129,193.4344
BA,130,198.2427
BA,131,190.2021
BA,132,186.6860
BA,133,183.8645
BA,134,191.4376
BA,135,195.1563
BA,136,195.6067
BA,137,197.7616
BA,138,186.7231
BA,139,191.1835
BA,140,190.6970
BA,141,184.0622
BA,142,179.2283
BA,143,175.7780
BA,144,169.4897
BA,145,167.2171
BA,146,159.1727
BA,147,162.1748
BA,148,162.5392
BA,149,162.5944
BA,150,167.0000
BA,151,168.3651
BA,152,168.4166
BA,153,173.8857
BA,154,174.7516
BA,155,170.6952
BA,156,169.2106
BA,157,161.7837
BA,158,157.3514
BA,159,152.7577
BA,160,149.4497
BA,161,141.4440
BA,162,137.0397
BA,163,134.1546
BA,164,133.4963
BA,165,136.6709
BA,166,143.6455
BA,167,144.7878
BA,168,144.7937
BA,169,144.2029
BA,170,142.3199
BA,171,145.9254
BA,172,145.6093
BA,173,139.9120
BA,174,139.4985
BA,175,137.6486
BA,176,143.2800
BA,177,147.5774
BA,178,153.3589
BA,179,160.6495
BA,180,157.8130
BA,181,156.8708
BA,182,155.4316
BA,183,156.4593
BA,184,157.5183
BA,185,164.3254
BA,186,166.6153
BA,187,159.4649
BA,188,156.4947
BA,189,161.3334
BA,190,156.4266
BA,191,164.1349
BA,192,168.4344
BA,193,170.2265
BA,194,176.4519
BA,195,177.7294
BA,196,187.7953
BA,197,187.2362
BA,198,192.8738
BA,199,194.0841
BA,200,188.8390
BA,201,189.7627
BA,202,184.8116
BA,203,179.2439
BA,204,180.7159
BA,205,179.2072
BA,206,175.3127
BA,207,175.0949
BA,208,183.8904
BA,209,186.4159
BA,210,185.6181
BA,211,189.5806
BA,212,189.1142
BA,213,191.3025
BA,214,192.5667
BA,215,191.9790
BA,216,190.0014
BA,217,187.3880
BA,218,175.2910
BA,219,181.1013
BA,220,186.5831
BA,221,179.5634
BA,222,175.7940
BA,223,178.5819
BA,224,177.1979
BA,225,179.7177
BA,226,184.7229
BA,227,178.5027
BA,228,175.8971
BA,229,179.0948
BA,230,185.6170
BA,231,178.5678
BA,232,184.6867
BA,233,187.8506
BA,234,181.9588
BA,235,180.4775
BA,236,179.8301
BA,237,176.8162
BA,238,172.5261
BA,239,167.1081
BA,240,157.6358
BA,241,160.1543
BA,242,158.6945
BA,243,156.1728
BA,244,155.3695
BA,245,151.8522
BA,246,161.8657
BA,247,157.2791
BA,248,159.3818
BA,249,159.3187
BA,250,160.2113
BA,251,169.6451
BA,252,172.3622
BA,253,168.5102
BA,254,173.3507
BA,255,180.4744
BA,256,183.6951
BA,257,176.6995
BA,258,173.8093
BA,259,180.4381
BA,260,174.0197
BA,261,179.0158
BA,262,182.3700
BA,263,184.4202
BA,264,188.0930
BA,265,193.3601
BA,266,188.0982
BA,267,190.2471
BA,268,193.3055
BA,269,189.8281
BA,270,184.9824
BA,271,189.0093
BA,272,182.8263
BA,273,176.4078
BA,274,179.4847
BA,275,175.8632
BA,276,182.4987
BA,277,187.7284
BA,278,186.3471
BA,279,185.1498
BA,280,183.0063
BA,281,182.0788
BA,282,179.9493
BA,283,177.3270
BA,284,169.1142
BA,285,165.3489
BA,286,170.2394
BA,287,167.5068
BA,288,171.4354
BA,289,173.2841
BA,290,174.2653
BA,291,175.3989
BA,292,178.1073
BA,293,183.6406
BA,294,186.1696
BA,295,178.5409
BA,296,176.3208
BA,297,181.0154
BA,298,181.8146
BA,299,186.2799
BA,300,189.8564
BA,301,195.6902
BA,302,194.1973
BA,303,194.3452
BA,304,189.5313
BA,305,199.8137
BA,306,194.0775
BA,307,194.5144
BA,308,185.7409
BA,309,183.5230
BA,310,179.5942
BA,311,188.8552
BA,312,184.6262
BA,313,184.4161
BA,314,189.6039
BA,315,188.5397
BA,316,199.3018
BA,317,193.7640
BA,318,189.1004
BA,319,189.0955
BA,320,182.5107
BA,321,180.6042
BA,322,177.0175
BA,323,172.9608
BA,324,172.3356
BA,325,175.8427
BA,326,171.8719
BA,327,173.8625
BA,328,170.8244
BA,329,171.1671
BA,330,169.9613
BA,331,173.6440
BA,332,174.5800
BA,333,171.6563
BA,334,171.5396
BA,335,167.7168
BA,336,161.7921
BA,337,168.4181
BA,338,168.2541
BA,339,169.7543
BA,340,167.0873
BA,341,171.3246
BA,342,165.2182
BA,343,164.4234
BA,344,164.0543
BA,345,163.9381
BA,346,176.7962
BA,347,175.7178
BA,348,169.2645
BA,349,166.9089
BA,350,168.9289
BA,351,171.0863
BA,352,174.3535
BA,353,178.2823
BA,354,178.1814
BA,355,179.0492
BA,356,177.7743
BA,357,171.0795
BA,358,170.1167
BA,359,174.0124
BA,360,177.7460
BA,361,179.8087
BA,362,179.6136
BA,363,178.7976
BA,364,181.4887
BA,365,182.2875
BA,366,187.9876
BA,367,180.8027
BA,368,176.9145
BA,369,181.0460
BA,370,184.2511
BA,371,186.2286
BA,372,182.9204
BA,373,183.5775
BA,374,186.9544
BA,375,188.1553
BA,376,176.0681
BA,377,171.0388
BA,378,174.0783
BA,379,175.9777
BA,380,175.7616
BA,381,174.9286
BA,382,177.6879
BA,383,181.6588
BA,384,181.2657
BA,385,185.9819
BA,386,180.2726
BA,387,175.0307
BA,388,176.6147
BA,389,173.0634
BA,390,177.7621
BA,391,177.2147
BA,392,168.3827
BA,393,171.9250
BA,394,173.2228
BA,395,173.3357
BA,396,171.6473
BA,397,169.0931
BA,398,174.1202
BA,399,176.4393
BA,400,175.0007
BA,401,174.0722
BA,402,165.8672
BA,403,161.7798
BA,404,160.7327
BA,405,155.1254
BA,406,150.1056
BA,407,150.2647
BA,408,148.7505
BA,409,152.5452
BA,410,149.8529
BA,411,155.8399
BA,412,160.9494
BA,413,177.0928
BA,414,170.1128
BA,415,161.3185
BA,416,160.0760
BA,417,163.3011
BA,418,160.4358
BA,419,154.0039
BA,420,152.6018
BA,421,147.5786
BA,422,151.9774
BA,423,150.1900
BA,424,155.0894
BA,425,152.9527
BA,426,151.8960
BA,427,154.1697
BA,428,148.0614
BA,429,149.8935
BA,430,147.7453
BA,431,143.8422
BA,432,143.9637
BA,433,139.3504
BA,434,137.8600
BA,435,139.5117
BA,436,144.2631
BA,437,148.7131
BA,438,157.1378
BA,439,157.3608
BA,440,162.4952
BA,441,160.1667
BA,442,168.7404
BA,443,167.6225
BA,444,173.1013
BA,445,176.4487
BA,446,171.4968
BA,447,170.0223
BA,448,172.8077
BA,449,172.4218
BA,450,175.7618
BA,451,177.2739
BA,452,179.8168
BA,453,177.8964
BA,454,175.9265
BA,455,173.7801
BA,456,174.1713
BA,457,174.0377
BA,458,180.4760
BA,459,174.4056
BA,460,174.2694
BA,461,170.0076
BA,462,166.1881
BA,463,163.3777
BA,464,164.3329
BA,465,171.8192
BA,466,170.5143
BA,467,172.1800
BA,468,173.9839
BA,469,174.4406
BA,470,171.6951
BA,471,165.0223
BA,472,163.9341
BA,473,167.9034
BA,474,170.1270
BA,475,171.5275
BA,476,169.6695
BA,477,174.1877
BA,478,175.3368
BA,479,176.8843
BA,480,177.9160
BA,481,180.9910
BA,482,185.3088
BA,483,191.9309
BA,484,194.8233
BA,485,200.3105
BA,486,203.2630
BA,487,205.2395
BA,488,212.6474
BA,489,217.0781
BA,490,225.7677
BA,491,228.7887
BA,492,228.6828
BA,493,240.3333
BA,494,245.4442
BA,495,249.2951
BA,496,248.0156
BA,497,246.4156
BA,498,248.3553
BA,499,239.0208
BA,500,228.7007
BA,501,232.1588
BA,502,230.8022
BA,503,235.3260
BA,504,232.0506
HON,0,200.0000
HON,1,203.3558
HON,2,206.7837
HON,3,205.2819
HON,4,202.1332
HON,5,204.3717
HON,6,200.3106
HON,7,201.0384
HON,8,199.7500
HON,9,198.5796
HON,10,199.9807
HON,11,200.0735
HON,12,198.2975
HON,13,198.0019
HON,14,197.8890
HON,15,198.6297
HON,16,197.4941
HON,17,199.4944
HON,18,199.9396
HON,19,199.7502
HON,20,196.5182
HON,21,197.7004
HON,22,201.9361
HON,23,205.0028
HON,24,207.0024
HON,25,206.1515
HON,26,207.4650
HON,27,209.4053
HON,28,210.3275
HON,29,209.9044
HON,30,209.0820
HON,31,211.4152
HON,32,212.9998
HON,33,210.8658
HON,34,209.6046
HON,35,205.6423
HON,36,204.3038
HON,37,204.3210
HON,38,208.0382
HON,39,204.5511
HON,40,210.6301
HON,41,213.1504
HON,42,211.6790
HON,43,209.4174
HON,44,214.7179
HON,45,215.4008
HON,46,216.0370
HON,47,215.1765
HON,48,216.9500
HON,49,218.5507
HON,50,216.3505
HON,51,216.8556
HON,52,212.4030
HON,53,210.8364
HON,54,214.4140
HON,55,214.9527
HON,56,210.6217
HON,57,206.4905
HON,58,206.8053
HON,59,205.5744
HON,60,208.3826
HON,61,205.7534
HON,62,202.8365
HON,63,203.4925
HON,64,209.1313
HON,65,211.9203
HON,66,207.9768
HON,67,207.7857
HON,68,207.9886
HON,69,203.7683
HON,70,203.4867
HON,71,209.3274
HON,72,207.2639
HON,73,199.6388
HON,74,199.2549
HON,75,195.9136
HON,76,198.0306
HON,77,197.2042
HON,78,197.3793
HON,79,198.7748
HON,80,201.8195
HON,81,203.7626
HON,82,203.5920
HON,83,206.5078
HON,84,208.3024
HON,85,210.2177
HON,86,210.4063
HON,87,213.8473
HON,88,215.2300
HON,89,218.9194
HON,90,219.6728
HON,91,215.8702
HON,92,221.6253
HON,93,220.4168
HON,94,222.1078
HON,95,222.7075
HON,96,227.6423
HON,97,226.6510
HON,98,227.2323
HON,99,225.1734
HON,100,224.2657
HON,101,220.5503
HON,102,219.5684
HON,103,220.3177
HON,104,221.8470
HON,105,225.2019
HON,106,231.5972
HON,107,236.4206
HON,108,239.1390
HON,109,238.4921
HON,110,235.0624
HON,111,232.2425
HON,112,236.2906
HON,113,233.6027
HON,114,230.6348
HON,115,237.0028
HON,116,236.7400
HON,117,232.7037
HON,118,233.4879
HON,119,233.2067
HON,120,231.9240
HON,121,231.5612
HON,122,239.2531
HON,123,235.7280
HON,124,240.0810
HON,125,238.8838
HON,126,238.5485
HON,127,236.8871
HON,128,239.2973
HON,129,238.5737
HON,130,239.8504
HON,131,236.9154
HON,132,235.7975
HON,133,234.2231
HON,134,236.8809
HON,135,236.2191
HON,136,238.7431
HON,137,244.2202
HON,138,239.4156
HON,139,242.5739
HON,140,243.8389
HON,141,241.5719
HON,142,238.0429
HON,143,239.0245
HON,144,233.6922
HON,145,232.2706
HON,146,227.8134
HON,147,230.6010
HON,148,229.3310
HON,149,229.1840
HON,150,226.7539
HON,151,230.8098
HON,152,227.5865
HON,153,226.8565
HON,154,227.7325
HON,155,223.7523
HON,156,224.5277
HON,157,221.6418
HON,158,218.7893
HON,159,218.2670
HON,160,214.0484
HON,161,210.4461
HON,162,209.5580
HON,163,204.0577
HON,164,203.4322
HON,165,203.6325
HON,166,204.6235
HON,167,206.1135
HON,168,205.8314
HON,169,203.6417
HON,170,207.2172
HON,171,207.9647
HON,172,210.9951
HON,173,206.5786
HON,174,207.1701
HON,175,208.1748
HON,176,210.5473
HON,177,210.2061
HON,178,210.3130
HON,179,213.7925
HON,180,212.4408
HON,181,208.8232
HON,182,210.2281
HON,183,212.1352
HON,184,209.2082
HON,185,211.2765
HON,186,214.7888
HON,187,211.2744
HON,188,215.0099
HON,189,215.0182
HON,190,211.1637
HON,191,216.9891
HON,192,218.2518
HON,193,222.4395
HON,194,224.6125
HON,195,221.9899
HON,196,223.2214
HON,197,222.2078
HON,198,223.4597
HON,199,222.9851
HON,200,222.3895
HON,201,219.9622
HON,202,218.1714
HON,203,216.3797
HON,204,215.1092
HON,205,215.1215
HON,206,209.5318
HON,207,212.7627
HON,208,216.0230
HON,209,215.3715
HON,210,219.0461
HON,211,219.9429
HON,212,219.6924
HON,213,219.1362
HON,214,222.5867
HON,215,223.8254
HON,216,225.4617
HON,217,225.0070
HON,218,218.8302
HON,219,221.4289
HON,220,223.3478
HON,221,222.5740
HON,222,225.2530
HON,223,227.7133
HON,224,229.5264
HON,225,229.0307
HON,226,230.2629
HON,227,225.5386
HON,228,223.4367
HON,229,224.7672
HON,230,228.0639
HON,231,226.5462
HON,232,228.9423
HON,233,227.2796
HON,234,225.3397
HON,235,222.2359
HON,236,224.8057
HON,237,224.0400
HON,238,220.5186
HON,239,219.4289
HON,240,214.1503
HON,241,216.8284
HON,242,214.2875
HON,243,212.9647
HON,244,213.0672
HON,245,211.8781
HON,246,215.9197
HON,247,209.8413
HON,248,207.4695
HON,249,206.8514
HON,250,209.3559
HON,251,214.6410
HON,252,210.7654
HON,253,211.4968
HON,254,213.5926
HON,255,214.5541
HON,256,217.3868
HON,257,211.5337
HON,258,212.8902
HON,259,217.9384
HON,260,213.7560
HON,261,218.7410
HON,262,220.9229
HON,263,221.0522
HON,264,224.4991
HON,265,229.2312
HON,266,225.4765
HON,267,228.9073
HON,268,230.7138
HON,269,230.6347
HON,270,224.1935
HON,271,228.9494
HON,272,227.6553
HON,273,222.7906
HON,274,227.1306
HON,275,226.7059
HON,276,235.0183
HON,277,234.1603
HON,278,236.0783
HON,279,238.8307
HON,280,238.4702
HON,281,235.6214
HON,282,230.4850
HON,283,226.7181
HON,284,224.9132
HON,285,223.2568
HON,286,226.7004
HON,287,226.3772
HON,288,229.5123
HON,289,226.4235
HON,290,228.9044
HON,291,226.4062
HON,292,227.6676
HON,293,229.4867
HON,294,230.0430
HON,295,225.5475
HON,296,227.4914
HON,297,233.1604
HON,298,237.3866
HON,299,235.9957
HON,300,238.8441
HON,301,241.9010
HON,302,238.9903
HON,303,240.8764
HON,304,233.7674
HON,305,235.9473
HON,306,232.7438
HON,307,230.5392
HON,308,227.5695
HON,309,223.6802
HON,310,226.2979
HON,311,229.8030
HON,312,231.5061
HON,313,231.6506
HON,314,233.1796
HON,315,233.3658
HON,316,233.1321
HON,317,231.2501
HON,318,231.3064
HON,319,231.4493
HON,320,227.7402
HON,321,230.3123
HON,322,227.9548
HON,323,225.1407
HON,324,224.2213
HON,325,220.0128
HON,326,223.7122
HON,327,222.6901
HON,328,222.0383
HON,329,225.9604
HON,330,224.8626
HON,331,227.5373
HON,332,230.7219
HON,333,226.4291
HON,334,225.2969
HON,335,228.5269
HON,336,226.7226
HON,337,226.0398
HON,338,227.0227
HON,339,229.0876
HON,340,228.2248
HON,341,227.3884
HON,342,228.1098
HON,343,230.3169
HON,344,232.6094
HON,345,230.0187
HON,346,230.6737
HON,347,229.9827
HON,348,224.9378
HON,349,224.5625
HON,350,226.2773
HON,351,231.3293
HON,352,234.6978
HON,353,233.7935
HON,354,235.4719
HON,355,234.6764
HON,356,233.0201
HON,357,232.4589
HON,358,233.6708
HON,359,236.0302
HON,360,239.2517
HON,361,241.6060
HON,362,241.0487
HON,363,236.0746
HON,364,236.0931
HON,365,232.0843
HON,366,233.2208
HON,367,232.7263
HON,368,232.2602
HON,369,231.3337
HON,370,229.0103
HON,371,229.9977
HON,372,231.8772
HON,373,231.2730
HON,374,233.9428
HON,375,234.3523
HON,376,231.6557
HON,377,234.5208
HON,378,239.3733
HON,379,238.3574
HON,380,242.6907
HON,381,245.5933
HON,382,247.8562
HON,383,247.9134
HON,384,247.9493
HON,385,255.4100
HON,386,254.0560
HON,387,254.6394
HON,388,255.9797
HON,389,252.5539
HON,390,247.9247
HON,391,248.9874
HON,392,245.3976
HON,393,247.5845
HON,394,248.7757
HON,395,249.2759
HON,396,246.2603
HON,397,251.6760
HON,398,251.3468
HON,399,255.1739
HON,400,253.1156
HON,401,249.5636
HON,402,247.9100
HON,403,246.7663
HON,404,247.7680
HON,405,243.8688
HON,406,246.1193
HON,407,242.8786
HON,408,246.1427
HON,409,244.2268
HON,410,244.4007
HON,411,248.3004
HON,412,246.5627
HON,413,252.6888
HON,414,252.7827
HON,415,248.1820
HON,416,255.8792
HON,417,254.4168
HON,418,252.8640
HON,419,247.2025
HON,420,250.5632
HON,421,247.2477
HON,422,247.4296
HON,423,248.4274
HON,424,253.1531
HON,425,251.2639
HON,426,251.6858
HON,427,255.8030
HON,428,252.8997
HON,429,253.0836
HON,430,247.4717
HON,431,246.2071
HON,432,250.8328
HON,433,249.4991
HON,434,244.9152
HON,435,244.1146
HON,436,247.9380
HON,437,248.5822
HON,438,255.6012
HON,439,249.3054
HON,440,253.4029
HON,441,250.4636
HON,442,254.6905
HON,443,255.1025
HON,444,258.7774
HON,445,262.9588
HON,446,264.3595
HON,447,267.9696
HON,448,275.3176
HON,449,274.8651
HON,450,277.7867
HON,451,279.3681
HON,452,280.4527
HON,453,279.5185
HON,454,278.5040
HON,455,278.9719
HON,456,279.3596
HON,457,281.9320
HON,458,285.8669
HON,459,282.9022
HON,460,288.9988
HON,461,289.1755
HON,462,287.4678
HON,463,288.5661
HON,464,285.9643
HON,465,284.0635
HON,466,284.8782
HON,467,288.9029
HON,468,286.5683
HON,469,284.5909
HON,470,282.3605
HON,471,280.4585
HON,472,282.9050
HON,473,285.0081
HON,474,287.7781
HON,475,289.1976
HON,476,290.3635
HON,477,288.5720
HON,478,289.2385
HON,479,289.7351
HON,480,288.7662
HON,481,293.2329
HON,482,299.5332
HON,483,301.5663
HON,484,305.3296
HON,485,302.2953
HON,486,308.2013
HON,487,306.0370
HON,488,306.5549
HON,489,308.1619
HON,490,309.9272
HON,491,315.4776
HON,492,315.0741
HON,493,318.2960
HON,494,323.5222
HON,495,324.2496
HON,496,325.2850
HON,497,324.1449
HON,498,326.1163
HON,499,321.7475
HON,500,320.1651
HON,501,323.9352
HON,502,320.9164
HON,503,322.1302
HON,504,323.6611
UPS,0,140.0000
UPS,1,137.3699
UPS,2,136.6862
UPS,3,136.9457
UPS,4,134.9712
UPS,5,138.3484
UPS,6,137.3876
UPS,7,138.0770
UPS,8,141.5212
UPS,9,137.0658
UPS,10,137.8395
UPS,11,138.5974
UPS,12,138.6235
UPS,13,136.9621
UPS,14,136.6040
UPS,15,137.4769
UPS,16,138.6632
UPS,17,137.5760
UPS,18,136.6162
UPS,19,137.6062
UPS,20,134.7282
UPS,21,133.3994
UPS,22,137.5683
UPS,23,138.9175
UPS,24,141.4276
UPS,25,141.0357
UPS,26,143.8746
UPS,27,144.7109
UPS,28,145.2612
UPS,29,147.0552
UPS,30,145.9328
UPS,31,148.9728
UPS,32,150.1236
UPS,33,149.0391
UPS,34,152.8105
UPS,35,150.1446
UPS,36,148.7188
UPS,37,147.8702
UPS,38,148.8023
UPS,39,147.7493
UPS,40,150.1184
UPS,41,149.9106
UPS,42,147.2070
UPS,43,140.7488
UPS,44,144.7292
UPS,45,141.1827
UPS,46,141.9082
UPS,47,137.2240
UPS,48,135.6190
UPS,49,133.1272
UPS,50,131.3198
UPS,51,133.4839
UPS,52,132.8165
UPS,53,130.1856
UPS,54,132.4532
UPS,55,133.0941
UPS,56,127.7087
UPS,57,125.6626
UPS,58,126.8865
UPS,59,122.9966
UPS,60,124.8881
UPS,61,123.3193
UPS,62,121.4682
UPS,63,122.6947
UPS,64,123.2574
UPS,65,124.8598
UPS,66,124.0679
UPS,67,124.7293
UPS,68,125.8656
UPS,69,126.3931
UPS,70,130.1307
UPS,71,134.1024
UPS,72,136.3386
UPS,73,133.1412
UPS,74,131.8984
UPS,75,126.2725
UPS,76,129.1916
UPS,77,127.3378
UPS,78,127.4139
UPS,79,126.7646
UPS,80,124.4819
UPS,81,123.2911
UPS,82,125.5682
UPS,83,127.2880
UPS,84,129.3508
UPS,85,129.6031
UPS,86,128.2932
UPS,87,126.6946
UPS,88,126.5079
UPS,89,127.0935
UPS,90,127.2272
UPS,91,126.2747
UPS,92,130.6742
UPS,93,128.1011
UPS,94,129.0530
UPS,95,127.2596
UPS,96,129.2753
UPS,97,130.1182
UPS,98,131.1256
UPS,99,128.7984
UPS,100,130.9809
UPS,101,131.1863
UPS,102,128.4822
UPS,103,126.4794
UPS,104,129.0766
UPS,105,131.5880
UPS,106,136.1885
UPS,107,136.4353
UPS,108,138.1208
UPS,109,136.9466
UPS,110,135.6535
UPS,111,135.7281
UPS,112,135.7431
UPS,113,133.8644
UPS,114,132.8139
UPS,115,135.6188
UPS,116,136.3017
UPS,117,137.6193
UPS,118,137.9191
UPS,119,141.6742
UPS,120,139.3245
UPS,121,140.3064
UPS,122,144.6536
UPS,123,143.2757
UPS,124,142.4503
UPS,125,141.5540
UPS,126,142.9411
UPS,127,141.3850
UPS,128,143.0432
UPS,129,140.8892
UPS,130,144.4063
UPS,131,144.9165
UPS,132,144.1052
UPS,133,140.8360
UPS,134,143.4955
UPS,135,146.2362
UPS,136,148.8308
UPS,137,151.4557
UPS,138,148.4294
UPS,139,150.1086
UPS,140,150.7118
UPS,141,144.9239
UPS,142,141.6829
UPS,143,142.0314
UPS,144,142.0694
UPS,145,138.7025
UPS,146,136.2024
UPS,147,137.0906
UPS,148,137.6038
UPS,149,135.4422
UPS,150,134.0726
UPS,151,135.6132
UPS,152,136.1765
UPS,153,132.1373
UPS,154,130.2343
UPS,155,128.8340
UPS,156,128.6882
UPS,157,128.0166
UPS,158,125.7406
UPS,159,123.5342
UPS,160,121.6319
UPS,161,118.1894
UPS,162,118.8506
UPS,163,116.9217
UPS,164,115.1693
UPS,165,118.7717
UPS,166,121.7661
UPS,167,123.0486
UPS,168,124.1061
UPS,169,123.9704
UPS,170,124.6822
UPS,171,127.0976
UPS,172,129.5554
UPS,173,124.6261
UPS,174,123.0848
UPS,175,123.1769
UPS,176,126.4380
UPS,177,126.7051
UPS,178,128.2035
UPS,179,131.4833
UPS,180,131.8939
UPS,181,132.4722
UPS,182,132.0804
UPS,183,130.5876
UPS,184,130.1442
UPS,185,131.0666
UPS,186,129.4810
UPS,187,123.8634
UPS,188,125.1951
UPS,189,124.3889
UPS,190,122.1666
UPS,191,122.8448
UPS,192,123.1542
UPS,193,125.0225
UPS,194,126.4209
UPS,195,126.8403
UPS,196,129.6415
UPS,197,130.1342
UPS,198,130.5606
UPS,199,130.5835
UPS,200,129.9218
UPS,201,132.3870
UPS,202,131.0156
UPS,203,132.5961
UPS,204,134.5960
UPS,205,133.3217
UPS,206,132.8310
UPS,207,132.7352
UPS,208,134.6601
UPS,209,133.7345
UPS,210,138.5062
UPS,211,140.7366
UPS,212,142.4796
UPS,213,139.9199
UPS,214,142.1527
UPS,215,140.6939
UPS,216,141.1854
UPS,217,141.2256
UPS,218,138.2600
UPS,219,139.2430
UPS,220,140.9955
UPS,221,139.9691
UPS,222,139.7755
UPS,223,141.6563
UPS,224,141.1223
UPS,225,141.1361
UPS,226,143.5816
UPS,227,141.1281
UPS,228,140.8588
UPS,229,143.5188
UPS,230,143.5580
UPS,231,142.5602
UPS,232,143.7386
UPS,233,144.4332
UPS,234,143.2468
UPS,235,142.9830
UPS,236,140.6853
UPS,237,139.7604
UPS,238,135.9062
UPS,239,137.5899
UPS,240,134.2672
UPS,241,133.1015
UPS,242,134.0974
UPS,243,131.9399
UPS,244,133.7006
UPS,245,132.4020
UPS,246,133.8001
UPS,247,130.7338
UPS,248,134.5169
UPS,249,133.5983
UPS,250,136.4817
UPS,251,139.9927
UPS,252,139.2618
UPS,253,136.4361
UPS,254,137.8510
UPS,255,139.3532
UPS,256,140.6416
UPS,257,139.5731
UPS,258,141.7399
UPS,259,144.0418
UPS,260,141.3927
UPS,261,143.2682
UPS,262,143.5288
UPS,263,142.7850
UPS,264,145.1660
UPS,265,146.8736
UPS,266,143.0406
UPS,267,142.9309
UPS,268,144.7578
UPS,269,144.2314
UPS,270,143.5871
UPS,271,144.8381
UPS,272,144.9152
UPS,273,142.2492
UPS,274,144.5572
UPS,275,142.8456
UPS,276,149.7302
UPS,277,149.8571
UPS,278,150.9694
UPS,279,149.9611
UPS,280,148.1525
UPS,281,146.6709
UPS,282,143.0565
UPS,283,142.2987
UPS,284,139.9726
UPS,285,139.5089
UPS,286,144.4694
UPS,287,143.7463
UPS,288,145.9386
UPS,289,142.3144
UPS,290,142.9479
UPS,291,142.6087
UPS,292,140.9031
UPS,293,143.6345
UPS,294,141.3521
UPS,295,139.2346
UPS,296,139.5398
UPS,297,141.5111
UPS,298,145.9321
UPS,299,147.3532
UPS,300,148.8011
UPS,301,147.8410
UPS,302,147.8799
UPS,303,146.2902
UPS,304,143.8116
UPS,305,148.7629
UPS,306,145.7040
UPS,307,147.2333
UPS,308,143.8376
UPS,309,141.2487
UPS,310,139.6365
UPS,311,139.1771
UPS,312,138.1463
UPS,313,142.0382
UPS,314,143.6690
UPS,315,141.8508
UPS,316,141.1063
UPS,317,137.5362
UPS,318,136.5438
UPS,319,139.3269
UPS,320,140.8945
UPS,321,143.5778
UPS,322,138.8980
UPS,323,136.1369
UPS,324,137.7878
UPS,325,136.0039
UPS,326,138.7015
UPS,327,138.1110
UPS,328,136.0254
UPS,329,138.4933
UPS,330,137.6069
UPS,331,140.6288
UPS,332,141.1993
UPS,333,139.7640
UPS,334,140.4461
UPS,335,141.5698
UPS,336,138.1499
UPS,337,137.9761
UPS,338,135.3378
UPS,339,137.8567
UPS,340,135.8905
UPS,341,139.5881
UPS,342,139.5079
UPS,343,137.9654
UPS,344,137.4134
UPS,345,137.7569
UPS,346,139.2537
UPS,347,137.3193
UPS,348,137.1328
UPS,349,137.6860
UPS,350,136.3556
UPS,351,138.5385
UPS,352,142.0367
UPS,353,143.9085
UPS,354,140.8809
UPS,355,136.4957
UPS,356,133.5882
UPS,357,133.3401
UPS,358,136.2345
UPS,359,137.5615
UPS,360,142.4438
UPS,361,140.4799
UPS,362,138.9239
UPS,363,138.2789
UPS,364,140.6098
UPS,365,137.2964
UPS,366,141.5336
UPS,367,138.3796
UPS,368,140.0838
UPS,369,141.1121
UPS,370,143.1922
UPS,371,144.5364
UPS,372,147.1451
UPS,373,146.4756
UPS,374,147.5130
UPS,375,148.0993
UPS,376,143.0640
UPS,377,143.3883
UPS,378,145.8047
UPS,379,145.8614
UPS,380,147.4286
UPS,381,145.9493
UPS,382,144.7732
UPS,383,146.0797
UPS,384,145.9334
UPS,385,145.2140
UPS,386,143.5757
UPS,387,141.8095
UPS,388,142.5940
UPS,389,140.4067
UPS,390,141.1276
UPS,391,141.7180
UPS,392,138.2899
UPS,393,142.3342
UPS,394,143.7951
UPS,395,145.4514
UPS,396,148.4326
UPS,397,152.2262
UPS,398,154.1431
UPS,399,158.1745
UPS,400,158.9443
UPS,401,159.0433
UPS,402,158.5797
UPS,403,156.8218
UPS,404,157.1052
UPS,405,154.3002
UPS,406,152.2077
UPS,407,147.0685
UPS,408,148.6764
UPS,409,151.3415
UPS,410,149.1370
UPS,411,150.9388
UPS,412,152.2378
UPS,413,156.9949
UPS,414,153.4975
UPS,415,152.0700
UPS,416,153.9115
UPS,417,154.2917
UPS,418,150.6236
UPS,419,149.7040
UPS,420,148.9671
UPS,421,148.6948
UPS,422,148.5547
UPS,423,149.2660
UPS,424,149.1163
UPS,425,145.6985
UPS,426,147.1729
UPS,427,147.7726
UPS,428,145.1049
UPS,429,141.9489
UPS,430,141.5127
UPS,431,138.0107
UPS,432,137.1391
UPS,433,136.0946
UPS,434,132.7319
UPS,435,132.4169
UPS,436,132.2531
UPS,437,129.3547
UPS,438,131.8707
UPS,439,131.2903
UPS,440,133.3126
UPS,441,130.4495
UPS,442,134.7041
UPS,443,134.9325
UPS,444,138.0781
UPS,445,138.9150
UPS,446,139.9299
UPS,447,141.7231
UPS,448,146.0993
UPS,449,144.5163
UPS,450,145.8192
UPS,451,142.5527
UPS,452,141.8316
UPS,453,138.9241
UPS,454,138.2283
UPS,455,139.0739
UPS,456,138.8354
UPS,457,140.7283
UPS,458,142.8094
UPS,459,140.8149
UPS,460,141.3324
UPS,461,141.3403
UPS,462,138.3906
UPS,463,138.7716
UPS,464,137.8832
UPS,465,140.0262
UPS,466,141.8795
UPS,467,145.1326
UPS,468,144.8489
UPS,469,142.3028
UPS,470,143.0891
UPS,471,143.7293
UPS,472,145.1317
UPS,473,147.4246
UPS,474,148.4498
UPS,475,148.8914
UPS,476,147.5028
UPS,477,148.5715
UPS,478,153.8350
UPS,479,153.2985
UPS,480,151.0756
UPS,481,153.3994
UPS,482,155.5003
UPS,483,155.9026
UPS,484,157.1012
UPS,485,158.2822
UPS,486,156.3643
UPS,487,153.1093
UPS,488,154.1150
UPS,489,156.0745
UPS,490,157.9816
UPS,491,161.0061
UPS,492,164.1743
UPS,493,167.7198
UPS,494,171.0380
UPS,495,169.0753
UPS,496,167.3061
UPS,497,163.8588
UPS,498,164.5084
UPS,499,160.1170
UPS,500,158.8123
UPS,501,158.3377
UPS,502,156.9237
UPS,503,155.6289
UPS,504,159.4740
RTX,0,100.0000
RTX,1,100.5460
RTX,2,102.0114
RTX,3,101.1711
RTX,4,101.0557
RTX,5,102.9426
RTX,6,99.2049
RTX,7,99.5705
RTX,8,97.2578
RTX,9,94.4541
RTX,10,94.8974
RTX,11,92.3371
RTX,12,93.2755
RTX,13,93.1873
RTX,14,93.7636
RTX,15,93.7694
RTX,16,96.0221
RTX,17,96.2672
RTX,18,93.7345
RTX,19,93.7416
RTX,20,90.8596
RTX,21,91.0921
RTX,22,91.7357
RTX,23,91.2203
RTX,24,92.0003
RTX,25,91.7006
RTX,26,93.5735
RTX,27,93.0622
RTX,28,94.6719
RTX,29,94.5866
RTX,30,93.3753
RTX,31,93.4661
RTX,32,94.8381
RTX,33,94.5756
RTX,34,93.7327
RTX,35,92.5234
RTX,36,90.6859
RTX,37,90.4020
RTX,38,93.1010
RTX,39,91.7189
RTX,40,94.0718
RTX,41,95.2744
RTX,42,93.7373
RTX,43,90.8034
RTX,44,91.1352
RTX,45,92.1849
RTX,46,90.9857
RTX,47,89.6829
RTX,48,88.6490
RTX,49,88.3941
RTX,50,87.2509
RTX,51,87.3940
RTX,52,85.3142
RTX,53,84.5371
RTX,54,85.2402
RTX,55,85.4862
RTX,56,82.7097
RTX,57,82.8250
RTX,58,84.9850
RTX,59,83.3625
RTX,60,82.5564
RTX,61,82.3347
RTX,62,82.4743
RTX,63,82.8938
RTX,64,83.1800
RTX,65,82.4740
RTX,66,82.4397
RTX,67,82.1042
RTX,68,82.1094
RTX,69,81.8282
RTX,70,80.0797
RTX,71,82.0950
RTX,72,82.6025
RTX,73,78.8089
RTX,74,79.2504
RTX,75,78.2237
RTX,76,79.3324
RTX,77,79.0852
RTX,78,78.2436
RTX,79,78.9316
RTX,80,78.1706
RTX,81,77.7922
RTX,82,78.2667
RTX,83,80.3958
RTX,84,80.9803
RTX,85,81.1619
RTX,86,80.8466
RTX,87,79.0913
RTX,88,77.9812
RTX,89,77.9290
RTX,90,78.2287
RTX,91,77.9543
RTX,92,79.5962
RTX,93,79.0279
RTX,94,79.9263
RTX,95,78.8354
RTX,96,80.5118
RTX,97,80.1313
RTX,98,79.3044
RTX,99,78.4174
RTX,100,78.7948
RTX,101,78.5290
RTX,102,76.6058
RTX,103,74.8238
RTX,104,75.3366
RTX,105,76.2904
RTX,106,78.7399
RTX,107,78.8745
RTX,108,79.2963
RTX,109,78.6723
RTX,110,76.4495
RTX,111,75.7184
RTX,112,76.4841
RTX,113,75.7670
RTX,114,75.5016
RTX,115,76.5182
RTX,116,76.7838
RTX,117,77.0664
RTX,118,77.4172
RTX,119,79.8834
RTX,120,78.9270
RTX,121,80.2109
RTX,122,80.2479
RTX,123,78.7550
RTX,124,81.0824
RTX,125,79.6398
RTX,126,80.2241
RTX,127,78.6998
RTX,128,78.0791
RTX,129,79.0389
RTX,130,79.7312
RTX,131,79.0900
RTX,132,78.3687
RTX,133,76.0588
RTX,134,76.8316
RTX,135,76.5939
RTX,136,76.2170
RTX,137,76.2487
RTX,138,75.8993
RTX,139,76.6281
RTX,140,77.6543
RTX,141,76.6753
RTX,142,74.8082
RTX,143,74.9816
RTX,144,73.2023
RTX,145,72.7140
RTX,146,70.9246
RTX,147,70.7552
RTX,148,69.9951
RTX,149,69.6718
RTX,150,69.2606
RTX,151,69.4758
RTX,152,68.7350
RTX,153,68.6238
RTX,154,67.4815
RTX,155,66.4590
RTX,156,67.0004
RTX,157,66.3922
RTX,158,64.7898
RTX,159,62.2625
RTX,160,61.3714
RTX,161,60.1759
RTX,162,58.9579
RTX,163,58.6944
RTX,164,57.9214
RTX,165,58.4427
RTX,166,58.5499
RTX,167,59.3716
RTX,168,59.8949
RTX,169,58.0494
RTX,170,58.3574
RTX,171,59.2871
RTX,172,60.4548
RTX,173,59.2885
RTX,174,58.7932
RTX,175,59.3042
RTX,176,60.9423
RTX,177,62.0240
RTX,178,63.3057
RTX,179,64.5883
RTX,180,65.2430
RTX,181,66.1065
RTX,182,66.5926
RTX,183,65.3620
RTX,184,64.8677
RTX,185,65.4727
RTX,186,66.9827
RTX,187,65.7976
RTX,188,64.4699
RTX,189,64.0778
RTX,190,62.6030
RTX,191,63.6787
RTX,192,63.1519
RTX,193,63.8053
RTX,194,64.3100
RTX,195,65.3052
RTX,196,65.4563
RTX,197,65.3580
RTX,198,65.4880
RTX,199,64.3488
RTX,200,63.6594
RTX,201,63.6036
RTX,202,62.4791
RTX,203,63.2001
RTX,204,63.2959
RTX,205,62.6967
RTX,206,61.3617
RTX,207,61.1938
RTX,208,62.5596
RTX,209,62.5338
RTX,210,63.0061
RTX,211,63.9965
RTX,212,63.4581
RTX,213,63.1676
RTX,214,64.2279
RTX,215,63.9384
RTX,216,62.8920
RTX,217,62.5077
RTX,218,60.8575
RTX,219,61.2315
RTX,220,62.2665
RTX,221,61.4090
RTX,222,61.4541
RTX,223,62.0938
RTX,224,62.5450
RTX,225,62.5783
RTX,226,62.9091
RTX,227,61.7580
RTX,228,62.6325
RTX,229,62.7738
RTX,230,63.1124
RTX,231,62.4864
RTX,232,63.1517
RTX,233,63.7092
RTX,234,64.9482
RTX,235,64.1505
RTX,236,64.8280
RTX,237,64.2981
RTX,238,63.5903
RTX,239,62.3331
RTX,240,59.9405
RTX,241,60.7945
RTX,242,60.7418
RTX,243,59.9172
RTX,244,61.2370
RTX,245,60.1686
RTX,246,61.3278
RTX,247,58.8477
RTX,248,58.7546
RTX,249,58.3032
RTX,250,59.2287
RTX,251,61.2421
RTX,252,61.1666
RTX,253,61.1831
RTX,254,62.4692
RTX,255,63.0862
RTX,256,64.2186
RTX,257,62.8689
RTX,258,62.1849
RTX,259,63.4068
RTX,260,61.9910
RTX,261,63.5197
RTX,262,63.6458
RTX,263,63.8210
RTX,264,65.3548
RTX,265,66.4458
RTX,266,65.2158
RTX,267,65.0011
RTX,268,65.4107
RTX,269,64.7777
RTX,270,64.7407
RTX,271,65.3205
RTX,272,65.6890
RTX,273,65.4521
RTX,274,65.6196
RTX,275,64.2579
RTX,276,66.8471
RTX,277,67.1224
RTX,278,67.6053
RTX,279,67.1420
RTX,280,67.1684
RTX,281,66.7517
RTX,282,65.6671
RTX,283,64.8861
RTX,284,65.3168
RTX,285,64.1104
RTX,286,67.1373
RTX,287,66.2371
RTX,288,67.3005
RTX,289,66.0407
RTX,290,66.0114
RTX,291,65.6512
RTX,292,66.8059
RTX,293,68.2690
RTX,294,68.3546
RTX,295,67.3834
RTX,296,66.6114
RTX,297,67.8831
RTX,298,68.8237
RTX,299,69.6192
RTX,300,69.9349
RTX,301,70.6045
RTX,302,70.1511
RTX,303,70.4083
RTX,304,70.3972
RTX,305,70.5717
RTX,306,70.0941
RTX,307,68.9931
RTX,308,68.7750
RTX,309,67.2901
RTX,310,66.3000
RTX,311,66.4024
RTX,312,66.2397
RTX,313,67.5379
RTX,314,66.5642
RTX,315,67.2592
RTX,316,67.1587
RTX,317,66.3451
RTX,318,66.1933
RTX,319,66.5695
RTX,320,66.4240
RTX,321,66.7069
RTX,322,65.7893
RTX,323,65.1882
RTX,324,65.2684
RTX,325,64.6458
RTX,326,64.1271
RTX,327,62.9437
RTX,328,63.2715
RTX,329,63.8179
RTX,330,63.7545
RTX,331,64.3114
RTX,332,64.9395
RTX,333,63.8188
RTX,334,63.7129
RTX,335,64.0399
RTX,336,63.8223
RTX,337,65.7594
RTX,338,64.8386
RTX,339,65.5341
RTX,340,66.7056
RTX,341,69.4781
RTX,342,70.3879
RTX,343,70.3170
RTX,344,71.0618
RTX,345,71.7399
RTX,346,72.3113
RTX,347,72.2545
RTX,348,71.3311
RTX,349,71.9106
RTX,350,75.0242
RTX,351,75.8082
RTX,352,78.0024
RTX,353,77.7759
RTX,354,78.6709
RTX,355,78.0215
RTX,356,76.7078
RTX,357,74.8949
RTX,358,75.3934
RTX,359,74.7474
RTX,360,76.1992
RTX,361,76.1464
RTX,362,75.8752
RTX,363,75.7818
RTX,364,76.3660
RTX,365,76.0880
RTX,366,76.5215
RTX,367,75.1033
RTX,368,74.4397
RTX,369,73.8128
RTX,370,72.3481
RTX,371,72.7072
RTX,372,72.7655
RTX,373,74.7754
RTX,374,76.2279
RTX,375,76.7020
RTX,376,74.5656
RTX,377,76.0714
RTX,378,76.8547
RTX,379,77.1218
RTX,380,76.3102
RTX,381,75.5355
RTX,382,75.9603
RTX,383,76.7978
RTX,384,76.6603
RTX,385,76.7196
RTX,386,75.4091
RTX,387,75.2438
RTX,388,74.9740
RTX,389,74.2435
RTX,390,74.9779
RTX,391,75.1198
RTX,392,73.7042
RTX,393,75.7113
RTX,394,76.7373
RTX,395,77.2896
RTX,396,78.8392
RTX,397,80.3383
RTX,398,81.7449
RTX,399,81.9423
RTX,400,82.3118
RTX,401,82.3320
RTX,402,83.6817
RTX,403,84.0456
RTX,404,84.7037
RTX,405,82.8782
RTX,406,83.0878
RTX,407,81.5234
RTX,408,80.3129
RTX,409,80.9636
RTX,410,80.0366
RTX,411,80.6708
RTX,412,80.4479
RTX,413,82.2837
RTX,414,81.4721
RTX,415,79.5615
RTX,416,81.7359
RTX,417,81.5208
RTX,418,80.4823
RTX,419,80.0623
RTX,420,79.6770
RTX,421,78.8054
RTX,422,79.8695
RTX,423,78.9883
RTX,424,80.1985
RTX,425,77.1104
RTX,426,77.1603
RTX,427,77.2805
RTX,428,76.6931
RTX,429,76.6594
RTX,430,74.9712
RTX,431,74.7687
RTX,432,76.7395
RTX,433,75.7001
RTX,434,74.7341
RTX,435,75.7969
RTX,436,76.5653
RTX,437,75.5836
RTX,438,78.7103
RTX,439,77.3054
RTX,440,78.6120
RTX,441,76.5111
RTX,442,79.0209
RTX,443,78.9617
RTX,444,80.7267
RTX,445,82.3591
RTX,446,81.8574
RTX,447,81.9381
RTX,448,84.9563
RTX,449,86.6342
RTX,450,87.3128
RTX,451,87.3930
RTX,452,88.1034
RTX,453,87.2130
RTX,454,85.7896
RTX,455,85.8110
RTX,456,87.8535
RTX,457,90.4344
RTX,458,92.1064
RTX,459,90.8208
RTX,460,90.8328
RTX,461,89.5438
RTX,462,87.9411
RTX,463,87.8137
RTX,464,86.9451
RTX,465,88.4302
RTX,466,89.7199
RTX,467,92.1279
RTX,468,91.4230
RTX,469,90.8833
RTX,470,92.8815
RTX,471,91.6468
RTX,472,91.3818
RTX,473,90.3231
RTX,474,89.4093
RTX,475,89.5210
RTX,476,87.8575
RTX,477,87.4055
RTX,478,87.0794
RTX,479,86.5327
RTX,480,87.5140
RTX,481,87.6344
RTX,482,88.6228
RTX,483,88.7857
RTX,484,90.0563
RTX,485,90.1932
RTX,486,88.9125
RTX,487,88.6374
RTX,488,90.7479
RTX,489,92.0486
RTX,490,94.1148
RTX,491,95.9894
RTX,492,97.0061
RTX,493,98.0041
RTX,494,99.0736
RTX,495,98.4080
RTX,496,97.7151
RTX,497,97.4046
RTX,498,98.5302
RTX,499,97.8853
RTX,500,95.2402
RTX,501,96.9391
RTX,502,96.3894
RTX,503,95.4507
RTX,504,95.2698
LMT,0,460.0000
LMT,1,473.4522
LMT,2,478.6067
LMT,3,479.9129
LMT,4,476.1004
LMT,5,482.5787
LMT,6,475.8629
LMT,7,468.0539
LMT,8,467.3305
LMT,9,457.3738
LMT,10,464.7165
LMT,11,455.5272
LMT,12,463.6798
LMT,13,468.5378
LMT,14,470.0205
LMT,15,472.3647
LMT,16,468.4652
LMT,17,474.8278
LMT,18,472.9519
LMT,19,471.8274
LMT,20,458.1436
LMT,21,454.1921
LMT,22,460.9868
LMT,23,468.1607
LMT,24,473.5614
LMT,25,471.8038
LMT,26,478.1262
LMT,27,480.2247
LMT,28,481.2658
LMT,29,483.0448
LMT,30,482.6620
LMT,31,492.1154
LMT,32,490.2060
LMT,33,484.7904
LMT,34,493.4698
LMT,35,480.2253
LMT,36,474.6261
LMT,37,469.1533
LMT,38,471.1588
LMT,39,466.4547
LMT,40,471.4414
LMT,41,474.4691
LMT,42,464.5364
LMT,43,453.2250
LMT,44,459.7555
LMT,45,451.6441
LMT,46,453.2598
LMT,47,453.2764
LMT,48,454.7359
LMT,49,452.9396
LMT,50,460.1028
LMT,51,458.3109
LMT,52,448.1325
LMT,53,440.3590
LMT,54,436.0215
LMT,55,442.7876
LMT,56,431.2907
LMT,57,426.8267
LMT,58,433.3931
LMT,59,430.7816
LMT,60,430.7953
LMT,61,418.8203
LMT,62,419.2287
LMT,63,422.4652
LMT,64,419.1659
LMT,65,416.4522
LMT,66,412.9944
LMT,67,411.6611
LMT,68,409.1603
LMT,69,406.3944
LMT,70,403.4443
LMT,71,412.5821
LMT,72,413.4725
LMT,73,403.1985
LMT,74,403.9941
LMT,75,388.5416
LMT,76,391.1383
LMT,77,397.0963
LMT,78,403.8448
LMT,79,406.0992
LMT,80,407.0393
LMT,81,407.1389
LMT,82,409.9068
LMT,83,411.3240
LMT,84,426.8791
LMT,85,424.8114
LMT,86,421.9383
LMT,87,422.5554
LMT,88,417.8255
LMT,89,420.5159
LMT,90,424.3994
LMT,91,417.4650
LMT,92,420.2807
LMT,93,413.1113
LMT,94,421.2903
LMT,95,416.7797
LMT,96,419.7056
LMT,97,420.2554
LMT,98,419.7274
LMT,99,418.7727
LMT,100,423.8955
LMT,101,424.2985
LMT,102,418.3582
LMT,103,415.0586
LMT,104,423.8280
LMT,105,425.5621
LMT,106,430.9418
LMT,107,431.3097
LMT,108,431.9591
LMT,109,431.2444
LMT,110,425.0438
LMT,111,421.3658
LMT,112,424.1198
LMT,113,426.0891
LMT,114,424.1556
LMT,115,421.6897
LMT,116,427.0767
LMT,117,421.2873
LMT,118,414.8655
LMT,119,420.1572
LMT,120,417.5832
LMT,121,415.8870
LMT,122,434.4926
LMT,123,435.1084
LMT,124,431.4072
LMT,125,424.9798
LMT,126,428.0208
LMT,127,431.0486
LMT,128,427.8783
LMT,129,421.4540
LMT,130,423.9907
LMT,131,423.1604
LMT,132,420.4457
LMT,133,418.2189
LMT,134,420.0552
LMT,135,424.5467
LMT,136,426.8286
LMT,137,433.2240
LMT,138,421.7326
LMT,139,424.0997
LMT,140,421.9216
LMT,141,417.7883
LMT,142,405.7135
LMT,143,410.2558
LMT,144,406.8170
LMT,145,403.1288
LMT,146,397.7976
LMT,147,397.6189
LMT,148,402.5572
LMT,149,407.0592
LMT,150,408.1539
LMT,151,406.6064
LMT,152,409.6235
LMT,153,411.8795
LMT,154,413.4203
LMT,155,410.8982
LMT,156,414.1469
LMT,157,415.0745
LMT,158,407.9263
LMT,159,410.3667
LMT,160,403.3016
LMT,161,394.5737
LMT,162,389.5149
LMT,163,388.2366
LMT,164,382.3822
LMT,165,383.3244
LMT,166,383.0943
LMT,167,382.9321
LMT,168,384.5881
LMT,169,379.6483
LMT,170,382.1257
LMT,171,392.1607
LMT,172,400.5346
LMT,173,394.8424
LMT,174,386.8450
LMT,175,389.7784
LMT,176,395.4742
LMT,177,395.5742
LMT,178,392.7301
LMT,179,405.2707
LMT,180,405.7610
LMT,181,403.1496
LMT,182,404.6788
LMT,183,401.8729
LMT,184,400.5157
LMT,185,406.9123
LMT,186,406.9802
LMT,187,397.3849
LMT,188,402.1933
LMT,189,403.0910
LMT,190,396.8616
LMT,191,409.7056
LMT,192,412.4420
LMT,193,418.5377
LMT,194,420.0380
LMT,195,422.5848
LMT,196,423.0093
LMT,197,431.0234
LMT,198,441.9226
LMT,199,437.5569
LMT,200,430.1951
LMT,201,429.5238
LMT,202,421.4963
LMT,203,426.5757
LMT,204,425.9494
LMT,205,421.1837
LMT,206,413.1592
LMT,207,415.1340
LMT,208,417.3495
LMT,209,412.9310
LMT,210,423.9282
LMT,211,425.0756
LMT,212,431.6081
LMT,213,433.3637
LMT,214,439.3563
LMT,215,443.6230
LMT,216,438.0966
LMT,217,436.3800
LMT,218,425.9406
LMT,219,429.5224
LMT,220,431.0945
LMT,221,429.7043
LMT,222,427.2882
LMT,223,425.7415
LMT,224,420.9871
LMT,225,429.2993
LMT,226,433.8875
LMT,227,433.8537
LMT,228,440.3503
LMT,229,440.1794
LMT,230,443.8488
LMT,231,442.0550
LMT,232,438.8992
LMT,233,439.0436
LMT,234,435.1084
LMT,235,437.2011
LMT,236,440.6932
LMT,237,435.0276
LMT,238,433.6202
LMT,239,431.4036
LMT,240,422.3908
LMT,241,420.1283
LMT,242,420.8173
LMT,243,421.1675
LMT,244,425.5437
LMT,245,420.9881
LMT,246,434.7154
LMT,247,424.8596
LMT,248,422.7635
LMT,249,417.8195
LMT,250,424.9781
LMT,251,433.7906
LMT,252,437.3373
LMT,253,437.9610
LMT,254,442.4903
LMT,255,445.6667
LMT,256,458.1236
LMT,257,450.5842
LMT,258,452.3152
LMT,259,457.3213
LMT,260,448.4036
LMT,261,457.4989
LMT,262,453.9825
LMT,263,456.4457
LMT,264,462.7008
LMT,265,469.0389
LMT,266,461.1826
LMT,267,456.8140
LMT,268,459.5562
LMT,269,457.5162
LMT,270,452.9348
LMT,271,459.4162
LMT,272,463.2939
LMT,273,459.3549
LMT,274,458.0666
LMT,275,460.0280
LMT,276,472.4311
LMT,277,471.7686
LMT,278,476.5817
LMT,279,477.8530
LMT,280,476.2865
LMT,281,475.7277
LMT,282,472.4883
LMT,283,466.9941
LMT,284,464.2667
LMT,285,460.9151
LMT,286,472.0481
LMT,287,467.9219
LMT,288,470.1205
LMT,289,471.1388
LMT,290,472.7422
LMT,291,474.6049
LMT,292,476.1989
LMT,293,481.0667
LMT,294,475.8131
LMT,295,472.5831
LMT,296,476.4713
LMT,297,488.6580
LMT,298,501.0316
LMT,299,502.1953
LMT,300,511.6367
LMT,301,514.8825
LMT,302,513.0855
LMT,303,514.5670
LMT,304,503.6451
LMT,305,516.8486
LMT,306,520.6684
LMT,307,523.4284
LMT,308,524.8392
LMT,309,518.6158
LMT,310,522.3068
LMT,311,524.6403
LMT,312,522.6076
LMT,313,523.9613
LMT,314,520.0945
LMT,315,525.3662
LMT,316,530.2060
LMT,317,527.4597
LMT,318,523.6700
LMT,319,522.3113
LMT,320,527.9128
LMT,321,525.1751
LMT,322,520.7567
LMT,323,515.8091
LMT,324,521.7370
LMT,325,526.4272
LMT,326,527.4314
LMT,327,522.4030
LMT,328,519.4311
LMT,329,522.3725
LMT,330,519.4968
LMT,331,524.2115
LMT,332,528.3036
LMT,333,520.6194
LMT,334,522.3893
LMT,335,527.1850
LMT,336,516.6117
LMT,337,515.9708
LMT,338,515.9407
LMT,339,522.9698
LMT,340,520.8488
LMT,341,526.1278
LMT,342,524.3776
LMT,343,530.6495
LMT,344,527.3257
LMT,345,524.7021
LMT,346,531.3410
LMT,347,526.4005
LMT,348,510.5642
LMT,349,507.9008
LMT,350,510.8649
LMT,351,515.6600
LMT,352,524.2501
LMT,353,536.5241
LMT,354,533.4881
LMT,355,535.8260
LMT,356,540.2320
LMT,357,535.2668
LMT,358,536.0803
LMT,359,527.9984
LMT,360,533.8814
LMT,361,535.0654
LMT,362,529.8558
LMT,363,526.5524
LMT,364,532.7980
LMT,365,528.7656
LMT,366,528.3749
LMT,367,519.5798
LMT,368,530.2411
LMT,369,534.1955
LMT,370,530.5300
LMT,371,534.1242
LMT,372,535.6385
LMT,373,539.5133
LMT,374,543.2731
LMT,375,541.2189
LMT,376,532.6937
LMT,377,538.0902
LMT,378,545.7538
LMT,379,546.0484
LMT,380,549.1063
LMT,381,553.0651
LMT,382,554.2259
LMT,383,557.2782
LMT,384,556.2163
LMT,385,559.7720
LMT,386,547.2643
LMT,387,541.5398
LMT,388,540.4942
LMT,389,538.5841
LMT,390,539.0474
LMT,391,544.1785
LMT,392,537.9870
LMT,393,550.9429
LMT,394,555.1653
LMT,395,560.1962
LMT,396,561.6808
LMT,397,572.4721
LMT,398,573.2632
LMT,399,570.7657
LMT,400,575.3344
LMT,401,571.7877
LMT,402,562.4261
LMT,403,562.6282
LMT,404,562.0538
LMT,405,558.4053
LMT,406,555.4623
LMT,407,549.3566
LMT,408,547.8028
LMT,409,552.6992
LMT,410,550.6237
LMT,411,552.2219
LMT,412,556.2684
LMT,413,563.7572
LMT,414,555.2017
LMT,415,549.8907
LMT,416,558.1014
LMT,417,553.2627
LMT,418,536.5273
LMT,419,528.6043
LMT,420,515.1438
LMT,421,508.8031
LMT,422,504.6976
LMT,423,512.3306
LMT,424,510.0304
LMT,425,495.1204
LMT,426,493.6239
LMT,427,491.7515
LMT,428,489.1598
LMT,429,492.7184
LMT,430,490.3630
LMT,431,481.9643
LMT,432,492.8038
LMT,433,487.3296
LMT,434,484.5388
LMT,435,485.7760
LMT,436,489.0293
LMT,437,484.1580
LMT,438,492.6602
LMT,439,485.4335
LMT,440,489.2457
LMT,441,485.3225
LMT,442,491.9455
LMT,443,501.9822
LMT,444,507.2128
LMT,445,521.7561
LMT,446,524.1260
LMT,447,525.5063
LMT,448,538.0990
LMT,449,536.9117
LMT,450,540.1986
LMT,451,533.1680
LMT,452,540.7584
LMT,453,535.6318
LMT,454,532.7094
LMT,455,539.7629
LMT,456,547.1495
LMT,457,553.1312
LMT,458,562.8452
LMT,459,553.0266
LMT,460,556.7812
LMT,461,563.8044
LMT,462,564.2864
LMT,463,563.0905
LMT,464,555.7627
LMT,465,562.1551
LMT,466,564.9419
LMT,467,577.9702
LMT,468,577.1932
LMT,469,571.7484
LMT,470,562.5640
LMT,471,564.7428
LMT,472,567.1533
LMT,473,576.0045
LMT,474,584.6197
LMT,475,585.9618
LMT,476,585.3008
LMT,477,588.8030
LMT,478,599.0324
LMT,479,589.8369
LMT,480,583.8281
LMT,481,591.6487
LMT,482,596.4368
LMT,483,607.8167
LMT,484,617.7215
LMT,485,625.0296
LMT,486,631.4786
LMT,487,626.9273
LMT,488,642.0127
LMT,489,656.2260
LMT,490,656.8005
LMT,491,664.7764
LMT,492,668.4934
LMT,493,677.7134
LMT,494,676.3457
LMT,495,678.3830
LMT,496,670.7999
LMT,497,661.5507
LMT,498,677.6391
LMT,499,675.2141
LMT,500,673.4958
LMT,501,669.6529
LMT,502,674.4786
LMT,503,668.4883
LMT,504,672.7307
DE,0,380.0000
DE,1,384.9754
DE,2,387.6477
DE,3,386.6634
DE,4,392.9530
DE,5,394.6955
DE,6,384.5292
DE,7,394.9110
DE,8,389.5584
DE,9,381.5185
DE,10,383.2331
DE,11,376.1730
DE,12,377.8658
DE,13,379.8016
DE,14,384.7690
DE,15,387.2883
DE,16,386.9142
DE,17,385.3413
DE,18,382.8373
DE,19,387.0196
DE,20,375.9945
DE,21,371.5830
DE,22,385.1806
DE,23,389.1029
DE,24,383.0846
DE,25,385.1999
DE,26,396.9975
DE,27,411.0811
DE,28,417.8524
DE,29,422.5416
DE,30,427.2773
DE,31,427.0544
DE,32,427.9523
DE,33,421.1375
DE,34,421.6852
DE,35,409.8020
DE,36,402.4924
DE,37,388.9895
DE,38,396.7636
DE,39,391.7811
DE,40,402.1265
DE,41,399.6558
DE,42,383.9794
DE,43,375.9984
DE,44,382.4168
DE,45,382.3177
DE,46,378.0881
DE,47,377.8925
DE,48,373.5489
DE,49,378.9419
DE,50,381.0712
DE,51,383.1010
DE,52,363.8661
DE,53,356.6900
DE,54,360.0874
DE,55,362.8636
DE,56,357.7273
DE,57,355.6176
DE,58,356.2364
DE,59,346.5767
DE,60,347.0133
DE,61,341.9325
DE,62,335.6503
DE,63,336.5473
DE,64,343.6701
DE,65,341.9721
DE,66,340.1377
DE,67,344.4168
DE,68,344.8733
DE,69,347.3181
DE,70,353.3303
DE,71,363.2887
DE,72,368.4521
DE,73,366.2997
DE,74,363.7907
DE,75,354.5167
DE,76,360.7366
DE,77,355.8717
DE,78,353.8681
DE,79,356.0210
DE,80,351.9103
DE,81,349.6735
DE,82,349.6012
DE,83,351.4139
DE,84,356.2744
DE,85,363.9728
DE,86,356.1410
DE,87,355.2219
DE,88,348.7676
DE,89,355.9300
DE,90,354.3344
DE,91,353.4910
DE,92,365.7084
DE,93,357.5007
DE,94,358.4666
DE,95,366.8550
DE,96,377.3084
DE,97,368.7612
DE,98,364.8928
DE,99,360.9681
DE,100,358.3886
DE,101,364.8133
DE,102,354.0836
DE,103,350.5915
DE,104,354.4866
DE,105,362.1730
DE,106,374.8861
DE,107,370.3629
DE,108,369.3389
DE,109,369.1285
DE,110,364.9743
DE,111,356.3285
DE,112,359.1692
DE,113,346.5962
DE,114,352.2401
DE,115,354.3834
DE,116,355.9729
DE,117,352.3445
DE,118,356.3043
DE,119,355.2525
DE,120,354.8992
DE,121,354.4392
DE,122,364.2822
DE,123,358.0356
DE,124,363.5737
DE,125,359.1767
DE,126,358.5266
DE,127,354.3778
DE,128,355.5778
DE,129,361.6659
DE,130,365.9681
DE,131,364.5772
DE,132,365.6131
DE,133,352.4641
DE,134,360.5619
DE,135,364.4019
DE,136,369.1487
DE,137,369.8910
DE,138,360.1895
DE,139,360.8230
DE,140,351.0675
DE,141,343.4027
DE,142,335.1011
DE,143,337.7563
DE,144,330.9930
DE,145,324.5966
DE,146,313.3750
DE,147,320.2117
DE,148,321.0275
DE,149,313.6288
DE,150,310.2862
DE,151,312.4162
DE,152,312.0317
DE,153,306.1418
DE,154,306.7065
DE,155,296.3489
DE,156,298.3844
DE,157,296.4362
DE,158,287.2354
DE,159,281.6370
DE,160,281.9097
DE,161,280.1711
DE,162,276.3823
DE,163,272.9639
DE,164,269.1692
DE,165,266.4932
DE,166,268.1533
DE,167,270.5497
DE,168,269.6200
DE,169,274.5218
DE,170,275.6045
DE,171,286.1196
DE,172,293.1330
DE,173,285.5714
DE,174,284.0373
DE,175,286.6063
DE,176,295.6435
DE,177,293.1007
DE,178,293.7851
DE,179,300.2007
DE,180,297.2068
DE,181,294.1634
DE,182,290.7724
DE,183,284.0549
DE,184,285.5361
DE,185,283.6089
DE,186,278.3727
DE,187,271.3838
DE,188,272.2315
DE,189,276.3792
DE,190,273.0221
DE,191,281.1516
DE,192,278.3968
DE,193,282.0294
DE,194,285.4899
DE,195,286.9555
DE,196,292.2284
DE,197,295.5086
DE,198,300.1321
DE,199,300.3783
DE,200,299.6454
DE,201,294.7321
DE,202,287.3686
DE,203,285.3493
DE,204,280.7774
DE,205,284.8178
DE,206,275.3894
DE,207,274.3078
DE,208,280.8064
DE,209,279.9763
DE,210,282.7663
DE,211,281.7075
DE,212,287.2741
DE,213,285.8381
DE,214,285.5316
DE,215,287.5483
DE,216,281.0039
DE,217,278.4538
DE,218,268.7595
DE,219,268.2167
DE,220,276.0203
DE,221,267.5503
DE,222,267.4176
DE,223,273.7901
DE,224,275.5986
DE,225,278.3563
DE,226,278.1674
DE,227,269.3658
DE,228,271.6658
DE,229,274.4945
DE,230,280.0470
DE,231,276.1087
DE,232,279.5687
DE,233,279.1211
DE,234,280.9984
DE,235,281.6646
DE,236,276.5570
DE,237,281.7302
DE,238,281.3467
DE,239,281.1284
DE,240,274.8240
DE,241,276.0798
DE,242,272.8366
DE,243,269.5003
DE,244,266.4504
DE,245,261.3907
DE,246,264.7042
DE,247,257.3335
DE,248,264.6696
DE,249,261.5365
DE,250,268.4204
DE,251,278.8332
DE,252,279.9267
DE,253,283.9704
DE,254,283.6621
DE,255,296.2727
DE,256,297.2548
DE,257,285.2782
DE,258,280.0265
DE,259,281.1591
DE,260,276.6620
DE,261,277.6758
DE,262,280.9064
DE,263,278.5299
DE,264,283.5002
DE,265,289.1496
DE,266,283.7008
DE,267,280.5239
DE,268,280.1861
DE,269,281.3149
DE,270,275.8577
DE,271,280.7920
DE,272,281.5887
DE,273,277.7639
DE,274,287.0667
DE,275,288.2004
DE,276,302.5662
DE,277,305.8062
DE,278,303.2081
DE,279,307.1600
DE,280,305.1777
DE,281,309.0676
DE,282,300.6459
DE,283,295.7506
DE,284,301.0050
DE,285,295.9083
DE,286,303.7774
DE,287,299.4057
DE,288,303.9532
DE,289,300.2265
DE,290,303.2656
DE,291,301.0042
DE,292,307.6668
DE,293,317.8196
DE,294,321.3833
DE,295,318.7126
DE,296,321.3931
DE,297,327.9656
DE,298,332.2307
DE,299,336.4457
DE,300,333.0056
DE,301,329.9960
DE,302,328.2990
DE,303,326.9659
DE,304,317.9008
DE,305,324.1275
DE,306,329.4867
DE,307,323.7867
DE,308,322.6113
DE,309,317.6819
DE,310,321.0306
DE,311,328.3224
DE,312,326.4804
DE,313,331.6674
DE,314,333.7233
DE,315,330.8770
DE,316,336.7905
DE,317,334.4794
DE,318,331.2375
DE,319,340.9091
DE,320,328.8124
DE,321,323.5008
DE,322,317.2463
DE,323,313.9816
DE,324,313.7003
DE,325,310.0200
DE,326,300.4720
DE,327,303.8515
DE,328,305.6105
DE,329,306.8352
DE,330,302.7040
DE,331,306.0026
DE,332,304.9131
DE,333,295.9594
DE,334,290.4856
DE,335,298.2503
DE,336,291.2245
DE,337,295.0007
DE,338,297.6577
DE,339,304.8851
DE,340,304.1354
DE,341,316.2397
DE,342,311.9715
DE,343,312.9480
DE,344,319.3850
DE,345,321.6179
DE,346,319.2952
DE,347,317.9903
DE,348,313.0950
DE,349,314.2890
DE,350,317.5494
DE,351,320.6478
DE,352,326.0131
DE,353,334.7492
DE,354,330.6594
DE,355,325.8416
DE,356,328.2683
DE,357,329.0148
DE,358,335.2386
DE,359,343.4547
DE,360,344.6375
DE,361,349.3704
DE,362,349.9152
DE,363,342.7479
DE,364,352.9902
DE,365,349.1584
DE,366,353.9919
DE,367,344.7043
DE,368,347.6582
DE,369,346.5393
DE,370,343.6974
DE,371,346.7119
DE,372,353.6844
DE,373,356.6728
DE,374,361.7645
DE,375,361.2941
DE,376,345.8806
DE,377,344.4534
DE,378,347.3840
DE,379,339.1247
DE,380,336.1992
DE,381,336.4032
DE,382,332.8750
DE,383,341.5660
DE,384,331.1457
DE,385,337.5955
DE,386,331.1853
DE,387,330.2250
DE,388,328.2273
DE,389,323.5081
DE,390,329.0208
DE,391,326.7750
DE,392,332.6662
DE,393,339.9314
DE,394,338.6961
DE,395,336.6466
DE,396,336.2087
DE,397,339.7483
DE,398,344.5049
DE,399,349.8579
DE,400,352.8087
DE,401,356.4470
DE,402,359.1086
DE,403,357.8089
DE,404,361.1259
DE,405,346.9340
DE,406,348.4357
DE,407,337.2628
DE,408,345.8348
DE,409,354.4830
DE,410,354.0556
DE,411,362.8602
DE,412,369.2663
DE,413,375.2504
DE,414,371.0392
DE,415,370.1984
DE,416,365.7437
DE,417,365.5499
DE,418,367.7569
DE,419,359.7479
DE,420,357.0384
DE,421,354.4025
DE,422,361.5853
DE,423,358.3003
DE,424,364.3750
DE,425,351.4075
DE,426,351.1514
DE,427,347.2986
DE,428,349.1219
DE,429,348.3220
DE,430,346.7817
DE,431,339.9292
DE,432,341.3284
DE,433,332.6993
DE,434,323.6327
DE,435,339.1539
DE,436,342.6947
DE,437,343.6496
DE,438,352.1685
DE,439,343.8540
DE,440,359.5680
DE,441,354.3606
DE,442,371.6792
DE,443,381.8764
DE,444,385.4217
DE,445,394.3455
DE,446,393.4431
DE,447,393.0571
DE,448,402.9219
DE,449,394.3084
DE,450,403.8443
DE,451,403.3438
DE,452,410.8087
DE,453,405.3871
DE,454,393.9797
DE,455,402.5664
DE,456,406.0010
DE,457,406.2803
DE,458,419.0196
DE,459,411.0250
DE,460,418.7291
DE,461,421.2417
DE,462,411.5143
DE,463,417.3356
DE,464,399.7643
DE,465,404.9123
DE,466,413.4432
DE,467,419.8918
DE,468,416.3961
DE,469,416.7327
DE,470,416.8169
DE,471,415.4879
DE,472,419.6943
DE,473,421.2609
DE,474,423.4364
DE,475,428.4598
DE,476,429.9362
DE,477,430.0691
DE,478,423.4881
DE,479,421.4549
DE,480,412.4223
DE,481,421.5822
DE,482,431.2429
DE,483,438.5191
DE,484,450.1464
DE,485,438.8666
DE,486,431.9813
DE,487,423.1777
DE,488,431.3622
DE,489,440.7060
DE,490,452.8001
DE,491,457.8117
DE,492,467.6356
DE,493,486.8197
DE,494,490.2906
DE,495,494.4624
DE,496,492.3292
DE,497,486.3103
DE,498,482.8382
DE,499,466.6697
DE,500,463.3971
DE,501,457.8095
DE,502,462.5331
DE,503,464.6576
DE,504,460.7594
GE,0,160.0000
GE,1,162.9658
GE,2,165.7388
GE,3,165.8327
GE,4,166.9651
GE,5,169.3405
GE,6,165.8676
GE,7,170.5436
GE,8,170.7907
GE,9,165.5982
GE,10,167.5679
GE,11,166.9331
GE,12,166.9969
GE,13,166.4340
GE,14,167.2495
GE,15,164.4108
GE,16,164.5627
GE,17,167.1357
GE,18,164.4572
GE,19,170.1631
GE,20,166.7652
GE,21,167.4077
GE,22,167.7305
GE,23,169.8544
GE,24,172.2085
GE,25,173.2403
GE,26,174.9367
GE,27,181.5503
GE,28,185.4379
GE,29,187.1074
GE,30,183.4116
GE,31,180.7395
GE,32,185.4317
GE,33,184.2764
GE,34,185.4205
GE,35,181.2600
GE,36,182.2639
GE,37,181.2438
GE,38,183.8636
GE,39,180.7160
GE,40,187.3902
GE,41,191.6454
GE,42,187.7327
GE,43,185.0050
GE,44,188.1084
GE,45,184.5756
GE,46,181.6204
GE,47,183.7274
GE,48,185.1546
GE,49,184.6129
GE,50,182.9824
GE,51,184.9146
GE,52,179.3983
GE,53,179.2334
GE,54,179.4963
GE,55,184.3622
GE,56,175.5824
GE,57,169.5019
GE,58,170.3391
GE,59,166.2876
GE,60,168.2327
GE,61,166.6604
GE,62,164.7873
GE,63,167.9550
GE,64,166.5359
GE,65,166.2960
GE,66,167.3204
GE,67,164.9733
GE,68,167.3720
GE,69,162.9402
GE,70,165.1427
GE,71,174.8642
GE,72,173.4424
GE,73,170.2477
GE,74,172.8312
GE,75,164.9233
GE,76,168.2604
GE,77,168.0080
GE,78,165.3303
GE,79,163.4911
GE,80,163.0300
GE,81,160.3435
GE,82,160.8653
GE,83,160.4748
GE,84,162.5241
GE,85,162.0073
GE,86,163.1211
GE,87,158.2243
GE,88,158.4373
GE,89,160.0395
GE,90,163.0341
GE,91,161.7182
GE,92,168.0864
GE,93,166.5188
GE,94,169.6435
GE,95,169.3345
GE,96,172.2581
GE,97,168.7890
GE,98,169.4500
GE,99,168.5137
GE,100,170.7674
GE,101,170.4957
GE,102,166.9106
GE,103,164.2431
GE,104,164.8267
GE,105,166.9347
GE,106,168.7042
GE,107,167.4908
GE,108,167.4795
GE,109,165.5485
GE,110,164.6117
GE,111,165.1848
GE,112,170.0098
GE,113,167.8533
GE,114,167.1226
GE,115,167.3277
GE,116,168.6025
GE,117,167.7951
GE,118,169.2595
GE,119,173.2381
GE,120,171.4082
GE,121,173.3517
GE,122,176.1202
GE,123,172.5391
GE,124,179.7049
GE,125,178.4018
GE,126,177.9892
GE,127,176.9550
GE,128,177.2615
GE,129,178.0398
GE,130,177.0884
GE,131,178.8369
GE,132,180.4317
GE,133,177.7806
GE,134,177.1417
GE,135,179.9117
GE,136,184.8800
GE,137,179.5431
GE,138,178.0195
GE,139,183.9342
GE,140,184.4471
GE,141,176.4868
GE,142,172.7221
GE,143,174.8280
GE,144,171.9547
GE,145,171.3198
GE,146,169.1310
GE,147,170.8441
GE,148,170.4061
GE,149,167.5571
GE,150,170.9545
GE,151,172.4715
GE,152,169.3679
GE,153,167.5108
GE,154,164.7349
GE,155,163.2273
GE,156,164.6972
GE,157,165.4657
GE,158,166.8722
GE,159,162.9852
GE,160,158.8769
GE,161,156.6380
GE,162,151.7028
GE,163,148.4922
GE,164,146.6920
GE,165,146.5454
GE,166,145.7955
GE,167,152.9497
GE,168,155.2005
GE,169,156.1618
GE,170,154.9562
GE,171,158.1085
GE,172,158.5363
GE,173,159.7276
GE,174,157.0638
GE,175,159.5882
GE,176,160.6729
GE,177,161.1863
GE,178,162.8089
GE,179,167.8529
GE,180,170.2787
GE,181,168.6387
GE,182,170.6019
GE,183,168.1050
GE,184,170.6402
GE,185,173.1493
GE,186,174.6173
GE,187,169.2708
GE,188,165.3186
GE,189,169.1134
GE,190,165.7736
GE,191,166.7861
GE,192,168.7573
GE,193,172.5665
GE,194,172.8585
GE,195,175.8591
GE,196,176.9092
GE,197,180.2943
GE,198,181.0249
GE,199,181.4071
GE,200,183.3363
GE,201,182.9276
GE,202,177.4944
GE,203,179.4574
GE,204,184.5506
GE,205,181.7141
GE,206,177.0612
GE,207,179.7186
GE,208,184.4131
GE,209,183.4283
GE,210,183.6241
GE,211,186.1666
GE,212,185.3316
GE,213,182.8451
GE,214,186.1791
GE,215,186.7253
GE,216,186.2577
GE,217,185.0732
GE,218,179.9784
GE,219,178.9035
GE,220,178.3699
GE,221,176.9955
GE,222,179.0900
GE,223,179.5520
GE,224,180.8193
GE,225,179.4730
GE,226,183.1820
GE,227,180.0814
GE,228,180.4048
GE,229,183.8197
GE,230,181.8123
GE,231,181.4224
GE,232,183.2010
GE,233,181.7687
GE,234,178.3719
GE,235,173.8732
GE,236,168.0471
GE,237,169.3502
GE,238,163.6864
GE,239,161.4271
GE,240,158.9015
GE,241,156.7879
GE,242,157.0567
GE,243,156.2193
GE,244,153.8908
GE,245,151.0121
GE,246,155.9829
GE,247,148.7683
GE,248,150.4493
GE,249,148.0940
GE,250,148.1249
GE,251,154.7313
GE,252,153.3731
GE,253,156.8604
GE,254,159.0389
GE,255,161.5889
GE,256,165.6118
GE,257,160.8147
GE,258,161.2544
GE,259,167.2657
GE,260,166.5793
GE,261,169.3360
GE,262,168.0033
GE,263,168.8697
GE,264,170.8094
GE,265,172.2657
GE,266,167.1494
GE,267,172.6746
GE,268,179.3273
GE,269,177.9192
GE,270,171.8906
GE,271,171.4807
GE,272,170.4400
GE,273,169.9356
GE,274,173.8616
GE,275,169.1449
GE,276,173.8763
GE,277,175.5571
GE,278,177.6744
GE,279,174.6306
GE,280,172.8116
GE,281,169.4532
GE,282,165.8613
GE,283,164.5840
GE,284,160.9792
GE,285,159.3238
GE,286,163.7640
GE,287,162.8336
GE,288,166.7518
GE,289,164.1722
GE,290,168.4245
GE,291,169.5792
GE,292,171.8072
GE,293,176.5561
GE,294,174.7699
GE,295,173.0193
GE,296,170.2577
GE,297,169.5881
GE,298,173.4841
GE,299,173.4740
GE,300,176.1553
GE,301,179.5930
GE,302,174.8831
GE,303,171.4052
GE,304,167.3675
GE,305,174.0484
GE,306,174.8812
GE,307,174.3554
GE,308,174.3996
GE,309,174.5487
GE,310,175.8061
GE,311,178.6675
GE,312,174.4511
GE,313,175.5360
GE,314,176.0220
GE,315,181.6942
GE,316,182.8395
GE,317,176.8133
GE,318,174.2841
GE,319,174.2799
GE,320,176.3134
GE,321,179.7627
GE,322,179.6529
GE,323,176.8396
GE,324,176.9258
GE,325,173.2376
GE,326,170.5020
GE,327,170.2795
GE,328,171.5308
GE,329,174.7086
GE,330,175.6328
GE,331,175.9411
GE,332,176.5447
GE,333,177.7238
GE,334,178.1677
GE,335,181.9086
GE,336,176.9380
GE,337,178.3187
GE,338,174.9884
GE,339,178.6737
GE,340,176.0174
GE,341,182.5800
GE,342,181.0304
GE,343,178.9439
GE,344,180.1271
GE,345,172.6756
GE,346,178.0940
GE,347,179.3628
GE,348,176.7907
GE,349,175.9906
GE,350,175.0936
GE,351,176.5048
GE,352,181.3528
GE,353,184.9915
GE,354,182.3372
GE,355,186.8112
GE,356,189.8967
GE,357,188.6425
GE,358,190.1592
GE,359,189.5511
GE,360,192.7395
GE,361,188.2229
GE,362,192.4667
GE,363,189.8267
GE,364,190.5000
GE,365,187.8275
GE,366,188.4697
GE,367,181.7076
GE,368,185.5571
GE,369,189.8904
GE,370,192.9905
GE,371,196.6856
GE,372,199.8249
GE,373,199.8528
GE,374,197.0952
GE,375,195.1106
GE,376,191.9977
GE,377,192.1780
GE,378,199.8311
GE,379,200.6494
GE,380,201.8773
GE,381,202.2944
GE,382,204.0327
GE,383,202.0429
GE,384,201.1892
GE,385,200.8695
GE,386,194.2350
GE,387,193.4102
GE,388,194.0429
GE,389,187.1901
GE,390,187.4194
GE,391,188.6795
GE,392,189.8120
GE,393,192.9345
GE,394,192.6550
GE,395,193.5686
GE,396,193.5028
GE,397,198.9533
GE,398,200.8988
GE,399,199.9936
GE,400,197.7701
GE,401,193.2074
GE,402,189.3243
GE,403,187.0851
GE,404,192.2015
GE,405,187.5790
GE,406,182.2345
GE,407,183.2335
GE,408,183.7723
GE,409,181.9833
GE,410,186.6066
GE,411,192.1930
GE,412,191.1963
GE,413,196.1640
GE,414,196.9634
GE,415,196.9111
GE,416,198.9185
GE,417,203.0133
GE,418,203.5179
GE,419,197.7118
GE,420,195.5762
GE,421,193.1344
GE,422,193.2233
GE,423,190.7656
GE,424,192.8780
GE,425,186.3004
GE,426,185.8774
GE,427,190.0270
GE,428,191.0484
GE,429,191.2033
GE,430,189.2594
GE,431,188.7005
GE,432,189.6777
GE,433,185.9508
GE,434,188.0317
GE,435,190.3886
GE,436,193.3454
GE,437,197.2183
GE,438,203.9313
GE,439,202.9610
GE,440,210.2656
GE,441,211.2481
GE,442,215.6441
GE,443,215.0117
GE,444,220.7524
GE,445,230.0368
GE,446,231.2937
GE,447,232.6100
GE,448,243.1292
GE,449,250.1110
GE,450,254.8117
GE,451,252.6545
GE,452,260.6308
GE,453,261.5416
GE,454,262.0802
GE,455,258.6316
GE,456,264.4384
GE,457,270.6823
GE,458,279.0463
GE,459,274.0248
GE,460,284.5653
GE,461,284.1768
GE,462,278.4757
GE,463,276.4436
GE,464,269.6937
GE,465,272.2114
GE,466,279.5124
GE,467,286.0218
GE,468,290.0557
GE,469,287.0759
GE,470,283.5393
GE,471,284.1207
GE,472,292.5545
GE,473,295.3353
GE,474,296.4512
GE,475,297.1325
GE,476,296.9066
GE,477,300.9933
GE,478,295.6969
GE,479,293.9911
GE,480,287.9863
GE,481,293.1742
GE,482,301.3988
GE,483,306.8997
GE,484,309.4446
GE,485,313.3487
GE,486,308.9091
GE,487,311.3589
GE,488,318.8632
GE,489,328.0747
GE,490,327.4329
GE,491,342.0172
GE,492,346.2909
GE,493,349.0963
GE,494,358.1606
GE,495,361.9455
GE,496,356.8916
GE,497,358.4971
GE,498,365.2239
GE,499,360.5080
GE,500,358.1779
GE,501,363.4356
GE,502,359.4020
GE,503,365.8265
GE,504,368.3734
UNP,0,240.0000
UNP,1,240.2894
UNP,2,241.4271
UNP,3,240.0387
UNP,4,236.6601
UNP,5,241.3664
UNP,6,239.3479
UNP,7,243.8144
UNP,8,239.4528
UNP,9,237.6801
UNP,10,237.7690
UNP,11,235.8666
UNP,12,235.8460
UNP,13,233.0503
UNP,14,235.3215
UNP,15,239.1865
UNP,16,241.2826
UNP,17,240.8674
UNP,18,237.7053
UNP,19,236.4567
UNP,20,230.3757
UNP,21,234.1310
UNP,22,239.4391
UNP,23,243.9049
UNP,24,239.4309
UNP,25,243.6028
UNP,26,249.6683
UNP,27,254.9838
UNP,28,257.0162
UNP,29,258.0883
UNP,30,254.2649
UNP,31,254.5058
UNP,32,265.8712
UNP,33,262.4668
UNP,34,267.6896
UNP,35,261.5531
UNP,36,260.0216
UNP,37,257.4640
UNP,38,259.1679
UNP,39,259.1597
UNP,40,263.7218
UNP,41,267.8921
UNP,42,265.4389
UNP,43,260.7527
UNP,44,269.0060
UNP,45,268.7101
UNP,46,265.7815
UNP,47,258.6399
UNP,48,251.9498
UNP,49,251.8601
UNP,50,247.5398
UNP,51,243.0837
UNP,52,239.4199
UNP,53,230.2149
UNP,54,230.6554
UNP,55,234.5932
UNP,56,231.7992
UNP,57,229.4447
UNP,58,229.9306
UNP,59,225.7853
UNP,60,228.8590
UNP,61,222.6932
UNP,62,221.8034
UNP,63,225.4779
UNP,64,224.9285
UNP,65,223.8514
UNP,66,222.3942
UNP,67,222.2272
UNP,68,226.7050
UNP,69,224.2274
UNP,70,223.5057
UNP,71,231.2554
UNP,72,229.9947
UNP,73,225.9994
UNP,74,226.7768
UNP,75,220.2454
UNP,76,223.7556
UNP,77,221.7508
UNP,78,223.6430
UNP,79,222.3167
UNP,80,221.6060
UNP,81,223.6482
UNP,82,221.9645
UNP,83,225.7866
UNP,84,228.7727
UNP,85,231.5377
UNP,86,229.6529
UNP,87,226.8982
UNP,88,229.3129
UNP,89,235.4345
UNP,90,238.2289
UNP,91,238.9954
UNP,92,242.5829
UNP,93,240.8286
UNP,94,240.5086
UNP,95,237.3469
UNP,96,236.0378
UNP,97,240.5990
UNP,98,238.4979
UNP,99,239.3323
UNP,100,243.1623
UNP,101,243.2511
UNP,102,237.7600
UNP,103,234.5611
UNP,104,236.4161
UNP,105,233.0183
UNP,106,244.8814
UNP,107,242.4531
UNP,108,241.5998
UNP,109,237.3320
UNP,110,236.1743
UNP,111,233.1385
UNP,112,236.6693
UNP,113,233.2830
UNP,114,232.4836
UNP,115,238.8063
UNP,116,236.5477
UNP,117,239.3993
UNP,118,236.7253
UNP,119,235.6833
UNP,120,232.3873
UNP,121,235.9257
UNP,122,246.2501
UNP,123,245.6333
UNP,124,248.5488
UNP,125,247.4483
UNP,126,249.6686
UNP,127,246.1176
UNP,128,247.9756
UNP,129,244.9049
UNP,130,242.4740
UNP,131,242.3073
UNP,132,238.8857
UNP,133,232.5020
UNP,134,237.5410
UNP,135,239.3283
UNP,136,237.3908
UNP,137,240.4841
UNP,138,238.8842
UNP,139,239.7298
UNP,140,239.8118
UNP,141,235.2927
UNP,142,229.5505
UNP,143,229.3166
UNP,144,225.8435
UNP,145,224.2713
UNP,146,219.0979
UNP,147,217.6282
UNP,148,217.3730
UNP,149,212.6960
UNP,150,211.3734
UNP,151,210.8600
UNP,152,209.0810
UNP,153,209.0350
UNP,154,209.8736
UNP,155,208.9963
UNP,156,211.1272
UNP,157,212.4305
UNP,158,205.3733
UNP,159,203.7479
UNP,160,205.0385
UNP,161,199.4694
UNP,162,197.4440
UNP,163,193.0948
UNP,164,190.7952
UNP,165,192.4416
UNP,166,191.9321
UNP,167,192.4535
UNP,168,195.4994
UNP,169,191.8988
UNP,170,189.8163
UNP,171,191.8286
UNP,172,191.9877
UNP,173,188.8843
UNP,174,188.0233
UNP,175,188.0055
UNP,176,188.9451
UNP,177,188.9228
UNP,178,187.9028
UNP,179,190.2397
UNP,180,190.2671
UNP,181,188.7814
UNP,182,189.8256
UNP,183,190.4352
UNP,184,188.5855
UNP,185,196.0996
UNP,186,193.9711
UNP,187,189.1469
UNP,188,190.1174
UNP,189,188.3308
UNP,190,187.8259
UNP,191,193.9984
UNP,192,190.8434
UNP,193,198.2452
UNP,194,202.1953
UNP,195,201.2402
UNP,196,201.5082
UNP,197,201.5388
UNP,198,203.7288
UNP,199,200.7808
UNP,200,201.0878
UNP,201,202.5000
UNP,202,200.1719
UNP,203,201.9858
UNP,204,207.5220
UNP,205,205.3795
UNP,206,204.0313
UNP,207,207.8690
UNP,208,210.4112
UNP,209,211.3685
UNP,210,213.8511
UNP,211,217.5279
UNP,212,219.8595
UNP,213,217.0829
UNP,214,217.8761
UNP,215,217.5331
UNP,216,216.6005
UNP,217,214.9976
UNP,218,212.7632
UNP,219,213.7970
UNP,220,218.2410
UNP,221,217.7695
UNP,222,215.9766
UNP,223,213.3825
UNP,224,210.3096
UNP,225,209.7701
UNP,226,213.3203
UNP,227,212.2219
UNP,228,211.4790
UNP,229,215.0124
UNP,230,216.4490
UNP,231,212.1481
UNP,232,213.6125
UNP,233,212.5212
UNP,234,212.4475
UNP,235,210.5647
UNP,236,213.4783
UNP,237,211.9484
UNP,238,209.4804
UNP,239,207.1000
UNP,240,202.8465
UNP,241,203.3841
UNP,242,203.8496
UNP,243,198.1562
UNP,244,199.4543
UNP,245,196.4598
UNP,246,201.2071
UNP,247,195.7776
UNP,248,195.4858
UNP,249,193.9754
UNP,250,195.7582
UNP,251,201.5310
UNP,252,201.6874
UNP,253,205.2360
UNP,254,206.7499
UNP,255,206.4706
UNP,256,206.7189
UNP,257,200.7393
UNP,258,197.6871
UNP,259,204.0037
UNP,260,200.4955
UNP,261,201.7876
UNP,262,199.6916
UNP,263,194.8980
UNP,264,199.7379
UNP,265,200.6023
UNP,266,197.2110
UNP,267,196.6757
UNP,268,199.9654
UNP,269,196.7210
UNP,270,192.7966
UNP,271,195.4164
UNP,272,194.8435
UNP,273,193.8648
UNP,274,198.2509
UNP,275,196.0876
UNP,276,203.7882
UNP,277,203.7660
UNP,278,210.8786
UNP,279,210.9774
UNP,280,209.3246
UNP,281,207.0179
UNP,282,202.9458
UNP,283,201.0650
UNP,284,196.8593
UNP,285,194.0582
UNP,286,200.2681
UNP,287,199.0394
UNP,288,197.7635
UNP,289,193.4498
UNP,290,193.7042
UNP,291,192.3959
UNP,292,197.3221
UNP,293,201.8304
UNP,294,202.2733
UNP,295,199.8783
UNP,296,198.7899
UNP,297,201.5586
UNP,298,204.6361
UNP,299,207.6766
UNP,300,206.3806
UNP,301,206.7349
UNP,302,201.7224
UNP,303,206.2496
UNP,304,201.5035
UNP,305,204.7568
UNP,306,199.6321
UNP,307,199.5478
UNP,308,199.6723
UNP,309,194.0058
UNP,310,194.6795
UNP,311,199.0346
UNP,312,195.8885
UNP,313,199.3681
UNP,314,195.7597
UNP,315,197.1853
UNP,316,197.7651
UNP,317,194.5193
UNP,318,189.7480
UNP,319,192.6659
UNP,320,190.7687
UNP,321,193.4539
UNP,322,190.7021
UNP,323,188.0383
UNP,324,189.8732
UNP,325,187.2802
UNP,326,188.5451
UNP,327,187.9392
UNP,328,187.1780
UNP,329,190.2371
UNP,330,189.5737
UNP,331,192.1004
UNP,332,194.4032
UNP,333,189.3936
UNP,334,190.4207
UNP,335,188.4936
UNP,336,186.2266
UNP,337,190.2954
UNP,338,190.0916
UNP,339,192.2648
UNP,340,190.7919
UNP,341,195.5730
UNP,342,197.3442
UNP,343,196.8334
UNP,344,198.6198
UNP,345,201.3008
UNP,346,203.6731
UNP,347,203.0794
UNP,348,200.5854
UNP,349,198.7225
UNP,350,200.4223
UNP,351,201.2314
UNP,352,203.7079
UNP,353,205.2186
UNP,354,206.2458
UNP,355,203.2354
UNP,356,201.8290
UNP,357,203.7143
UNP,358,200.9185
UNP,359,202.4780
UNP,360,204.3139
UNP,361,200.5603
UNP,362,201.9109
UNP,363,197.8187
UNP,364,201.5253
UNP,365,196.6252
UNP,366,200.5414
UNP,367,199.8813
UNP,368,203.2415
UNP,369,207.5385
UNP,370,206.3328
UNP,371,208.1027
UNP,372,209.6894
UNP,373,213.2675
UNP,374,218.9327
UNP,375,218.7112
UNP,376,218.9145
UNP,377,215.9513
UNP,378,221.4905
UNP,379,222.7790
UNP,380,224.0190
UNP,381,224.1760
UNP,382,229.4563
UNP,383,229.5074
UNP,384,226.3806
UNP,385,230.8640
UNP,386,227.2387
UNP,387,223.4920
UNP,388,223.7442
UNP,389,220.4209
UNP,390,223.4015
UNP,391,224.3595
UNP,392,226.3130
UNP,393,226.4878
UNP,394,226.4066
UNP,395,230.4781
UNP,396,230.5586
UNP,397,236.4836
UNP,398,239.0490
UNP,399,237.5690
UNP,400,234.2714
UNP,401,232.9562
UNP,402,222.8592
UNP,403,221.0659
UNP,404,222.5168
UNP,405,219.1609
UNP,406,217.5060
UNP,407,210.8596
UNP,408,211.5067
UNP,409,212.7597
UNP,410,211.9927
UNP,411,214.6478
UNP,412,215.4839
UNP,413,217.3675
UNP,414,213.6192
UNP,415,205.6615
UNP,416,210.0336
UNP,417,213.1653
UNP,418,209.6528
UNP,419,205.9301
UNP,420,205.1052
UNP,421,198.3814
UNP,422,200.8232
UNP,423,203.5033
UNP,424,202.8965
UNP,425,200.8509
UNP,426,202.5554
UNP,427,202.3648
UNP,428,201.7558
UNP,429,204.5149
UNP,430,199.5553
UNP,431,198.5431
UNP,432,202.5211
UNP,433,202.1600
UNP,434,198.6657
UNP,435,199.7813
UNP,436,198.6767
UNP,437,197.8081
UNP,438,202.3830
UNP,439,199.5891
UNP,440,201.6778
UNP,441,198.2926
UNP,442,201.6863
UNP,443,207.1374
UNP,444,210.1139
UNP,445,213.0366
UNP,446,211.8854
UNP,447,212.3189
UNP,448,219.0196
UNP,449,217.8643
UNP,450,217.5477
UNP,451,218.3934
UNP,452,219.5667
UNP,453,217.2600
UNP,454,214.7423
UNP,455,213.1737
UNP,456,216.0837
UNP,457,216.4188
UNP,458,219.0474
UNP,459,217.1352
UNP,460,219.3223
UNP,461,223.4319
UNP,462,220.8280
UNP,463,221.6704
UNP,464,217.7160
UNP,465,216.9149
UNP,466,218.3906
UNP,467,222.1813
UNP,468,221.0895
UNP,469,219.9811
UNP,470,222.3398
UNP,471,220.9259
UNP,472,225.6008
UNP,473,225.9442
UNP,474,225.7581
UNP,475,230.2212
UNP,476,226.3709
UNP,477,225.1923
UNP,478,227.5917
UNP,479,222.4665
UNP,480,218.1867
UNP,481,220.8024
UNP,482,220.5678
UNP,483,223.8153
UNP,484,231.0303
UNP,485,233.2306
UNP,486,226.7654
UNP,487,225.7027
UNP,488,226.5113
UNP,489,230.7097
UNP,490,236.8605
UNP,491,243.9250
UNP,492,244.0870
UNP,493,248.2006
UNP,494,248.1187
UNP,495,248.8563
UNP,496,244.5107
UNP,497,242.7983
UNP,498,248.5659
UNP,499,244.1330
UNP,500,239.0173
UNP,501,240.3984
UNP,502,243.7889
UNP,503,241.9788
UNP,504,243.2865
FDX,0,270.0000
FDX,1,273.5188
FDX,2,275.9460
FDX,3,272.8727
FDX,4,268.1855
FDX,5,271.1383
FDX,6,264.3753
FDX,7,266.9691
FDX,8,262.5744
FDX,9,254.3318
FDX,10,260.0221
FDX,11,254.2478
FDX,12,256.5645
FDX,13,258.1514
FDX,14,256.5361
FDX,15,262.3888
FDX,16,264.5491
FDX,17,270.0921
FDX,18,273.2116
FDX,19,271.6351
FDX,20,259.1736
FDX,21,258.8577
FDX,22,252.9697
FDX,23,258.8454
FDX,24,258.5135
FDX,25,260.7773
FDX,26,255.6396
FDX,27,260.3575
FDX,28,264.7019
FDX,29,264.7821
FDX,30,259.5597
FDX,31,260.1780
FDX,32,258.2113
FDX,33,257.6129
FDX,34,260.0287
FDX,35,251.9058
FDX,36,251.5642
FDX,37,245.8680
FDX,38,248.6129
FDX,39,240.9711
FDX,40,250.6812
FDX,41,257.4609
FDX,42,253.5998
FDX,43,246.2108
FDX,44,253.2963
FDX,45,251.8958
FDX,46,256.2183
FDX,47,254.2517
FDX,48,249.2619
FDX,49,247.1543
FDX,50,244.0956
FDX,51,242.2856
FDX,52,237.1688
FDX,53,233.6410
FDX,54,237.9296
FDX,55,241.5766
FDX,56,236.1821
FDX,57,233.5731
FDX,58,238.4190
FDX,59,233.6208
FDX,60,229.8979
FDX,61,225.7990
FDX,62,223.8539
FDX,63,227.1599
FDX,64,227.6383
FDX,65,226.9060
FDX,66,224.6214
FDX,67,227.5150
FDX,68,224.7517
FDX,69,224.8353
FDX,70,233.2661
FDX,71,243.5662
FDX,72,242.4727
FDX,73,237.3670
FDX,74,236.9498
FDX,75,225.7505
FDX,76,228.5103
FDX,77,227.1379
FDX,78,228.9576
FDX,79,236.4256
FDX,80,239.4242
FDX,81,242.9969
FDX,82,247.8262
FDX,83,255.7072
FDX,84,258.5066
FDX,85,254.6536
FDX,86,255.3582
FDX,87,257.0363
FDX,88,255.9274
FDX,89,254.1687
FDX,90,258.8341
FDX,91,258.1509
FDX,92,264.5299
FDX,93,262.2222
FDX,94,267.4704
FDX,95,261.9399
FDX,96,259.9639
FDX,97,260.8705
FDX,98,259.8263
FDX,99,258.8014
FDX,100,260.6628
FDX,101,261.7717
FDX,102,254.2788
FDX,103,258.8924
FDX,104,255.7362
FDX,105,255.2709
FDX,106,271.1370
FDX,107,273.3504
FDX,108,277.2583
FDX,109,271.2854
FDX,110,262.1821
FDX,111,259.8175
FDX,112,268.1458
FDX,113,259.7731
FDX,114,258.4284
FDX,115,260.1242
FDX,116,258.8036
FDX,117,261.2045
FDX,118,262.8725
FDX,119,269.7759
FDX,120,268.9382
FDX,121,269.9026
FDX,122,283.1452
FDX,123,274.6117
FDX,124,277.3268
FDX,125,277.0593
FDX,126,287.9345
FDX,127,291.1964
FDX,128,295.5840
FDX,129,291.5630
FDX,130,292.0917
FDX,131,286.4548
FDX,132,283.8957
FDX,133,283.1625
FDX,134,281.9262
FDX,135,283.7514
FDX,136,286.3898
FDX,137,284.3950
FDX,138,283.1701
FDX,139,280.1074
FDX,140,276.8775
FDX,141,265.8556
FDX,142,252.2990
FDX,143,256.4773
FDX,144,250.1419
FDX,145,248.1354
FDX,146,239.1810
FDX,147,238.4262
FDX,148,239.1826
FDX,149,229.3356
FDX,150,228.7991
FDX,151,232.6234
FDX,152,232.4904
FDX,153,228.9393
FDX,154,227.6989
FDX,155,222.8300
FDX,156,222.7659
FDX,157,216.5212
FDX,158,213.1459
FDX,159,209.5845
FDX,160,205.9644
FDX,161,205.2244
FDX,162,199.7832
FDX,163,194.1691
FDX,164,189.1345
FDX,165,191.1511
FDX,166,193.7614
FDX,167,196.6280
FDX,168,201.2009
FDX,169,199.6948
FDX,170,196.3298
FDX,171,201.2855
FDX,172,207.4604
FDX,173,206.2784
FDX,174,202.4150
FDX,175,203.7364
FDX,176,207.7801
FDX,177,212.8921
FDX,178,212.1773
FDX,179,218.9884
FDX,180,217.5244
FDX,181,218.5894
FDX,182,217.2376
FDX,183,216.2764
FDX,184,213.0716
FDX,185,217.4495
FDX,186,217.3390
FDX,187,213.8515
FDX,188,212.3758
FDX,189,211.5009
FDX,190,207.9399
FDX,191,214.0713
FDX,192,219.1012
FDX,193,226.2833
FDX,194,230.0234
FDX,195,230.2569
FDX,196,226.3869
FDX,197,227.5321
FDX,198,226.8549
FDX,199,219.3091
FDX,200,222.5032
FDX,201,220.5372
FDX,202,221.8220
FDX,203,222.5943
FDX,204,228.9109
FDX,205,234.3770
FDX,206,233.9327
FDX,207,234.4193
FDX,208,238.1486
FDX,209,241.4514
FDX,210,248.4317
FDX,211,250.3122
FDX,212,248.4937
FDX,213,244.1660
FDX,214,250.4092
FDX,215,252.2126
FDX,216,250.3233
FDX,217,259.1175
FDX,218,254.4094
FDX,219,260.0829
FDX,220,268.0895
FDX,221,263.5505
FDX,222,271.5794
FDX,223,271.9548
FDX,224,265.7204
FDX,225,261.2970
FDX,226,267.4656
FDX,227,262.1690
FDX,228,264.8521
FDX,229,267.2019
FDX,230,274.1507
FDX,231,271.2251
FDX,232,272.8080
FDX,233,265.7245
FDX,234,264.7144
FDX,235,258.8896
FDX,236,254.1660
FDX,237,253.3019
FDX,238,250.6732
FDX,239,250.0506
FDX,240,243.4717
FDX,241,239.7030
FDX,242,244.0057
FDX,243,240.4715
FDX,244,240.9200
FDX,245,235.4683
FDX,246,249.4477
FDX,247,238.6397
FDX,248,242.3407
FDX,249,244.4964
FDX,250,248.3546
FDX,251,262.1499
FDX,252,258.9096
FDX,253,258.6586
FDX,254,267.8694
FDX,255,270.8019
FDX,256,276.6710
FDX,257,271.9946
FDX,258,273.7066
FDX,259,278.1614
FDX,260,275.1114
FDX,261,282.7004
FDX,262,288.5097
FDX,263,292.9548
FDX,264,297.2583
FDX,265,302.5335
FDX,266,302.0748
FDX,267,299.5241
FDX,268,304.6989
FDX,269,305.6792
FDX,270,301.3418
FDX,271,308.0110
FDX,272,309.4484
FDX,273,300.8572
FDX,274,306.5108
FDX,275,304.7501
FDX,276,320.0869
FDX,277,323.4063
FDX,278,327.6124
FDX,279,329.1442
FDX,280,328.5839
FDX,281,322.0978
FDX,282,316.2025
FDX,283,315.4055
FDX,284,307.3282
FDX,285,299.7308
FDX,286,313.1905
FDX,287,308.6390
FDX,288,317.3846
FDX,289,311.6126
FDX,290,315.2150
FDX,291,317.4270
FDX,292,321.2114
FDX,293,327.2821
FDX,294,334.7087
FDX,295,325.0751
FDX,296,325.9328
FDX,297,339.7723
FDX,298,353.6105
FDX,299,349.4068
FDX,300,353.7557
FDX,301,353.7516
FDX,302,353.1297
FDX,303,348.3355
FDX,304,345.6911
FDX,305,353.8072
FDX,306,357.6696
FDX,307,346.0578
FDX,308,338.9355
FDX,309,328.5350
FDX,310,327.4220
FDX,311,329.0909
FDX,312,328.1592
FDX,313,335.1256
FDX,314,326.6719
FDX,315,320.3256
FDX,316,316.6712
FDX,317,313.1682
FDX,318,303.6742
FDX,319,309.9207
FDX,320,309.6882
FDX,321,309.1601
FDX,322,308.9640
FDX,323,298.4973
FDX,324,302.7186
FDX,325,291.9129
FDX,326,289.9026
FDX,327,290.9934
FDX,328,286.9072
FDX,329,283.3633
FDX,330,286.4257
FDX,331,291.3446
FDX,332,297.0192
FDX,333,291.3777
FDX,334,292.2030
FDX,335,299.5025
FDX,336,288.9379
FDX,337,294.9752
FDX,338,297.4110
FDX,339,310.3640
FDX,340,305.0412
FDX,341,309.8383
FDX,342,308.4262
FDX,343,299.0628
FDX,344,299.5585
FDX,345,292.1148
FDX,346,294.8317
FDX,347,292.0281
FDX,348,280.2245
FDX,349,284.1652
FDX,350,293.4340
FDX,351,302.1977
FDX,352,309.2155
FDX,353,318.4470
FDX,354,320.7793
FDX,355,321.5175
FDX,356,319.3154
FDX,357,322.2332
FDX,358,324.2643
FDX,359,331.2459
FDX,360,333.4494
FDX,361,343.1329
FDX,362,340.3807
FDX,363,334.6976
FDX,364,346.4160
FDX,365,339.7019
FDX,366,345.4688
FDX,367,338.1464
FDX,368,339.5398
FDX,369,347.2761
FDX,370,347.5793
FDX,371,345.0169
FDX,372,344.2367
FDX,373,353.4896
FDX,374,359.1546
FDX,375,357.9490
FDX,376,354.5331
FDX,377,359.2203
FDX,378,369.8749
FDX,379,366.7287
FDX,380,363.8784
FDX,381,361.6149
FDX,382,359.1897
FDX,383,361.9594
FDX,384,360.6713
FDX,385,366.2554
FDX,386,361.0806
FDX,387,357.4533
FDX,388,351.7634
FDX,389,337.1919
FDX,390,340.2180
FDX,391,349.0492
FDX,392,345.5733
FDX,393,350.5711
FDX,394,357.6477
FDX,395,368.7191
FDX,396,362.4325
FDX,397,372.7757
FDX,398,383.5584
FDX,399,378.2395
FDX,400,380.7226
FDX,401,374.2505
FDX,402,369.2994
FDX,403,371.2391
FDX,404,369.8458
FDX,405,357.5966
FDX,406,349.5719
FDX,407,335.5325
FDX,408,339.5860
FDX,409,344.4728
FDX,410,339.0949
FDX,411,342.8744
FDX,412,343.0663
FDX,413,354.5028
FDX,414,352.2551
FDX,415,342.1316
FDX,416,350.4129
FDX,417,345.3252
FDX,418,333.9878
FDX,419,330.9468
FDX,420,326.6435
FDX,421,320.7362
FDX,422,325.1230
FDX,423,329.1781
FDX,424,323.4610
FDX,425,320.3927
FDX,426,320.6591
FDX,427,324.4915
FDX,428,324.4887
FDX,429,329.5716
FDX,430,324.8912
FDX,431,314.8930
FDX,432,317.1484
FDX,433,317.2042
FDX,434,310.3672
FDX,435,302.8141
FDX,436,304.7192
FDX,437,307.1640
FDX,438,315.0945
FDX,439,312.3451
FDX,440,318.7477
FDX,441,314.2305
FDX,442,320.7079
FDX,443,322.4718
FDX,444,322.9881
FDX,445,332.0795
FDX,446,331.0086
FDX,447,326.3483
FDX,448,341.8626
FDX,449,340.3002
FDX,450,342.8036
FDX,451,337.2147
FDX,452,335.8087
FDX,453,336.4451
FDX,454,333.7506
FDX,455,333.7318
FDX,456,335.9279
FDX,457,331.2310
FDX,458,343.4699
FDX,459,336.8126
FDX,460,333.8336
FDX,461,337.0141
FDX,462,333.2664
FDX,463,330.3377
FDX,464,324.7745
FDX,465,326.9102
FDX,466,329.1857
FDX,467,329.4096
FDX,468,335.0730
FDX,469,334.6522
FDX,470,328.2800
FDX,471,328.1303
FDX,472,331.7701
FDX,473,329.1728
FDX,474,328.8588
FDX,475,336.2924
FDX,476,332.3011
FDX,477,335.2967
FDX,478,331.9897
FDX,479,327.5568
FDX,480,330.0820
FDX,481,334.7615
FDX,482,335.1944
FDX,483,337.4018
FDX,484,342.4477
FDX,485,353.1264
FDX,486,353.6184
FDX,487,347.4112
FDX,488,352.5647
FDX,489,360.1936
FDX,490,375.5739
FDX,491,395.9395
FDX,492,401.1764
FDX,493,404.4645
FDX,494,411.6503
FDX,495,409.8712
FDX,496,399.1303
FDX,497,397.0283
FDX,498,401.1942
FDX,499,396.7712
FDX,500,391.1373
FDX,501,396.4886
FDX,502,405.4055
FDX,503,403.9833
FDX,504,403.7719
ETN,0,310.0000
ETN,1,313.3013
ETN,2,317.9862
ETN,3,318.2162
ETN,4,311.4826
ETN,5,312.0960
ETN,6,305.8779
ETN,7,307.5448
ETN,8,306.0461
ETN,9,303.9941
ETN,10,311.7041
ETN,11,316.0474
ETN,12,310.3051
ETN,13,312.1102
ETN,14,304.8393
ETN,15,306.6997
ETN,16,310.1343
ETN,17,309.6040
ETN,18,311.0874
ETN,19,314.6675
ETN,20,308.2496
ETN,21,307.2284
ETN,22,312.4535
ETN,23,324.5885
ETN,24,327.5153
ETN,25,327.8079
ETN,26,343.3832
ETN,27,343.3558
ETN,28,344.2913
ETN,29,351.3670
ETN,30,340.5000
ETN,31,342.4707
ETN,32,336.7116
ETN,33,328.3929
ETN,34,324.4715
ETN,35,313.4625
ETN,36,313.8026
ETN,37,309.8817
ETN,38,313.3726
ETN,39,313.6865
ETN,40,319.7670
ETN,41,320.7306
ETN,42,312.8571
ETN,43,306.1852
ETN,44,316.9522
ETN,45,319.7239
ETN,46,319.7038
ETN,47,316.1988
ETN,48,312.8085
ETN,49,309.1252
ETN,50,306.3476
ETN,51,304.0954
ETN,52,294.2085
ETN,53,289.2423
ETN,54,300.9651
ETN,55,307.5058
ETN,56,298.8368
ETN,57,305.9617
ETN,58,314.0443
ETN,59,315.1294
ETN,60,318.1612
ETN,61,312.6799
ETN,62,305.5133
ETN,63,305.8280
ETN,64,308.1968
ETN,65,306.2455
ETN,66,311.4751
ETN,67,310.3278
ETN,68,306.3776
ETN,69,305.3783
ETN,70,303.5560
ETN,71,320.4074
ETN,72,314.6973
ETN,73,306.3069
ETN,74,311.3561
ETN,75,303.8819
ETN,76,309.5616
ETN,77,310.1095
ETN,78,308.1996
ETN,79,312.2180
ETN,80,311.6408
ETN,81,314.3233
ETN,82,310.0395
ETN,83,312.0783
ETN,84,316.9457
ETN,85,317.4874
ETN,86,316.0656
ETN,87,311.7131
ETN,88,311.4876
ETN,89,310.6061
ETN,90,314.8833
ETN,91,308.4281
ETN,92,313.8850
ETN,93,311.0723
ETN,94,309.6305
ETN,95,312.7449
ETN,96,315.8931
ETN,97,310.9338
ETN,98,313.7374
ETN,99,309.7479
ETN,100,314.2696
ETN,101,310.5907
ETN,102,309.7684
ETN,103,306.5515
ETN,104,303.8981
ETN,105,304.9936
ETN,106,321.6484
ETN,107,319.0430
ETN,108,328.0080
ETN,109,331.4843
ETN,110,324.3141
ETN,111,314.0791
ETN,112,319.9106
ETN,113,312.4990
ETN,114,303.0880
ETN,115,309.9402
ETN,116,308.6107
ETN,117,307.2306
ETN,118,314.4892
ETN,119,318.7395
ETN,120,318.1351
ETN,121,321.0361
ETN,122,330.0784
ETN,123,324.3033
ETN,124,324.5673
ETN,125,325.7895
ETN,126,334.9956
ETN,127,332.1958
ETN,128,333.5611
ETN,129,328.3200
ETN,130,323.9983
ETN,131,322.3433
ETN,132,311.1829
ETN,133,299.5611
ETN,134,302.5389
ETN,135,304.1888
ETN,136,307.3163
ETN,137,312.8468
ETN,138,298.1471
ETN,139,298.9287
ETN,140,294.7954
ETN,141,286.4921
ETN,142,282.3743
ETN,143,280.3216
ETN,144,275.8588
ETN,145,271.1252
ETN,146,267.5665
ETN,147,266.0940
ETN,148,264.6664
ETN,149,261.6599
ETN,150,263.7928
ETN,151,267.5478
ETN,152,263.1033
ETN,153,265.4570
ETN,154,265.1964
ETN,155,262.6217
ETN,156,260.8929
ETN,157,265.7354
ETN,158,257.0016
ETN,159,249.9121
ETN,160,249.1568
ETN,161,241.3369
ETN,162,240.1460
ETN,163,237.0132
ETN,164,234.7459
ETN,165,235.3580
ETN,166,233.6357
ETN,167,237.1643
ETN,168,239.9990
ETN,169,240.7056
ETN,170,243.9361
ETN,171,250.4127
ETN,172,258.6546
ETN,173,251.6577
ETN,174,255.7165
ETN,175,255.8695
ETN,176,251.6340
ETN,177,254.9057
ETN,178,255.7888
ETN,179,261.7171
ETN,180,267.3772
ETN,181,264.3278
ETN,182,262.7390
ETN,183,262.1962
ETN,184,263.3275
ETN,185,260.9582
ETN,186,261.7493
ETN,187,249.4365
ETN,188,253.3530
ETN,189,256.4451
ETN,190,257.9907
ETN,191,261.6085
ETN,192,262.3283
ETN,193,265.9517
ETN,194,267.3348
ETN,195,269.5325
ETN,196,272.2554
ETN,197,278.0046
ETN,198,286.0878
ETN,199,281.0067
ETN,200,278.5453
ETN,201,274.1203
ETN,202,264.8914
ETN,203,262.9677
ETN,204,263.1442
ETN,205,261.5597
ETN,206,253.3902
ETN,207,254.3388
ETN,208,260.6713
ETN,209,262.7411
ETN,210,270.6980
ETN,211,268.1084
ETN,212,272.8306
ETN,213,276.2844
ETN,214,280.5216
ETN,215,287.4502
ETN,216,285.5573
ETN,217,282.6503
ETN,218,277.7477
ETN,219,277.5574
ETN,220,284.0060
ETN,221,280.0025
ETN,222,280.2572
ETN,223,289.3138
ETN,224,286.8617
ETN,225,293.4246
ETN,226,298.5501
ETN,227,298.1386
ETN,228,303.3456
ETN,229,310.6917
ETN,230,307.8728
ETN,231,301.5257
ETN,232,300.9570
ETN,233,298.4354
ETN,234,292.5929
ETN,235,293.0323
ETN,236,296.8715
ETN,237,297.6206
ETN,238,297.4985
ETN,239,291.0234
ETN,240,285.0024
ETN,241,286.9888
ETN,242,287.1488
ETN,243,291.8453
ETN,244,300.0419
ETN,245,290.5342
ETN,246,304.2246
ETN,247,298.1678
ETN,248,302.4378
ETN,249,298.9128
ETN,250,303.5032
ETN,251,310.2740
ETN,252,305.1622
ETN,253,303.3523
ETN,254,305.5721
ETN,255,311.3646
ETN,256,314.5687
ETN,257,306.1346
ETN,258,303.0400
ETN,259,313.9920
ETN,260,308.6678
ETN,261,318.0814
ETN,262,322.7223
ETN,263,327.2734
ETN,264,336.8432
ETN,265,336.5648
ETN,266,326.3185
ETN,267,323.3514
ETN,268,321.8439
ETN,269,330.5409
ETN,270,323.8149
ETN,271,327.9506
ETN,272,323.6932
ETN,273,318.8632
ETN,274,323.7636
ETN,275,323.6247
ETN,276,335.4773
ETN,277,333.5963
ETN,278,334.2442
ETN,279,328.7667
ETN,280,325.2516
ETN,281,323.3199
ETN,282,313.8726
ETN,283,309.2510
ETN,284,304.3382
ETN,285,294.1606
ETN,286,304.2591
ETN,287,307.3137
ETN,288,312.4213
ETN,289,313.1580
ETN,290,313.9766
ETN,291,316.0468
ETN,292,318.0380
ETN,293,326.4028
ETN,294,325.3384
ETN,295,325.4541
ETN,296,328.1145
ETN,297,330.9442
ETN,298,343.5833
ETN,299,342.1995
ETN,300,342.2005
ETN,301,342.5484
ETN,302,343.5177
ETN,303,341.4430
ETN,304,337.4987
ETN,305,349.3806
ETN,306,354.3628
ETN,307,354.6319
ETN,308,345.5929
ETN,309,333.9557
ETN,310,339.6113
ETN,311,344.4255
ETN,312,344.4054
ETN,313,351.1274
ETN,314,343.6344
ETN,315,337.6367
ETN,316,342.4361
ETN,317,340.5905
ETN,318,335.7146
ETN,319,344.1131
ETN,320,347.9858
ETN,321,353.2959
ETN,322,343.1635
ETN,323,334.6416
ETN,324,336.1191
ETN,325,334.0929
ETN,326,327.9789
ETN,327,323.6068
ETN,328,320.2556
ETN,329,320.7671
ETN,330,326.9053
ETN,331,325.4117
ETN,332,331.4035
ETN,333,326.0471
ETN,334,321.6586
ETN,335,326.0264
ETN,336,322.5579
ETN,337,326.1176
ETN,338,325.3618
ETN,339,328.3597
ETN,340,324.3378
ETN,341,329.3599
ETN,342,328.3605
ETN,343,329.5906
ETN,344,330.1982
ETN,345,327.6206
ETN,346,327.5761
ETN,347,325.6870
ETN,348,317.2394
ETN,349,318.8808
ETN,350,321.3620
ETN,351,328.3718
ETN,352,329.4151
ETN,353,336.4863
ETN,354,343.0589
ETN,355,343.3363
ETN,356,342.7317
ETN,357,345.8097
ETN,358,349.5158
ETN,359,342.1561
ETN,360,345.4351
ETN,361,335.8596
ETN,362,336.0164
ETN,363,330.5439
ETN,364,338.0730
ETN,365,330.6353
ETN,366,332.0882
ETN,367,325.4836
ETN,368,321.7111
ETN,369,322.6274
ETN,370,323.5541
ETN,371,321.0989
ETN,372,318.3908
ETN,373,315.4275
ETN,374,320.4283
ETN,375,317.5175
ETN,376,317.9999
ETN,377,319.4723
ETN,378,324.8999
ETN,379,326.2199
ETN,380,332.8289
ETN,381,333.2894
ETN,382,333.8789
ETN,383,336.4023
ETN,384,336.4770
ETN,385,339.6678
ETN,386,330.1527
ETN,387,329.3447
ETN,388,332.6278
ETN,389,328.6534
ETN,390,340.0961
ETN,391,345.5965
ETN,392,344.6211
ETN,393,342.0164
ETN,394,344.9309
ETN,395,341.0606
ETN,396,342.9019
ETN,397,350.9372
ETN,398,350.8796
ETN,399,347.0146
ETN,400,350.3060
ETN,401,354.6951
ETN,402,350.9026
ETN,403,340.8113
ETN,404,337.5153
ETN,405,328.8281
ETN,406,327.8771
ETN,407,320.2989
ETN,408,317.3823
ETN,409,319.7018
ETN,410,322.7318
ETN,411,328.8295
ETN,412,326.5359
ETN,413,332.5471
ETN,414,335.9209
ETN,415,329.8808
ETN,416,332.0072
ETN,417,332.4101
ETN,418,331.1088
ETN,419,326.2022
ETN,420,321.4652
ETN,421,320.1595
ETN,422,321.4316
ETN,423,323.2057
ETN,424,321.3031
ETN,425,314.7422
ETN,426,322.5292
ETN,427,319.6852
ETN,428,315.8802
ETN,429,314.9531
ETN,430,315.2988
ETN,431,313.5796
ETN,432,323.2724
ETN,433,321.7245
ETN,434,318.0042
ETN,435,317.3791
ETN,436,321.9247
ETN,437,325.0162
ETN,438,338.7617
ETN,439,329.0118
ETN,440,337.7208
ETN,441,340.1295
ETN,442,344.4254
ETN,443,348.7534
ETN,444,357.5933
ETN,445,375.6059
ETN,446,379.3104
ETN,447,378.2693
ETN,448,385.7751
ETN,449,383.7202
ETN,450,388.2852
ETN,451,392.2799
ETN,452,399.0245
ETN,453,396.4503
ETN,454,391.9160
ETN,455,390.3756
ETN,456,406.0143
ETN,457,403.0313
ETN,458,414.2406
ETN,459,412.1726
ETN,460,409.2668
ETN,461,407.4720
ETN,462,398.6319
ETN,463,395.7885
ETN,464,395.6013
ETN,465,400.4762
ETN,466,409.0695
ETN,467,416.7332
ETN,468,417.0334
ETN,469,416.4784
ETN,470,423.6724
ETN,471,423.5269
ETN,472,420.8769
ETN,473,424.9005
ETN,474,438.5800
ETN,475,437.0127
ETN,476,441.0665
ETN,477,439.1226
ETN,478,432.9921
ETN,479,435.8064
ETN,480,436.4294
ETN,481,446.5497
ETN,482,458.7208
ETN,483,465.5986
ETN,484,473.2537
ETN,485,481.4892
ETN,486,493.7163
ETN,487,490.5066
ETN,488,501.5584
ETN,489,515.2923
ETN,490,527.6046
ETN,491,532.8393
ETN,492,536.2788
ETN,493,544.3347
ETN,494,552.6774
ETN,495,546.2731
ETN,496,541.8238
ETN,497,540.1047
ETN,498,536.3526
ETN,499,524.7143
ETN,500,517.8287
ETN,501,524.4506
ETN,502,522.3036
ETN,503,517.9131
ETN,504,523.8171
NEE,0,72.0000
NEE,1,71.9860
NEE,2,72.2890
NEE,3,72.8104
NEE,4,73.1476
NEE,5,72.8759
NEE,6,71.8516
NEE,7,70.9753
NEE,8,69.0249
NEE,9,67.7549
NEE,10,67.8191
NEE,11,67.2686
NEE,12,65.6023
NEE,13,66.3391
NEE,14,66.4079
NEE,15,66.4475
NEE,16,67.5097
NEE,17,69.0777
NEE,18,69.0344
NEE,19,67.9259
NEE,20,66.8292
NEE,21,67.1097
NEE,22,67.4838
NEE,23,69.0160
NEE,24,69.6818
NEE,25,68.8793
NEE,26,70.1530
NEE,27,71.1918
NEE,28,71.5985
NEE,29,73.1595
NEE,30,73.6803
NEE,31,74.1940
NEE,32,76.0251
NEE,33,74.5637
NEE,34,75.1262
NEE,35,73.9779
NEE,36,74.9982
NEE,37,75.4443
NEE,38,75.6105
NEE,39,74.6872
NEE,40,75.6994
NEE,41,74.4277
NEE,42,73.1510
NEE,43,73.6632
NEE,44,73.5852
NEE,45,73.8563
NEE,46,75.5791
NEE,47,74.4681
NEE,48,74.1662
NEE,49,73.5734
NEE,50,73.3816
NEE,51,72.2064
NEE,52,72.0974
NEE,53,70.8616
NEE,54,69.9662
NEE,55,70.4134
NEE,56,68.6074
NEE,57,67.5719
NEE,58,67.5824
NEE,59,66.6769
NEE,60,66.7986
NEE,61,65.7179
NEE,62,65.2412
NEE,63,65.0882
NEE,64,63.8714
NEE,65,64.1072
NEE,66,63.1403
NEE,67,62.5385
NEE,68,62.9264
NEE,69,62.7780
NEE,70,63.1350
NEE,71,63.4279
NEE,72,63.8702
NEE,73,61.2974
NEE,74,60.3656
NEE,75,59.1377
NEE,76,59.7642
NEE,77,60.7465
NEE,78,61.1026
NEE,79,60.2466
NEE,80,60.8517
NEE,81,60.5741
NEE,82,61.8691
NEE,83,61.9763
NEE,84,63.5841
NEE,85,63.5458
NEE,86,63.7931
NEE,87,64.7909
NEE,88,63.7991
NEE,89,64.1313
NEE,90,65.6907
NEE,91,64.6293
NEE,92,66.4231
NEE,93,65.8163
NEE,94,65.3659
NEE,95,64.9443
NEE,96,64.5128
NEE,97,64.7621
NEE,98,64.7922
NEE,99,64.8912
NEE,100,64.0733
NEE,101,63.0897
NEE,102,60.8501
NEE,103,60.1986
NEE,104,60.0319
NEE,105,61.3286
NEE,106,62.0768
NEE,107,61.7327
NEE,108,61.3449
NEE,109,60.3838
NEE,110,59.5786
NEE,111,58.9669
NEE,112,59.9250
NEE,113,60.3390
NEE,114,59.3550
NEE,115,60.4844
NEE,116,58.3420
NEE,117,58.9150
NEE,118,56.6846
NEE,119,57.2258
NEE,120,56.8875
NEE,121,56.7946
NEE,122,57.9785
NEE,123,58.0236
NEE,124,58.5483
NEE,125,58.1097
NEE,126,58.9955
NEE,127,58.5601
NEE,128,59.3687
NEE,129,59.2585
NEE,130,59.0805
NEE,131,58.3508
NEE,132,57.8331
NEE,133,57.3720
NEE,134,57.3533
NEE,135,58.3602
NEE,136,58.1920
NEE,137,59.2476
NEE,138,57.8769
NEE,139,58.6771
NEE,140,59.6389
NEE,141,59.3591
NEE,142,58.6305
NEE,143,57.6551
NEE,144,57.5699
NEE,145,58.6570
NEE,146,58.2254
NEE,147,55.6779
NEE,148,54.9659
NEE,149,54.2699
NEE,150,55.5905
NEE,151,55.4414
NEE,152,54.1047
NEE,153,53.7329
NEE,154,52.8045
NEE,155,52.1714
NEE,156,52.6497
NEE,157,51.9294
NEE,158,52.0144
NEE,159,52.6128
NEE,160,52.3170
NEE,161,50.7223
NEE,162,49.8650
NEE,163,48.7578
NEE,164,47.8388
NEE,165,48.3833
NEE,166,49.6400
NEE,167,49.4155
NEE,168,48.0397
NEE,169,48.1698
NEE,170,48.0415
NEE,171,47.8580
NEE,172,47.5308
NEE,173,47.2151
NEE,174,46.6185
NEE,175,45.9724
NEE,176,46.3500
NEE,177,46.7665
NEE,178,46.6999
NEE,179,48.6712
NEE,180,48.7892
NEE,181,49.2028
NEE,182,49.9044
NEE,183,49.9881
NEE,184,49.6496
NEE,185,50.4819
NEE,186,50.9527
NEE,187,49.2971
NEE,188,48.9891
NEE,189,48.5150
NEE,190,48.5701
NEE,191,49.0582
NEE,192,49.8377
NEE,193,50.3734
NEE,194,49.8080
NEE,195,49.2891
NEE,196,49.5067
NEE,197,49.5163
NEE,198,49.9400
NEE,199,50.1469
NEE,200,51.0321
NEE,201,50.2022
NEE,202,50.0147
NEE,203,49.7117
NEE,204,50.2504
NEE,205,51.0831
NEE,206,51.1096
NEE,207,50.9996
NEE,208,51.3475
NEE,209,52.4400
NEE,210,51.2708
NEE,211,50.5743
NEE,212,51.5115
NEE,213,50.7634
NEE,214,50.4975
NEE,215,50.8598
NEE,216,51.6773
NEE,217,51.8097
NEE,218,50.3925
NEE,219,51.5159
NEE,220,52.5109
NEE,221,52.3835
NEE,222,51.9533
NEE,223,51.3753
NEE,224,50.2565
NEE,225,50.1976
NEE,226,50.8038
NEE,227,49.7991
NEE,228,49.6113
NEE,229,50.9401
NEE,230,50.6455
NEE,231,50.7229
NEE,232,51.0457
NEE,233,50.2771
NEE,234,49.0809
NEE,235,48.6357
NEE,236,49.7632
NEE,237,50.4315
NEE,238,50.4701
NEE,239,49.7057
NEE,240,48.8283
NEE,241,48.5088
NEE,242,49.1632
NEE,243,50.2216
NEE,244,50.3375
NEE,245,49.2506
NEE,246,49.9959
NEE,247,49.6113
NEE,248,49.2231
NEE,249,49.1756
NEE,250,49.6410
NEE,251,50.6492
NEE,252,50.8442
NEE,253,51.5823
NEE,254,52.2587
NEE,255,53.7185
NEE,256,53.0692
NEE,257,52.7422
NEE,258,52.7856
NEE,259,53.3761
NEE,260,53.0248
NEE,261,53.9374
NEE,262,55.1920
NEE,263,54.9479
NEE,264,55.5397
NEE,265,55.8225
NEE,266,54.9725
NEE,267,55.6619
NEE,268,56.2141
NEE,269,57.1758
NEE,270,57.2499
NEE,271,56.5812
NEE,272,55.8591
NEE,273,55.7616
NEE,274,55.2418
NEE,275,54.5809
NEE,276,55.8466
NEE,277,56.3309
NEE,278,54.8842
NEE,279,54.9225
NEE,280,54.6338
NEE,281,54.9126
NEE,282,54.1210
NEE,283,53.3407
NEE,284,52.7599
NEE,285,51.6914
NEE,286,51.8447
NEE,287,50.9350
NEE,288,50.6315
NEE,289,50.4872
NEE,290,50.2397
NEE,291,50.7688
NEE,292,51.7477
NEE,293,52.8716
NEE,294,54.2453
NEE,295,54.7647
NEE,296,54.6729
NEE,297,56.0061
NEE,298,57.4646
NEE,299,58.4662
NEE,300,58.3516
NEE,301,58.8320
NEE,302,60.2766
NEE,303,60.5203
NEE,304,59.2320
NEE,305,59.6957
NEE,306,59.6279
NEE,307,59.0955
NEE,308,58.6039
NEE,309,56.9650
NEE,310,56.4371
NEE,311,55.9473
NEE,312,57.0652
NEE,313,57.9578
NEE,314,58.0780
NEE,315,58.6671
NEE,316,58.7804
NEE,317,58.9003
NEE,318,59.3512
NEE,319,59.2508
NEE,320,60.7235
NEE,321,61.2988
NEE,322,61.8709
NEE,323,60.9305
NEE,324,61.4447
NEE,325,61.1198
NEE,326,59.9878
NEE,327,59.3537
NEE,328,59.5486
NEE,329,60.0044
NEE,330,59.8476
NEE,331,60.3036
NEE,332,59.6653
NEE,333,59.5585
NEE,334,59.3735
NEE,335,59.4896
NEE,336,58.2206
NEE,337,57.9171
NEE,338,57.6604
NEE,339,58.4677
NEE,340,57.8321
NEE,341,58.5224
NEE,342,57.9005
NEE,343,58.1426
NEE,344,58.3095
NEE,345,59.5021
NEE,346,60.0659
NEE,347,59.2405
NEE,348,59.0224
NEE,349,59.3323
NEE,350,59.8712
NEE,351,60.8989
NEE,352,61.0179
NEE,353,61.3757
NEE,354,60.8977
NEE,355,60.4211
NEE,356,60.1464
NEE,357,59.3202
NEE,358,60.2269
NEE,359,60.1590
NEE,360,60.8173
NEE,361,60.0233
NEE,362,60.6619
NEE,363,59.8259
NEE,364,59.8076
NEE,365,59.5118
NEE,366,58.9142
NEE,367,57.7631
NEE,368,57.6763
NEE,369,57.7123
NEE,370,57.2460
NEE,371,56.6942
NEE,372,56.9993
NEE,373,56.5534
NEE,374,57.0187
NEE,375,57.3897
NEE,376,56.4591
NEE,377,57.0865
NEE,378,59.1058
NEE,379,58.7877
NEE,380,58.1932
NEE,381,59.2208
NEE,382,59.1812
NEE,383,60.6009
NEE,384,61.1252
NEE,385,60.9916
NEE,386,61.3286
NEE,387,60.8175
NEE,388,60.7958
NEE,389,59.4297
NEE,390,58.7745
NEE,391,59.6763
NEE,392,59.5183
NEE,393,58.4586
NEE,394,59.0544
NEE,395,59.6564
NEE,396,59.1319
NEE,397,58.9613
NEE,398,58.7312
NEE,399,57.8300
NEE,400,59.1181
NEE,401,58.4610
NEE,402,58.0243
NEE,403,57.5148
NEE,404,57.2979
NEE,405,58.0757
NEE,406,58.7616
NEE,407,57.8206
NEE,408,57.8464
NEE,409,57.8227
NEE,410,57.3531
NEE,411,57.0554
NEE,412,58.7635
NEE,413,58.8126
NEE,414,58.0156
NEE,415,58.2952
NEE,416,57.4778
NEE,417,57.4717
NEE,418,58.1944
NEE,419,57.6933
NEE,420,58.1118
NEE,421,56.5052
NEE,422,56.7502
NEE,423,57.6794
NEE,424,58.2614
NEE,425,57.2888
NEE,426,57.6606
NEE,427,57.0131
NEE,428,55.6578
NEE,429,56.0689
NEE,430,56.8634
NEE,431,56.0068
NEE,432,56.2339
NEE,433,55.1158
NEE,434,55.1093
NEE,435,55.6691
NEE,436,55.0930
NEE,437,55.8390
NEE,438,56.5535
NEE,439,57.1690
NEE,440,58.1458
NEE,441,58.0063
NEE,442,59.0538
NEE,443,57.5592
NEE,444,58.9214
NEE,445,60.5150
NEE,446,59.9009
NEE,447,61.1878
NEE,448,61.4094
NEE,449,60.8313
NEE,450,61.5211
NEE,451,61.0785
NEE,452,61.7664
NEE,453,61.6215
NEE,454,61.4402
NEE,455,61.2965
NEE,456,61.5001
NEE,457,62.7400
NEE,458,63.5253
NEE,459,62.9150
NEE,460,64.2281
NEE,461,63.7509
NEE,462,62.5665
NEE,463,62.7574
NEE,464,61.5061
NEE,465,61.8991
NEE,466,63.1424
NEE,467,63.1125
NEE,468,64.6613
NEE,469,63.4456
NEE,470,64.4703
NEE,471,63.6927
NEE,472,65.1081
NEE,473,65.5671
NEE,474,66.5369
NEE,475,66.1054
NEE,476,65.9500
NEE,477,66.1014
NEE,478,64.8684
NEE,479,65.3573
NEE,480,63.6865
NEE,481,65.0359
NEE,482,64.3991
NEE,483,65.0537
NEE,484,65.4439
NEE,485,65.3065
NEE,486,64.9071
NEE,487,64.5944
NEE,488,65.7719
NEE,489,67.3825
NEE,490,68.3059
NEE,491,70.6207
NEE,492,70.9482
NEE,493,69.2630
NEE,494,71.0486
NEE,495,71.6146
NEE,496,71.5693
NEE,497,71.4516
NEE,498,71.6788
NEE,499,71.0488
NEE,500,70.7888
NEE,501,70.9210
NEE,502,69.8718
NEE,503,70.4544
NEE,504,70.9461
DUK,0,100.0000
DUK,1,98.0055
DUK,2,98.1629
DUK,3,100.6926
DUK,4,100.4152
DUK,5,101.6969
DUK,6,101.7133
DUK,7,101.9136
DUK,8,102.6285
DUK,9,101.3239
DUK,10,102.3929
DUK,11,102.0231
DUK,12,100.2984
DUK,13,100.6872
DUK,14,99.8773
DUK,15,99.2153
DUK,16,98.9953
DUK,17,100.6257
DUK,18,101.4136
DUK,19,100.9105
DUK,20,99.6025
DUK,21,98.9240
DUK,22,100.0510
DUK,23,101.1657
DUK,24,101.4094
DUK,25,102.2073
DUK,26,103.3571
DUK,27,104.7158
DUK,28,104.3009
DUK,29,105.7755
DUK,30,105.4476
DUK,31,105.8392
DUK,32,105.9770
DUK,33,104.9422
DUK,34,105.8076
DUK,35,104.6167
DUK,36,105.1957
DUK,37,104.5830
DUK,38,105.2299
DUK,39,103.8146
DUK,40,104.8140
DUK,41,103.8568
DUK,42,103.1724
DUK,43,103.3485
DUK,44,104.3249
DUK,45,104.3544
DUK,46,105.6558
DUK,47,103.8973
DUK,48,102.8165
DUK,49,101.2340
DUK,50,99.8063
DUK,51,98.3688
DUK,52,95.4006
DUK,53,94.9028
DUK,54,93.3256
DUK,55,94.6676
DUK,56,93.3432
DUK,57,92.6454
DUK,58,94.9393
DUK,59,92.4530
DUK,60,91.9027
DUK,61,91.6398
DUK,62,90.3376
DUK,63,90.9347
DUK,64,90.1484
DUK,65,90.5271
DUK,66,88.4865
DUK,67,88.8340
DUK,68,89.7463
DUK,69,88.4065
DUK,70,88.1733
DUK,71,88.8363
DUK,72,89.2762
DUK,73,87.9303
DUK,74,88.0413
DUK,75,87.1077
DUK,76,88.0012
DUK,77,88.5281
DUK,78,87.5296
DUK,79,86.8056
DUK,80,87.4684
DUK,81,86.6686
DUK,82,87.8464
DUK,83,87.4144
DUK,84,87.8924
DUK,85,86.8282
DUK,86,87.3610
DUK,87,87.9046
DUK,88,86.3560
DUK,89,86.2397
DUK,90,87.6685
DUK,91,85.9859
DUK,92,86.5956
DUK,93,86.2286
DUK,94,86.7129
DUK,95,86.5446
DUK,96,86.4985
DUK,97,85.8825
DUK,98,86.5311
DUK,99,87.1796
DUK,100,87.1503
DUK,101,86.5715
DUK,102,84.0478
DUK,103,83.7263
DUK,104,84.3730
DUK,105,85.9254
DUK,106,86.8844
DUK,107,86.2821
DUK,108,86.9787
DUK,109,86.4335
DUK,110,87.2625
DUK,111,86.7275
DUK,112,87.9485
DUK,113,89.2427
DUK,114,88.5909
DUK,115,89.6383
DUK,116,88.2802
DUK,117,88.6998
DUK,118,86.6668
DUK,119,88.8106
DUK,120,88.4525
DUK,121,87.4086
DUK,122,88.4418
DUK,123,88.8830
DUK,124,89.0994
DUK,125,88.9843
DUK,126,90.6676
DUK,127,91.0419
DUK,128,91.5868
DUK,129,90.0604
DUK,130,89.6168
DUK,131,88.5555
DUK,132,88.4787
DUK,133,86.3974
DUK,134,86.1607
DUK,135,86.5004
DUK,136,86.0078
DUK,137,86.0485
DUK,138,84.9797
DUK,139,86.1666
DUK,140,86.1046
DUK,141,85.3868
DUK,142,84.9126
DUK,143,85.4132
DUK,144,84.1500
DUK,145,83.7443
DUK,146,84.1441
DUK,147,83.1608
DUK,148,83.0798
DUK,149,81.3313
DUK,150,81.5737
DUK,151,81.8827
DUK,152,81.1916
DUK,153,79.8810
DUK,154,79.2833
DUK,155,78.9370
DUK,156,79.8251
DUK,157,78.9057
DUK,158,78.1941
DUK,159,78.6429
DUK,160,78.0569
DUK,161,76.3857
DUK,162,75.4047
DUK,163,74.9077
DUK,164,74.6158
DUK,165,75.3945
DUK,166,77.0361
DUK,167,76.5246
DUK,168,75.8192
DUK,169,75.3770
DUK,170,75.2479
DUK,171,75.3300
DUK,172,75.2467
DUK,173,74.7125
DUK,174,75.2278
DUK,175,75.4518
DUK,176,75.8701
DUK,177,75.7840
DUK,178,75.0386
DUK,179,78.0029
DUK,180,78.1074
DUK,181,78.0002
DUK,182,77.9720
DUK,183,77.3842
DUK,184,77.9678
DUK,185,79.8029
DUK,186,80.3594
DUK,187,79.2434
DUK,188,78.9939
DUK,189,78.2404
DUK,190,78.0982
DUK,191,78.3778
DUK,192,78.1550
DUK,193,78.3920
DUK,194,79.0609
DUK,195,78.8402
DUK,196,79.8066
DUK,197,79.2763
DUK,198,79.7463
DUK,199,80.5613
DUK,200,81.1378
DUK,201,80.1753
DUK,202,80.4389
DUK,203,80.1711
DUK,204,81.1820
DUK,205,82.4091
DUK,206,81.3885
DUK,207,81.4653
DUK,208,81.2871
DUK,209,81.6878
DUK,210,81.5835
DUK,211,81.3925
DUK,212,82.5161
DUK,213,82.7894
DUK,214,83.2023
DUK,215,83.9068
DUK,216,83.7573
DUK,217,84.5082
DUK,218,83.0271
DUK,219,84.3617
DUK,220,84.9175
DUK,221,85.3303
DUK,222,85.8337
DUK,223,84.9528
DUK,224,83.7517
DUK,225,83.6743
DUK,226,85.3469
DUK,227,85.7854
DUK,228,84.0578
DUK,229,84.2465
DUK,230,84.7853
DUK,231,84.1540
DUK,232,84.8087
DUK,233,83.6011
DUK,234,83.0026
DUK,235,81.6458
DUK,236,82.2527
DUK,237,82.8931
DUK,238,82.0555
DUK,239,81.2383
DUK,240,80.8909
DUK,241,81.0825
DUK,242,82.4196
DUK,243,83.3244
DUK,244,82.5261
DUK,245,81.8860
DUK,246,83.1552
DUK,247,82.9452
DUK,248,82.8170
DUK,249,82.2565
DUK,250,83.6372
DUK,251,84.3773
DUK,252,84.2028
DUK,253,84.4790
DUK,254,85.3987
DUK,255,86.6163
DUK,256,86.7465
DUK,257,86.5623
DUK,258,85.9680
DUK,259,86.9599
DUK,260,86.5360
DUK,261,87.3709
DUK,262,89.4246
DUK,263,89.1896
DUK,264,89.8563
DUK,265,89.8173
DUK,266,88.5618
DUK,267,88.6402
DUK,268,89.3210
DUK,269,91.1732
DUK,270,90.7099
DUK,271,90.7569
DUK,272,88.9914
DUK,273,88.1656
DUK,274,87.4328
DUK,275,86.8961
DUK,276,88.3567
DUK,277,88.0999
DUK,278,87.9013
DUK,279,88.7358
DUK,280,87.7411
DUK,281,86.8393
DUK,282,86.2334
DUK,283,85.7960
DUK,284,85.7511
DUK,285,86.2159
DUK,286,87.1906
DUK,287,87.2780
DUK,288,86.8337
DUK,289,86.6617
DUK,290,86.2454
DUK,291,86.2592
DUK,292,87.2906
DUK,293,87.6489
DUK,294,88.6680
DUK,295,88.7927
DUK,296,89.6120
DUK,297,90.8294
DUK,298,91.7374
DUK,299,92.0965
DUK,300,93.7379
DUK,301,93.0854
DUK,302,93.6486
DUK,303,92.8981
DUK,304,92.5090
DUK,305,92.5516
DUK,306,91.8960
DUK,307,92.7648
DUK,308,92.8333
DUK,309,92.0980
DUK,310,92.6059
DUK,311,92.5802
DUK,312,92.9460
DUK,313,93.6702
DUK,314,93.7265
DUK,315,95.6824
DUK,316,95.3005
DUK,317,94.4345
DUK,318,94.7936
DUK,319,94.8223
DUK,320,95.9715
DUK,321,95.6870
DUK,322,96.7994
DUK,323,96.5882
DUK,324,97.3082
DUK,325,96.0098
DUK,326,96.4735
DUK,327,94.9244
DUK,328,95.2148
DUK,329,95.1202
DUK,330,95.5736
DUK,331,95.6311
DUK,332,94.7623
DUK,333,95.3536
DUK,334,94.9748
DUK,335,96.5535
DUK,336,95.9764
DUK,337,94.9512
DUK,338,95.7838
DUK,339,97.4960
DUK,340,96.3894
DUK,341,95.9746
DUK,342,95.5408
DUK,343,95.9326
DUK,344,96.0183
DUK,345,98.1652
DUK,346,98.8982
DUK,347,98.0942
DUK,348,95.6448
DUK,349,96.7516
DUK,350,97.8189
DUK,351,98.4264
DUK,352,98.0762
DUK,353,97.7041
DUK,354,97.6397
DUK,355,97.5257
DUK,356,97.9540
DUK,357,97.1030
DUK,358,98.1644
DUK,359,97.8160
DUK,360,97.7239
DUK,361,98.9904
DUK,362,97.8676
DUK,363,96.9664
DUK,364,96.6848
DUK,365,96.8679
DUK,366,96.8291
DUK,367,95.7472
DUK,368,95.0897
DUK,369,95.6118
DUK,370,95.7515
DUK,371,97.4241
DUK,372,98.1515
DUK,373,97.8501
DUK,374,97.9590
DUK,375,98.0193
DUK,376,97.0607
DUK,377,97.5329
DUK,378,99.3361
DUK,379,98.5813
DUK,380,100.0052
DUK,381,100.5414
DUK,382,100.9986
DUK,383,101.8964
DUK,384,101.5580
DUK,385,102.5196
DUK,386,102.4512
DUK,387,102.2330
DUK,388,102.1829
DUK,389,100.3041
DUK,390,100.9845
DUK,391,103.4720
DUK,392,101.3010
DUK,393,100.6131
DUK,394,102.2023
DUK,395,102.9527
DUK,396,100.5227
DUK,397,100.4844
DUK,398,99.8763
DUK,399,100.1712
DUK,400,101.1528
DUK,401,100.2693
DUK,402,100.3077
DUK,403,99.4291
DUK,404,100.4111
DUK,405,100.0199
DUK,406,99.4975
DUK,407,99.1443
DUK,408,99.5341
DUK,409,100.4780
DUK,410,99.8328
DUK,411,98.9467
DUK,412,99.7629
DUK,413,100.4308
DUK,414,101.2816
DUK,415,101.6351
DUK,416,101.5632
DUK,417,101.2186
DUK,418,102.5659
DUK,419,101.2504
DUK,420,102.1807
DUK,421,99.3902
DUK,422,98.5430
DUK,423,98.6768
DUK,424,100.0601
DUK,425,100.6914
DUK,426,100.6836
DUK,427,100.0126
DUK,428,98.0863
DUK,429,97.9281
DUK,430,99.0035
DUK,431,97.9525
DUK,432,98.2946
DUK,433,96.5097
DUK,434,95.8340
DUK,435,96.2101
DUK,436,96.7038
DUK,437,97.3604
DUK,438,97.6589
DUK,439,95.3729
DUK,440,97.0931
DUK,441,97.1624
DUK,442,98.1788
DUK,443,97.1422
DUK,444,97.1348
DUK,445,97.7429
DUK,446,96.5342
DUK,447,98.2177
DUK,448,100.2944
DUK,449,100.0398
DUK,450,99.9885
DUK,451,99.6213
DUK,452,101.1113
DUK,453,101.4535
DUK,454,101.4879
DUK,455,101.8349
DUK,456,101.9856
DUK,457,102.8038
DUK,458,104.0136
DUK,459,103.8474
DUK,460,106.4828
DUK,461,105.8122
DUK,462,103.7760
DUK,463,103.8643
DUK,464,102.2529
DUK,465,100.7614
DUK,466,100.6573
DUK,467,100.4194
DUK,468,100.1749
DUK,469,99.5613
DUK,470,100.3172
DUK,471,99.6527
DUK,472,99.5097
DUK,473,100.6153
DUK,474,101.5372
DUK,475,100.1713
DUK,476,99.4009
DUK,477,100.0164
DUK,478,100.0106
DUK,479,99.1579
DUK,480,97.3664
DUK,481,96.7144
DUK,482,95.5739
DUK,483,96.6188
DUK,484,96.8342
DUK,485,98.0091
DUK,486,98.9926
DUK,487,99.7153
DUK,488,100.2339
DUK,489,100.9772
DUK,490,102.3039
DUK,491,104.6259
DUK,492,105.1159
DUK,493,104.6891
DUK,494,106.1324
DUK,495,106.3932
DUK,496,106.9141
DUK,497,107.0160
DUK,498,105.1098
DUK,499,102.6313
DUK,500,102.6254
DUK,501,103.0209
DUK,502,102.3777
DUK,503,102.3602
DUK,504,102.8358
SO,0,78.0000
SO,1,75.9489
SO,2,76.0231
SO,3,76.9463
SO,4,76.8330
SO,5,77.5979
SO,6,77.5191
SO,7,77.0378
SO,8,76.1320
SO,9,74.5347
SO,10,73.3527
SO,11,73.3371
SO,12,72.3079
SO,13,72.0925
SO,14,71.5191
SO,15,71.2659
SO,16,70.8241
SO,17,71.5776
SO,18,71.8393
SO,19,72.1210
SO,20,71.1190
SO,21,71.1739
SO,22,71.7850
SO,23,73.6019
SO,24,74.7556
SO,25,74.5619
SO,26,75.9627
SO,27,77.2009
SO,28,77.5615
SO,29,78.3713
SO,30,78.4889
SO,31,77.8787
SO,32,78.0900
SO,33,77.9746
SO,34,77.8838
SO,35,77.4122
SO,36,76.5445
SO,37,75.9222
SO,38,77.2600
SO,39,76.0260
SO,40,77.1308
SO,41,77.0201
SO,42,76.7834
SO,43,76.4083
SO,44,75.2877
SO,45,75.6396
SO,46,75.9417
SO,47,74.8464
SO,48,74.4719
SO,49,73.6456
SO,50,72.7221
SO,51,72.5143
SO,52,71.5237
SO,53,70.2156
SO,54,70.0677
SO,55,72.2007
SO,56,71.8308
SO,57,70.3635
SO,58,70.3459
SO,59,68.7766
SO,60,68.4994
SO,61,68.5261
SO,62,68.0424
SO,63,68.7766
SO,64,67.9917
SO,65,67.7503
SO,66,67.0915
SO,67,67.0415
SO,68,67.7838
SO,69,66.8249
SO,70,67.0388
SO,71,67.0758
SO,72,67.4248
SO,73,65.7286
SO,74,64.4524
SO,75,64.2941
SO,76,64.8197
SO,77,65.3768
SO,78,65.1635
SO,79,65.0511
SO,80,65.5204
SO,81,65.9073
SO,82,66.9021
SO,83,66.9267
SO,84,67.8138
SO,85,67.8131
SO,86,67.8894
SO,87,68.5532
SO,88,68.9108
SO,89,68.8309
SO,90,69.4814
SO,91,68.4571
SO,92,68.9843
SO,93,68.4741
SO,94,68.7885
SO,95,68.4947
SO,96,69.6402
SO,97,69.9715
SO,98,69.5127
SO,99,70.5422
SO,100,70.8590
SO,101,69.9700
SO,102,68.4046
SO,103,67.9093
SO,104,67.3180
SO,105,68.6717
SO,106,70.3387
SO,107,69.5365
SO,108,69.8315
SO,109,69.0720
SO,110,69.3950
SO,111,68.4842
SO,112,68.7216
SO,113,69.4682
SO,114,69.0638
SO,115,69.2760
SO,116,68.4088
SO,117,69.2210
SO,118,67.8941
SO,119,67.6103
SO,120,68.1291
SO,121,66.9664
SO,122,67.3186
SO,123,66.1806
SO,124,66.4314
SO,125,65.8751
SO,126,66.9578
SO,127,67.5081
SO,128,68.8084
SO,129,68.6528
SO,130,69.0460
SO,131,68.5701
SO,132,68.0745
SO,133,66.8365
SO,134,66.8202
SO,135,66.6676
SO,136,66.2145
SO,137,66.7822
SO,138,65.7107
SO,139,65.9872
SO,140,67.0231
SO,141,66.6304
SO,142,65.9546
SO,143,65.6948
SO,144,65.4302
SO,145,64.7022
SO,146,64.8588
SO,147,64.0486
SO,148,63.8511
SO,149,62.6976
SO,150,62.7838
SO,151,63.1084
SO,152,61.9547
SO,153,61.6165
SO,154,61.9290
SO,155,61.8677
SO,156,62.5473
SO,157,62.9602
SO,158,63.2624
SO,159,63.6965
SO,160,63.4962
SO,161,61.5538
SO,162,61.6951
SO,163,61.4607
SO,164,60.7602
SO,165,61.3429
SO,166,62.3598
SO,167,61.1991
SO,168,60.8079
SO,169,60.5421
SO,170,61.4512
SO,171,61.3356
SO,172,60.8680
SO,173,60.7519
SO,174,60.9331
SO,175,61.7432
SO,176,62.3010
SO,177,63.0202
SO,178,62.9342
SO,179,64.7079
SO,180,64.5761
SO,181,64.4812
SO,182,65.0181
SO,183,64.8430
SO,184,65.0848
SO,185,65.6645
SO,186,65.8547
SO,187,65.3582
SO,188,65.2572
SO,189,66.0875
SO,190,66.6558
SO,191,66.3676
SO,192,67.0930
SO,193,67.7929
SO,194,68.0143
SO,195,67.0552
SO,196,67.3305
SO,197,67.2781
SO,198,67.9515
SO,199,68.6401
SO,200,69.2211
SO,201,69.1970
SO,202,69.3541
SO,203,68.3491
SO,204,68.9494
SO,205,68.6667
SO,206,68.0349
SO,207,68.0201
SO,208,68.9927
SO,209,70.0154
SO,210,70.0486
SO,211,69.7752
SO,212,70.2072
SO,213,70.2637
SO,214,69.6729
SO,215,70.6167
SO,216,71.0394
SO,217,71.0102
SO,218,70.0069
SO,219,70.8804
SO,220,71.3965
SO,221,70.8874
SO,222,70.8839
SO,223,70.4482
SO,224,70.0731
SO,225,69.0512
SO,226,69.1011
SO,227,68.5965
SO,228,68.1183
SO,229,67.9612
SO,230,68.7426
SO,231,68.2838
SO,232,68.9438
SO,233,68.6382
SO,234,68.1216
SO,235,67.1237
SO,236,67.2622
SO,237,68.6264
SO,238,68.0785
SO,239,66.9178
SO,240,65.3260
SO,241,65.3720
SO,242,66.1939
SO,243,67.7345
SO,244,66.9752
SO,245,65.8509
SO,246,67.0009
SO,247,65.7630
SO,248,65.6309
SO,249,64.9709
SO,250,65.5102
SO,251,65.6813
SO,252,65.0594
SO,253,65.8968
SO,254,65.7739
SO,255,66.5420
SO,256,66.5032
SO,257,67.3313
SO,258,67.9254
SO,259,68.5090
SO,260,67.8129
SO,261,67.8453
SO,262,68.3799
SO,263,68.0037
SO,264,68.6888
SO,265,69.1141
SO,266,67.7217
SO,267,67.8372
SO,268,68.2271
SO,269,69.3889
SO,270,68.3363
SO,271,67.9984
SO,272,67.3961
SO,273,67.4734
SO,274,67.5703
SO,275,67.6336
SO,276,69.2448
SO,277,69.1856
SO,278,68.5680
SO,279,67.9750
SO,280,67.2350
SO,281,67.7748
SO,282,67.5791
SO,283,66.7064
SO,284,65.8625
SO,285,66.2389
SO,286,66.8671
SO,287,66.3368
SO,288,66.8033
SO,289,66.5293
SO,290,66.3367
SO,291,67.3600
SO,292,67.5337
SO,293,67.2619
SO,294,68.5606
SO,295,69.2704
SO,296,69.2842
SO,297,70.5623
SO,298,72.2854
SO,299,73.0316
SO,300,73.6111
SO,301,73.5661
SO,302,74.4844
SO,303,74.6966
SO,304,74.0338
SO,305,74.6781
SO,306,74.4144
SO,307,74.9494
SO,308,74.9611
SO,309,74.3551
SO,310,74.0751
SO,311,74.1721
SO,312,74.2086
SO,313,74.1692
SO,314,74.8495
SO,315,75.2868
SO,316,75.4852
SO,317,74.2916
SO,318,74.0382
SO,319,73.9462
SO,320,74.2368
SO,321,74.3422
SO,322,74.5679
SO,323,74.1693
SO,324,74.5968
SO,325,74.0249
SO,326,74.8080
SO,327,72.8074
SO,328,73.3932
SO,329,73.7169
SO,330,73.4406
SO,331,74.1176
SO,332,74.7351
SO,333,75.4831
SO,334,75.4799
SO,335,74.7113
SO,336,74.0536
SO,337,73.3491
SO,338,73.1387
SO,339,73.6844
SO,340,72.8615
SO,341,73.1528
SO,342,72.8389
SO,343,73.6633
SO,344,73.6139
SO,345,74.0786
SO,346,74.6455
SO,347,74.5948
SO,348,72.9948
SO,349,73.7979
SO,350,74.3322
SO,351,74.5355
SO,352,74.7260
SO,353,75.6208
SO,354,74.5064
SO,355,75.0188
SO,356,75.2384
SO,357,74.6599
SO,358,75.0707
SO,359,75.4278
SO,360,75.9993
SO,361,76.5778
SO,362,76.0650
SO,363,75.0664
SO,364,75.1363
SO,365,76.0605
SO,366,75.5211
SO,367,74.6657
SO,368,74.9944
SO,369,74.1227
SO,370,73.8707
SO,371,74.3157
SO,372,75.7738
SO,373,76.2820
SO,374,75.2289
SO,375,75.8190
SO,376,75.4911
SO,377,75.5283
SO,378,74.9387
SO,379,74.5307
SO,380,74.1887
SO,381,75.0885
SO,382,74.5583
SO,383,76.0262
SO,384,75.9430
SO,385,75.6869
SO,386,76.7113
SO,387,77.2155
SO,388,77.7356
SO,389,77.3728
SO,390,76.9020
SO,391,78.0873
SO,392,77.5097
SO,393,76.7063
SO,394,76.4124
SO,395,75.8637
SO,396,75.4685
SO,397,74.8365
SO,398,74.1452
SO,399,74.8716
SO,400,74.8592
SO,401,74.4409
SO,402,72.9262
SO,403,71.9120
SO,404,72.3846
SO,405,72.2516
SO,406,72.4985
SO,407,70.9587
SO,408,70.8431
SO,409,71.0666
SO,410,70.8884
SO,411,71.0037
SO,412,73.7184
SO,413,74.0651
SO,414,72.9821
SO,415,73.8059
SO,416,74.0411
SO,417,73.6320
SO,418,73.8416
SO,419,73.8235
SO,420,74.4408
SO,421,72.7533
SO,422,72.8345
SO,423,73.7864
SO,424,74.9733
SO,425,73.9541
SO,426,74.2224
SO,427,73.2637
SO,428,71.6950
SO,429,71.7769
SO,430,72.1240
SO,431,71.6207
SO,432,73.1185
SO,433,71.7543
SO,434,71.4373
SO,435,71.7509
SO,436,72.0019
SO,437,72.3671
SO,438,72.5989
SO,439,71.9594
SO,440,72.6307
SO,441,72.4972
SO,442,73.0924
SO,443,72.9877
SO,444,73.9685
SO,445,75.0492
SO,446,73.3510
SO,447,74.5748
SO,448,74.8692
SO,449,74.5031
SO,450,74.4844
SO,451,74.5055
SO,452,75.0098
SO,453,75.1160
SO,454,75.0106
SO,455,74.1962
SO,456,75.2666
SO,457,74.6319
SO,458,75.2140
SO,459,74.3452
SO,460,75.1941
SO,461,75.0885
SO,462,74.7555
SO,463,74.6457
SO,464,73.4372
SO,465,73.3293
SO,466,74.4454
SO,467,74.8861
SO,468,76.3461
SO,469,75.4640
SO,470,75.7048
SO,471,76.3202
SO,472,77.2766
SO,473,77.6534
SO,474,77.0252
SO,475,76.1764
SO,476,75.7873
SO,477,74.0649
SO,478,73.2109
SO,479,72.4272
SO,480,71.8542
SO,481,73.3354
SO,482,72.8209
SO,483,72.7415
SO,484,72.4960
SO,485,72.9590
SO,486,73.3569
SO,487,73.6893
SO,488,74.6871
SO,489,74.7993
SO,490,75.7085
SO,491,77.6355
SO,492,78.1112
SO,493,76.8405
SO,494,76.7580
SO,495,75.8512
SO,496,74.8659
SO,497,73.9473
SO,498,73.3001
SO,499,72.7691
SO,500,72.3828
SO,501,73.0402
SO,502,73.0277
SO,503,73.0143
SO,504,73.5613
AEP,0,90.0000
AEP,1,89.8838
AEP,2,90.0790
AEP,3,92.4377
AEP,4,92.3541
AEP,5,91.6872
AEP,6,92.5636
AEP,7,90.8034
AEP,8,89.0338
AEP,9,88.0208
AEP,10,87.9577
AEP,11,87.9910
AEP,12,86.3666
AEP,13,86.8916
AEP,14,87.4640
AEP,15,86.8753
AEP,16,86.9985
AEP,17,87.9034
AEP,18,87.8182
AEP,19,87.5317
AEP,20,85.8305
AEP,21,85.5651
AEP,22,86.1062
AEP,23,88.3041
AEP,24,89.8020
AEP,25,89.8694
AEP,26,91.0737
AEP,27,92.4227
AEP,28,93.7337
AEP,29,94.2404
AEP,30,94.0603
AEP,31,94.8302
AEP,32,95.5627
AEP,33,94.3729
AEP,34,94.6753
AEP,35,94.2545
AEP,36,95.3327
AEP,37,94.2045
AEP,38,94.4384
AEP,39,92.8644
AEP,40,92.9584
AEP,41,90.9547
AEP,42,90.1189
AEP,43,89.4111
AEP,44,89.4694
AEP,45,89.6834
AEP,46,89.8337
AEP,47,87.9308
AEP,48,87.1213
AEP,49,86.3025
AEP,50,85.9353
AEP,51,84.1889
AEP,52,83.1416
AEP,53,81.3408
AEP,54,80.8992
AEP,55,82.8330
AEP,56,82.3513
AEP,57,80.6960
AEP,58,81.2993
AEP,59,81.0903
AEP,60,81.7850
AEP,61,81.7644
AEP,62,81.9887
AEP,63,82.4680
AEP,64,82.3300
AEP,65,81.4983
AEP,66,80.6141
AEP,67,80.1171
AEP,68,80.5725
AEP,69,80.8581
AEP,70,81.4248
AEP,71,82.2861
AEP,72,82.6444
AEP,73,79.7509
AEP,74,79.0172
AEP,75,77.8035
AEP,76,77.6432
AEP,77,78.5121
AEP,78,78.1857
AEP,79,77.7621
AEP,80,79.0802
AEP,81,80.0484
AEP,82,80.8555
AEP,83,80.7048
AEP,84,81.6415
AEP,85,81.7808
AEP,86,82.0777
AEP,87,81.9370
AEP,88,81.8166
AEP,89,82.7532
AEP,90,83.7462
AEP,91,82.3172
AEP,92,83.8856
AEP,93,84.1643
AEP,94,84.7817
AEP,95,85.6841
AEP,96,85.8588
AEP,97,84.5099
AEP,98,84.4539
AEP,99,84.3437
AEP,100,84.6260
AEP,101,84.5473
AEP,102,82.3967
AEP,103,81.5895
AEP,104,82.6494
AEP,105,83.8442
AEP,106,85.9197
AEP,107,85.4498
AEP,108,84.9397
AEP,109,84.0357
AEP,110,83.8245
AEP,111,81.8417
AEP,112,83.1704
AEP,113,84.0748
AEP,114,84.9904
AEP,115,86.5577
AEP,116,84.9331
AEP,117,86.1248
AEP,118,84.1050
AEP,119,84.8578
AEP,120,84.6800
AEP,121,84.0646
AEP,122,85.9493
AEP,123,85.2761
AEP,124,84.7560
AEP,125,83.4274
AEP,126,84.6412
AEP,127,84.7182
AEP,128,84.6707
AEP,129,83.8066
AEP,130,84.4847
AEP,131,84.1108
AEP,132,84.0332
AEP,133,82.9782
AEP,134,83.1913
AEP,135,83.5143
AEP,136,82.4580
AEP,137,82.8842
AEP,138,81.7804
AEP,139,82.3572
AEP,140,82.0812
AEP,141,81.7638
AEP,142,80.0119
AEP,143,79.7212
AEP,144,78.8021
AEP,145,79.7231
AEP,146,80.2212
AEP,147,77.9965
AEP,148,77.2745
AEP,149,75.8858
AEP,150,76.1904
AEP,151,76.1360
AEP,152,75.4490
AEP,153,74.8262
AEP,154,75.1251
AEP,155,74.9391
AEP,156,75.5950
AEP,157,76.5534
AEP,158,75.3148
AEP,159,75.4409
AEP,160,75.1855
AEP,161,73.9027
AEP,162,73.1144
AEP,163,71.7427
AEP,164,70.8063
AEP,165,71.9508
AEP,166,72.9135
AEP,167,71.3610
AEP,168,71.3199
AEP,169,71.2252
AEP,170,71.6713
AEP,171,71.5878
AEP,172,71.7942
AEP,173,72.1685
AEP,174,71.8798
AEP,175,72.5830
AEP,176,73.9227
AEP,177,73.5334
AEP,178,72.8795
AEP,179,74.7009
AEP,180,73.5218
AEP,181,73.6828
AEP,182,73.5023
AEP,183,73.7157
AEP,184,73.2552
AEP,185,73.9005
AEP,186,73.6400
AEP,187,72.4401
AEP,188,72.5816
AEP,189,72.9974
AEP,190,73.3620
AEP,191,73.7922
AEP,192,73.9563
AEP,193,74.5608
AEP,194,73.6076
AEP,195,72.6602
AEP,196,73.1750
AEP,197,72.7483
AEP,198,73.4672
AEP,199,74.2141
AEP,200,74.8687
AEP,201,75.0445
AEP,202,74.7322
AEP,203,73.8750
AEP,204,74.0759
AEP,205,74.3049
AEP,206,73.2515
AEP,207,72.1745
AEP,208,73.3302
AEP,209,73.5988
AEP,210,73.8282
AEP,211,73.0822
AEP,212,73.9566
AEP,213,74.0402
AEP,214,73.7629
AEP,215,73.6614
AEP,216,73.9127
AEP,217,74.5926
AEP,218,72.3204
AEP,219,72.7606
AEP,220,74.5052
AEP,221,73.8646
AEP,222,74.3408
AEP,223,73.7743
AEP,224,73.2299
AEP,225,73.2721
AEP,226,74.0138
AEP,227,73.6381
AEP,228,73.4693
AEP,229,72.0991
AEP,230,72.6303
AEP,231,72.1199
AEP,232,71.9467
AEP,233,70.5725
AEP,234,70.3056
AEP,235,69.1706
AEP,236,69.1179
AEP,237,69.8126
AEP,238,69.6554
AEP,239,69.1497
AEP,240,68.3762
AEP,241,67.9625
AEP,242,68.7902
AEP,243,69.2130
AEP,244,68.2842
AEP,245,67.2192
AEP,246,68.7272
AEP,247,67.6481
AEP,248,67.5745
AEP,249,67.5993
AEP,250,68.5481
AEP,251,68.4370
AEP,252,68.7374
AEP,253,69.6448
AEP,254,70.2155
AEP,255,70.1076
AEP,256,69.4104
AEP,257,69.6640
AEP,258,69.4280
AEP,259,70.2098
AEP,260,70.9586
AEP,261,70.5446
AEP,262,71.5345
AEP,263,71.5154
AEP,264,72.3756
AEP,265,71.9379
AEP,266,69.7664
AEP,267,69.6952
AEP,268,69.9930
AEP,269,71.3133
AEP,270,70.7320
AEP,271,70.9344
AEP,272,70.0791
AEP,273,69.5256
AEP,274,70.4725
AEP,275,70.1087
AEP,276,71.4546
AEP,277,71.4629
AEP,278,71.6112
AEP,279,71.0188
AEP,280,70.8006
AEP,281,70.5713
AEP,282,70.2631
AEP,283,70.4000
AEP,284,70.3268
AEP,285,71.1156
AEP,286,70.7310
AEP,287,69.9434
AEP,288,69.5824
AEP,289,69.1233
AEP,290,69.4180
AEP,291,70.2864
AEP,292,71.4007
AEP,293,71.6235
AEP,294,72.9151
AEP,295,73.4668
AEP,296,73.5031
AEP,297,75.0692
AEP,298,76.7499
AEP,299,78.3751
AEP,300,78.8207
AEP,301,78.2226
AEP,302,77.9401
AEP,303,78.3430
AEP,304,77.7120
AEP,305,78.4224
AEP,306,78.6023
AEP,307,78.8262
AEP,308,77.8556
AEP,309,75.7541
AEP,310,76.5937
AEP,311,76.6900
AEP,312,76.9705
AEP,313,78.1979
AEP,314,78.0946
AEP,315,78.1088
AEP,316,78.9313
AEP,317,78.3313
AEP,318,78.2073
AEP,319,78.3877
AEP,320,79.9419
AEP,321,79.7746
AEP,322,81.0280
AEP,323,80.5620
AEP,324,82.0517
AEP,325,81.9859
AEP,326,81.8143
AEP,327,81.9239
AEP,328,81.7383
AEP,329,81.4152
AEP,330,82.2743
AEP,331,82.6066
AEP,332,82.7729
AEP,333,83.3865
AEP,334,84.3376
AEP,335,85.0971
AEP,336,84.0441
AEP,337,83.9773
AEP,338,84.8974
AEP,339,85.1371
AEP,340,84.5834
AEP,341,85.4660
AEP,342,84.9350
AEP,343,85.5220
AEP,344,86.0354
AEP,345,86.8779
AEP,346,88.0528
AEP,347,86.9513
AEP,348,86.0022
AEP,349,85.3101
AEP,350,85.7849
AEP,351,86.7504
AEP,352,86.9630
AEP,353,87.8806
AEP,354,87.2820
AEP,355,87.1192
AEP,356,86.6857
AEP,357,85.1294
AEP,358,86.4965
AEP,359,86.4596
AEP,360,86.0514
AEP,361,84.9313
AEP,362,84.1702
AEP,363,83.7156
AEP,364,84.1685
AEP,365,83.3295
AEP,366,84.6529
AEP,367,84.7232
AEP,368,84.4447
AEP,369,82.8709
AEP,370,82.4963
AEP,371,82.8817
AEP,372,82.4881
AEP,373,83.0959
AEP,374,83.4601
AEP,375,83.6833
AEP,376,82.6963
AEP,377,83.3535
AEP,378,83.9691
AEP,379,84.3058
AEP,380,84.1670
AEP,381,84.9419
AEP,382,84.9439
AEP,383,86.1947
AEP,384,86.4597
AEP,385,86.0402
AEP,386,86.4705
AEP,387,87.1361
AEP,388,87.0717
AEP,389,85.7019
AEP,390,85.2477
AEP,391,86.4382
AEP,392,85.1396
AEP,393,83.6742
AEP,394,83.2019
AEP,395,84.0409
AEP,396,82.2164
AEP,397,82.2844
AEP,398,81.3281
AEP,399,81.2354
AEP,400,82.1279
AEP,401,80.6986
AEP,402,80.4280
AEP,403,80.2846
AEP,404,80.9357
AEP,405,81.1699
AEP,406,81.3635
AEP,407,80.3768
AEP,408,80.3993
AEP,409,81.1355
AEP,410,81.1583
AEP,411,80.4318
AEP,412,82.5242
AEP,413,82.3731
AEP,414,81.0306
AEP,415,81.5336
AEP,416,82.0897
AEP,417,82.7842
AEP,418,83.5970
AEP,419,83.1798
AEP,420,83.9186
AEP,421,81.4272
AEP,422,81.9938
AEP,423,81.6836
AEP,424,81.6551
AEP,425,80.8138
AEP,426,80.3168
AEP,427,79.0492
AEP,428,77.9782
AEP,429,78.8945
AEP,430,78.6916
AEP,431,77.9755
AEP,432,79.0067
AEP,433,77.6176
AEP,434,76.8941
AEP,435,76.9607
AEP,436,78.0402
AEP,437,79.9497
AEP,438,79.2365
AEP,439,78.4072
AEP,440,79.6229
AEP,441,79.7037
AEP,442,80.5801
AEP,443,80.0168
AEP,444,81.2724
AEP,445,81.9441
AEP,446,81.3412
AEP,447,81.4246
AEP,448,81.8723
AEP,449,80.8999
AEP,450,81.9113
AEP,451,83.2630
AEP,452,84.6767
AEP,453,84.1914
AEP,454,83.3288
AEP,455,81.8781
AEP,456,81.4859
AEP,457,81.1271
AEP,458,81.7899
AEP,459,81.4180
AEP,460,82.8350
AEP,461,83.0457
AEP,462,82.4839
AEP,463,82.4851
AEP,464,81.6759
AEP,465,81.9149
AEP,466,82.3382
AEP,467,82.9610
AEP,468,84.5717
AEP,469,85.1182
AEP,470,85.3305
AEP,471,85.5746
AEP,472,85.9061
AEP,473,86.1877
AEP,474,85.8122
AEP,475,85.4204
AEP,476,84.7788
AEP,477,83.6201
AEP,478,83.4335
AEP,479,82.0332
AEP,480,81.3490
AEP,481,82.7155
AEP,482,82.7173
AEP,483,84.2801
AEP,484,84.0199
AEP,485,85.2125
AEP,486,83.6327
AEP,487,83.7697
AEP,488,84.9215
AEP,489,84.7259
AEP,490,86.0836
AEP,491,88.7562
AEP,492,88.7823
AEP,493,87.9666
AEP,494,88.9484
AEP,495,89.3978
AEP,496,88.9302
AEP,497,87.7600
AEP,498,87.7637
AEP,499,86.9289
AEP,500,86.5105
AEP,501,86.5099
AEP,502,86.0941
AEP,503,86.4182
AEP,504,86.3270
AMT,0,195.0000
AMT,1,195.1985
AMT,2,196.9556
AMT,3,200.8211
AMT,4,203.5977
AMT,5,205.4891
AMT,6,200.0696
AMT,7,201.3129
AMT,8,200.5538
AMT,9,198.3134
AMT,10,197.2544
AMT,11,196.0786
AMT,12,195.8801
AMT,13,200.0992
AMT,14,200.7786
AMT,15,199.8538
AMT,16,205.2084
AMT,17,200.3881
AMT,18,198.3975
AMT,19,198.9705
AMT,20,193.1887
AMT,21,189.4910
AMT,22,191.6223
AMT,23,196.5900
AMT,24,195.9703
AMT,25,196.6148
AMT,26,197.9443
AMT,27,201.7893
AMT,28,202.8148
AMT,29,201.2076
AMT,30,200.6216
AMT,31,197.6856
AMT,32,199.8444
AMT,33,199.7652
AMT,34,201.1925
AMT,35,198.8389
AMT,36,196.7846
AMT,37,195.0415
AMT,38,197.4774
AMT,39,195.9211
AMT,40,197.7984
AMT,41,196.2443
AMT,42,196.1841
AMT,43,195.6438
AMT,44,192.8740
AMT,45,195.2335
AMT,46,193.8847
AMT,47,193.6398
AMT,48,192.7354
AMT,49,188.4002
AMT,50,187.8446
AMT,51,186.0607
AMT,52,182.5776
AMT,53,183.5368
AMT,54,183.3789
AMT,55,183.3486
AMT,56,179.4360
AMT,57,179.0309
AMT,58,177.2751
AMT,59,170.0377
AMT,60,166.3794
AMT,61,164.2004
AMT,62,160.5702
AMT,63,160.8398
AMT,64,158.1215
AMT,65,160.0671
AMT,66,159.2994
AMT,67,161.8251
AMT,68,162.4486
AMT,69,161.1416
AMT,70,159.6009
AMT,71,164.2484
AMT,72,163.1785
AMT,73,156.4566
AMT,74,157.9392
AMT,75,153.6837
AMT,76,153.8248
AMT,77,154.4268
AMT,78,158.6240
AMT,79,160.3258
AMT,80,163.2801
AMT,81,163.5075
AMT,82,165.8247
AMT,83,163.4457
AMT,84,164.0121
AMT,85,162.9686
AMT,86,160.8479
AMT,87,163.1437
AMT,88,162.4622
AMT,89,160.6709
AMT,90,160.1791
AMT,91,156.5914
AMT,92,157.6911
AMT,93,155.1445
AMT,94,154.7146
AMT,95,156.0073
AMT,96,157.7740
AMT,97,155.2392
AMT,98,156.1022
AMT,99,154.9398
AMT,100,157.2642
AMT,101,158.3792
AMT,102,154.4122
AMT,103,157.0606
AMT,104,159.1235
AMT,105,160.0050
AMT,106,164.0790
AMT,107,163.5739
AMT,108,162.3177
AMT,109,163.5459
AMT,110,162.2289
AMT,111,161.6517
AMT,112,165.2724
AMT,113,169.1835
AMT,114,168.2899
AMT,115,171.4288
AMT,116,169.2205
AMT,117,170.3017
AMT,118,164.6394
AMT,119,161.2392
AMT,120,161.0339
AMT,121,160.3499
AMT,122,160.5389
AMT,123,157.5344
AMT,124,160.4898
AMT,125,159.1917
AMT,126,159.9095
AMT,127,159.0170
AMT,128,160.7956
AMT,129,160.3759
AMT,130,157.3313
AMT,131,157.9640
AMT,132,155.2985
AMT,133,151.0659
AMT,134,153.4046
AMT,135,154.2788
AMT,136,153.2982
AMT,137,152.3432
AMT,138,149.2615
AMT,139,152.7972
AMT,140,151.4683
AMT,141,151.1857
AMT,142,149.9263
AMT,143,149.5978
AMT,144,148.2929
AMT,145,151.3766
AMT,146,150.5673
AMT,147,148.2282
AMT,148,146.8612
AMT,149,146.3280
AMT,150,146.8407
AMT,151,149.1347
AMT,152,150.0363
AMT,153,147.2205
AMT,154,151.2245
AMT,155,147.5118
AMT,156,151.1375
AMT,157,149.2275
AMT,158,144.8870
AMT,159,142.7081
AMT,160,142.2682
AMT,161,139.4374
AMT,162,137.2305
AMT,163,135.0936
AMT,164,137.7930
AMT,165,137.8265
AMT,166,137.7675
AMT,167,138.6318
AMT,168,138.6075
AMT,169,135.8728
AMT,170,134.9162
AMT,171,136.5015
AMT,172,139.4855
AMT,173,136.8726
AMT,174,136.4369
AMT,175,138.2796
AMT,176,141.9258
AMT,177,142.9302
AMT,178,144.6072
AMT,179,145.3126
AMT,180,147.9365
AMT,181,148.4784
AMT,182,145.5085
AMT,183,142.8827
AMT,184,144.6422
AMT,185,145.1614
AMT,186,147.5616
AMT,187,143.8734
AMT,188,141.6279
AMT,189,142.6638
AMT,190,139.6808
AMT,191,141.6035
AMT,192,140.4972
AMT,193,142.6417
AMT,194,143.1714
AMT,195,144.1247
AMT,196,144.4107
AMT,197,148.3217
AMT,198,147.9855
AMT,199,149.4653
AMT,200,151.4178
AMT,201,151.0823
AMT,202,147.2210
AMT,203,146.0932
AMT,204,147.8897
AMT,205,150.5923
AMT,206,149.6515
AMT,207,146.1442
AMT,208,146.8839
AMT,209,145.3115
AMT,210,146.9812
AMT,211,145.5029
AMT,212,144.9145
AMT,213,142.3137
AMT,214,141.8723
AMT,215,145.6357
AMT,216,146.5325
AMT,217,149.9987
AMT,218,148.1990
AMT,219,147.9069
AMT,220,149.1694
AMT,221,146.8915
AMT,222,148.9024
AMT,223,145.3397
AMT,224,142.2852
AMT,225,145.6531
AMT,226,148.0252
AMT,227,150.2900
AMT,228,149.0233
AMT,229,148.0601
AMT,230,146.8391
AMT,231,141.0870
AMT,232,139.4585
AMT,233,141.8277
AMT,234,138.5644
AMT,235,137.9769
AMT,236,136.5654
AMT,237,137.6639
AMT,238,136.8384
AMT,239,137.7300
AMT,240,134.2881
AMT,241,133.6500
AMT,242,134.7424
AMT,243,133.5321
AMT,244,133.2823
AMT,245,130.7180
AMT,246,131.7539
AMT,247,128.2322
AMT,248,127.0930
AMT,249,127.6639
AMT,250,128.2841
AMT,251,132.4475
AMT,252,132.6586
AMT,253,132.4434
AMT,254,132.6067
AMT,255,134.7069
AMT,256,132.9047
AMT,257,134.1430
AMT,258,132.7349
AMT,259,134.9653
AMT,260,132.6188
AMT,261,133.2227
AMT,262,133.2952
AMT,263,134.3266
AMT,264,136.8978
AMT,265,138.0580
AMT,266,134.5436
AMT,267,134.5854
AMT,268,133.0741
AMT,269,135.6907
AMT,270,134.3065
AMT,271,135.5669
AMT,272,133.9120
AMT,273,131.3734
AMT,274,132.0946
AMT,275,131.9500
AMT,276,132.5948
AMT,277,131.5746
AMT,278,132.1142
AMT,279,129.7994
AMT,280,128.9641
AMT,281,129.5742
AMT,282,128.0048
AMT,283,128.3644
AMT,284,126.6626
AMT,285,126.1614
AMT,286,130.1435
AMT,287,130.3716
AMT,288,131.9898
AMT,289,132.6665
AMT,290,134.5810
AMT,291,133.2705
AMT,292,135.9222
AMT,293,138.8424
AMT,294,138.7295
AMT,295,140.3094
AMT,296,141.6405
AMT,297,143.2564
AMT,298,145.1147
AMT,299,146.2481
AMT,300,149.3361
AMT,301,151.3588
AMT,302,150.0939
AMT,303,149.3362
AMT,304,151.2613
AMT,305,153.6369
AMT,306,154.6822
AMT,307,156.2607
AMT,308,157.0634
AMT,309,155.1883
AMT,310,158.3765
AMT,311,160.0942
AMT,312,161.0779
AMT,313,160.6650
AMT,314,158.2247
AMT,315,159.6665
AMT,316,158.6778
AMT,317,154.9949
AMT,318,157.0973
AMT,319,156.0765
AMT,320,155.4493
AMT,321,159.0322
AMT,322,160.6718
AMT,323,159.0814
AMT,324,159.2713
AMT,325,158.3795
AMT,326,157.7546
AMT,327,155.0728
AMT,328,154.5764
AMT,329,156.4707
AMT,330,158.2370
AMT,331,161.4073
AMT,332,163.4716
AMT,333,164.4879
AMT,334,161.5411
AMT,335,161.6271
AMT,336,162.9834
AMT,337,163.8527
AMT,338,161.4946
AMT,339,159.9931
AMT,340,158.1635
AMT,341,159.4845
AMT,342,160.9605
AMT,343,159.7923
AMT,344,159.0949
AMT,345,161.1965
AMT,346,164.5783
AMT,347,163.2259
AMT,348,159.0127
AMT,349,158.9714
AMT,350,160.6508
AMT,351,162.9254
AMT,352,163.3135
AMT,353,162.3166
AMT,354,161.9932
AMT,355,166.9089
AMT,356,166.5523
AMT,357,166.0015
AMT,358,167.4892
AMT,359,169.4686
AMT,360,171.9775
AMT,361,175.3671
AMT,362,179.4990
AMT,363,178.2049
AMT,364,177.1588
AMT,365,181.1834
AMT,366,183.3856
AMT,367,183.4468
AMT,368,183.0962
AMT,369,184.5849
AMT,370,183.5364
AMT,371,181.6411
AMT,372,183.1471
AMT,373,183.4947
AMT,374,182.7550
AMT,375,182.2890
AMT,376,177.8216
AMT,377,180.7713
AMT,378,182.1869
AMT,379,178.0791
AMT,380,176.6163
AMT,381,177.8812
AMT,382,175.5305
AMT,383,176.6647
AMT,384,178.8529
AMT,385,174.9881
AMT,386,173.4462
AMT,387,173.2437
AMT,388,172.2387
AMT,389,169.9319
AMT,390,167.9747
AMT,391,170.3426
AMT,392,165.6136
AMT,393,166.2035
AMT,394,161.7515
AMT,395,162.1935
AMT,396,161.1990
AMT,397,159.6853
AMT,398,157.9162
AMT,399,157.7606
AMT,400,156.7717
AMT,401,157.3154
AMT,402,157.2483
AMT,403,153.7287
AMT,404,152.6603
AMT,405,150.7141
AMT,406,150.0119
AMT,407,149.4944
AMT,408,147.4140
AMT,409,149.6987
AMT,410,148.2298
AMT,411,147.7937
AMT,412,149.4713
AMT,413,152.8849
AMT,414,149.3106
AMT,415,147.3425
AMT,416,148.7049
AMT,417,146.1682
AMT,418,146.6301
AMT,419,144.5948
AMT,420,145.8794
AMT,421,142.6477
AMT,422,143.7808
AMT,423,143.7125
AMT,424,144.4579
AMT,425,142.3874
AMT,426,144.2790
AMT,427,144.9226
AMT,428,143.1438
AMT,429,143.1482
AMT,430,141.7372
AMT,431,143.3132
AMT,432,148.8400
AMT,433,149.9777
AMT,434,149.3036
AMT,435,151.1993
AMT,436,152.8095
AMT,437,153.3837
AMT,438,153.0846
AMT,439,151.3190
AMT,440,153.8821
AMT,441,152.6764
AMT,442,154.7451
AMT,443,156.5880
AMT,444,158.4843
AMT,445,161.9466
AMT,446,162.0866
AMT,447,161.9738
AMT,448,163.1158
AMT,449,157.7630
AMT,450,155.5060
AMT,451,156.7984
AMT,452,159.7492
AMT,453,158.2638
AMT,454,159.6248
AMT,455,159.3862
AMT,456,159.1630
AMT,457,163.4981
AMT,458,164.3790
AMT,459,163.5316
AMT,460,163.5288
AMT,461,160.7423
AMT,462,157.9118
AMT,463,159.5824
AMT,464,156.5399
AMT,465,156.8908
AMT,466,156.4708
AMT,467,154.9131
AMT,468,156.8714
AMT,469,157.8130
AMT,470,159.1619
AMT,471,161.0042
AMT,472,159.8612
AMT,473,158.9363
AMT,474,161.1488
AMT,475,163.4631
AMT,476,164.5250
AMT,477,167.0070
AMT,478,164.9848
AMT,479,162.8162
AMT,480,161.2630
AMT,481,163.6605
AMT,482,160.8510
AMT,483,164.3858
AMT,484,165.8343
AMT,485,166.5212
AMT,486,166.0048
AMT,487,167.1633
AMT,488,173.4220
AMT,489,175.5759
AMT,490,174.6706
AMT,491,178.6733
AMT,492,182.0667
AMT,493,182.5960
AMT,494,185.1630
AMT,495,187.4848
AMT,496,185.0950
AMT,497,182.4897
AMT,498,182.9407
AMT,499,181.5033
AMT,500,182.0121
AMT,501,182.6439
AMT,502,186.2298
AMT,503,183.1494
AMT,504,184.0829
PLD,0,120.0000
PLD,1,117.0268
PLD,2,115.8719
PLD,3,117.1894
PLD,4,116.8517
PLD,5,119.2083
PLD,6,115.7780
PLD,7,117.6109
PLD,8,116.9723
PLD,9,113.8089
PLD,10,110.8088
PLD,11,110.3412
PLD,12,110.1541
PLD,13,110.1969
PLD,14,110.8385
PLD,15,111.2973
PLD,16,112.0857
PLD,17,109.9663
PLD,18,109.9321
PLD,19,111.7281
PLD,20,109.1415
PLD,21,110.4390
PLD,22,109.8808
PLD,23,111.1194
PLD,24,112.0528
PLD,25,108.4049
PLD,26,109.5224
PLD,27,110.1562
PLD,28,109.1410
PLD,29,109.2907
PLD,30,109.9552
PLD,31,110.6259
PLD,32,109.7533
PLD,33,110.2062
PLD,34,111.1373
PLD,35,110.3387
PLD,36,107.9226
PLD,37,106.8952
PLD,38,108.9722
PLD,39,104.8680
PLD,40,106.3942
PLD,41,105.4820
PLD,42,104.8047
PLD,43,100.2658
PLD,44,99.3130
PLD,45,99.2727
PLD,46,99.2331
PLD,47,99.8572
PLD,48,97.6855
PLD,49,95.5413
PLD,50,96.0628
PLD,51,95.5526
PLD,52,94.2114
PLD,53,92.6451
PLD,54,92.1046
PLD,55,95.2091
PLD,56,93.4081
PLD,57,93.0999
PLD,58,93.8212
PLD,59,91.1906
PLD,60,91.5354
PLD,61,89.6166
PLD,62,88.5539
PLD,63,90.3041
PLD,64,90.3208
PLD,65,92.5574
PLD,66,89.7614
PLD,67,90.8290
PLD,68,89.4967
PLD,69,88.2306
PLD,70,88.0551
PLD,71,88.5842
PLD,72,88.2551
PLD,73,84.7467
PLD,74,83.5480
PLD,75,80.3159
PLD,76,81.5837
PLD,77,83.3079
PLD,78,83.9137
PLD,79,83.9528
PLD,80,83.6967
PLD,81,84.2268
PLD,82,83.7352
PLD,83,82.2161
PLD,84,82.9624
PLD,85,83.8314
PLD,86,83.0655
PLD,87,83.7690
PLD,88,84.9069
PLD,89,83.7725
PLD,90,85.2676
PLD,91,82.7573
PLD,92,82.8931
PLD,93,79.9757
PLD,94,80.4974
PLD,95,81.1342
PLD,96,81.5486
PLD,97,81.4814
PLD,98,80.4302
PLD,99,78.1102
PLD,100,79.9247
PLD,101,77.7951
PLD,102,76.3531
PLD,103,75.5505
PLD,104,77.9650
PLD,105,77.8886
PLD,106,80.7910
PLD,107,78.9019
PLD,108,78.1913
PLD,109,77.2707
PLD,110,76.9742
PLD,111,76.5246
PLD,112,78.1470
PLD,113,78.1309
PLD,114,78.5597
PLD,115,79.3357
PLD,116,78.6201
PLD,117,78.7344
PLD,118,79.0406
PLD,119,79.2032
PLD,120,78.8358
PLD,121,79.7435
PLD,122,80.6602
PLD,123,79.7338
PLD,124,80.0145
PLD,125,78.8919
PLD,126,78.9717
PLD,127,80.6831
PLD,128,80.6994
PLD,129,80.2032
PLD,130,78.4727
PLD,131,79.9207
PLD,132,78.3390
PLD,133,78.5636
PLD,134,78.9728
PLD,135,78.8498
PLD,136,81.0684
PLD,137,80.9604
PLD,138,80.4495
PLD,139,81.3694
PLD,140,80.3135
PLD,141,79.6256
PLD,142,76.7921
PLD,143,75.5851
PLD,144,74.3765
PLD,145,76.5951
PLD,146,75.4820
PLD,147,73.5025
PLD,148,73.3874
PLD,149,73.1175
PLD,150,74.7902
PLD,151,76.6752
PLD,152,75.6137
PLD,153,75.5565
PLD,154,77.9042
PLD,155,76.5209
PLD,156,78.4529
PLD,157,78.3229
PLD,158,76.7006
PLD,159,77.2105
PLD,160,76.6235
PLD,161,76.5342
PLD,162,74.8769
PLD,163,74.1845
PLD,164,73.9422
PLD,165,75.0609
PLD,166,76.5972
PLD,167,78.1366
PLD,168,74.9889
PLD,169,73.9092
PLD,170,73.8230
PLD,171,75.4374
PLD,172,75.8460
PLD,173,74.1833
PLD,174,72.9879
PLD,175,73.7238
PLD,176,73.6659
PLD,177,74.3978
PLD,178,74.2131
PLD,179,73.6824
PLD,180,74.7993
PLD,181,75.7947
PLD,182,74.6336
PLD,183,74.9143
PLD,184,74.5805
PLD,185,75.0869
PLD,186,75.1888
PLD,187,72.5381
PLD,188,71.5979
PLD,189,71.9205
PLD,190,70.4505
PLD,191,71.4856
PLD,192,72.0676
PLD,193,73.3072
PLD,194,72.6793
PLD,195,72.9068
PLD,196,72.8297
PLD,197,73.1774
PLD,198,74.1830
PLD,199,75.3311
PLD,200,75.0156
PLD,201,74.1505
PLD,202,72.7249
PLD,203,73.3240
PLD,204,73.7454
PLD,205,74.0162
PLD,206,73.3691
PLD,207,73.6679
PLD,208,75.8062
PLD,209,76.5064
PLD,210,78.2060
PLD,211,77.3879
PLD,212,78.1612
PLD,213,77.9268
PLD,214,76.8249
PLD,215,78.7522
PLD,216,78.9066
PLD,217,80.4995
PLD,218,78.6995
PLD,219,80.0593
PLD,220,80.6336
PLD,221,80.8254
PLD,222,82.2292
PLD,223,81.8737
PLD,224,81.0662
PLD,225,82.9628
PLD,226,83.5725
PLD,227,82.5053
PLD,228,82.0306
PLD,229,82.1843
PLD,230,82.0158
PLD,231,80.7502
PLD,232,81.1562
PLD,233,84.0814
PLD,234,82.0382
PLD,235,80.4157
PLD,236,81.2361
PLD,237,82.5880
PLD,238,81.9789
PLD,239,83.5786
PLD,240,82.3917
PLD,241,81.3916
PLD,242,82.4491
PLD,243,83.9192
PLD,244,83.0860
PLD,245,80.2635
PLD,246,81.9660
PLD,247,79.8899
PLD,248,80.0544
PLD,249,77.6364
PLD,250,79.1335
PLD,251,81.9853
PLD,252,81.9385
PLD,253,80.5373
PLD,254,81.9689
PLD,255,80.6114
PLD,256,80.2469
PLD,257,79.3861
PLD,258,76.5941
PLD,259,77.0872
PLD,260,76.4915
PLD,261,75.9928
PLD,262,75.9210
PLD,263,75.4257
PLD,264,76.3015
PLD,265,77.7557
PLD,266,77.7021
PLD,267,78.1196
PLD,268,77.5869
PLD,269,78.1322
PLD,270,78.5892
PLD,271,79.4334
PLD,272,79.6196
PLD,273,79.4649
PLD,274,80.8661
PLD,275,80.7674
PLD,276,82.8550
PLD,277,82.5078
PLD,278,81.8350
PLD,279,81.5425
PLD,280,79.3128
PLD,281,78.8603
PLD,282,77.0153
PLD,283,76.4612
PLD,284,75.4980
PLD,285,75.6626
PLD,286,78.0124
PLD,287,80.1710
PLD,288,83.4104
PLD,289,82.6849
PLD,290,83.2023
PLD,291,84.4529
PLD,292,85.6389
PLD,293,86.9187
PLD,294,88.6393
PLD,295,89.0884
PLD,296,89.9919
PLD,297,92.4158
PLD,298,94.4944
PLD,299,92.6535
PLD,300,95.0571
PLD,301,96.6034
PLD,302,98.2026
PLD,303,98.5359
PLD,304,99.0765
PLD,305,101.2222
PLD,306,101.7181
PLD,307,101.6703
PLD,308,102.8256
PLD,309,99.6601
PLD,310,100.8830
PLD,311,100.6229
PLD,312,101.1906
PLD,313,99.4352
PLD,314,96.9002
PLD,315,95.4392
PLD,316,95.6541
PLD,317,93.9473
PLD,318,96.8651
PLD,319,97.7716
PLD,320,97.1613
PLD,321,97.8584
PLD,322,98.8234
PLD,323,96.0428
PLD,324,95.2390
PLD,325,94.2845
PLD,326,96.0263
PLD,327,95.4632
PLD,328,95.6656
PLD,329,96.1455
PLD,330,95.8975
PLD,331,97.9353
PLD,332,99.5558
PLD,333,99.0895
PLD,334,96.9974
PLD,335,97.2011
PLD,336,97.9067
PLD,337,99.7994
PLD,338,98.0281
PLD,339,97.1307
PLD,340,98.0083
PLD,341,100.7100
PLD,342,99.6569
PLD,343,99.0105
PLD,344,100.0495
PLD,345,101.3455
PLD,346,102.7977
PLD,347,102.8957
PLD,348,100.1141
PLD,349,100.0342
PLD,350,102.8829
PLD,351,104.3980
PLD,352,105.7877
PLD,353,107.5222
PLD,354,105.9740
PLD,355,106.3418
PLD,356,103.4571
PLD,357,99.9195
PLD,358,99.5696
PLD,359,98.7351
PLD,360,101.8549
PLD,361,100.6041
PLD,362,100.6428
PLD,363,100.7516
PLD,364,99.1409
PLD,365,98.2828
PLD,366,97.0387
PLD,367,95.5700
PLD,368,96.4980
PLD,369,95.0636
PLD,370,98.2636
PLD,371,96.3714
PLD,372,97.0967
PLD,373,100.3748
PLD,374,100.5630
PLD,375,98.8712
PLD,376,95.8767
PLD,377,95.2587
PLD,378,97.4247
PLD,379,95.5087
PLD,380,94.8335
PLD,381,93.7319
PLD,382,92.1327
PLD,383,92.6939
PLD,384,94.9630
PLD,385,94.9942
PLD,386,95.5731
PLD,387,95.1353
PLD,388,96.4979
PLD,389,94.8576
PLD,390,96.9429
PLD,391,99.9164
PLD,392,99.4072
PLD,393,100.0022
PLD,394,100.8070
PLD,395,102.9816
PLD,396,101.7426
PLD,397,103.0392
PLD,398,103.1463
PLD,399,102.6530
PLD,400,104.3961
PLD,401,103.1941
PLD,402,101.9074
PLD,403,98.2083
PLD,404,98.1733
PLD,405,97.5049
PLD,406,100.5282
PLD,407,99.8256
PLD,408,100.5214
PLD,409,102.3168
PLD,410,101.4037
PLD,411,102.8364
PLD,412,106.7166
PLD,413,108.1856
PLD,414,107.2058
PLD,415,105.6407
PLD,416,107.1921
PLD,417,106.7339
PLD,418,107.3585
PLD,419,108.4656
PLD,420,107.9343
PLD,421,104.7815
PLD,422,108.2406
PLD,423,108.0483
PLD,424,111.1521
PLD,425,110.3334
PLD,426,110.3147
PLD,427,110.7883
PLD,428,108.1665
PLD,429,109.7232
PLD,430,111.3227
PLD,431,109.9592
PLD,432,111.9519
PLD,433,107.1671
PLD,434,107.9736
PLD,435,107.6641
PLD,436,109.2260
PLD,437,111.1884
PLD,438,113.0878
PLD,439,111.3341
PLD,440,113.6719
PLD,441,112.5351
PLD,442,114.4642
PLD,443,113.7937
PLD,444,115.2918
PLD,445,119.0886
PLD,446,119.3042
PLD,447,119.8749
PLD,448,122.5960
PLD,449,119.1842
PLD,450,119.9414
PLD,451,122.8635
PLD,452,125.1972
PLD,453,123.3632
PLD,454,123.5775
PLD,455,124.9168
PLD,456,127.7922
PLD,457,127.7809
PLD,458,127.1803
PLD,459,127.0815
PLD,460,126.4801
PLD,461,123.9488
PLD,462,119.9727
PLD,463,122.9901
PLD,464,120.8214
PLD,465,118.3659
PLD,466,119.8513
PLD,467,120.7222
PLD,468,122.1216
PLD,469,121.1235
PLD,470,119.7897
PLD,471,120.0473
PLD,472,120.8667
PLD,473,121.1167
PLD,474,119.6828
PLD,475,118.5798
PLD,476,117.4102
PLD,477,117.7642
PLD,478,116.5441
PLD,479,116.8262
PLD,480,114.7743
PLD,481,116.0573
PLD,482,113.5575
PLD,483,116.9600
PLD,484,120.7297
PLD,485,121.6031
PLD,486,121.6556
PLD,487,120.9207
PLD,488,121.2200
PLD,489,122.7013
PLD,490,125.5386
PLD,491,128.1537
PLD,492,132.1715
PLD,493,133.9896
PLD,494,133.4722
PLD,495,136.0821
PLD,496,133.2955
PLD,497,131.3289
PLD,498,132.4760
PLD,499,132.5681
PLD,500,132.4595
PLD,501,134.8404
PLD,502,133.8376
PLD,503,133.7502
PLD,504,136.8815
SPG,0,150.0000
SPG,1,147.8559
SPG,2,149.1688
SPG,3,151.0866
SPG,4,152.4121
SPG,5,152.5238
SPG,6,149.1597
SPG,7,150.6900
SPG,8,148.6973
SPG,9,147.9920
SPG,10,147.6281
SPG,11,146.5836
SPG,12,147.4757
SPG,13,149.0563
SPG,14,148.8372
SPG,15,148.3533
SPG,16,149.8279
SPG,17,150.2807
SPG,18,149.9967
SPG,19,148.6484
SPG,20,145.5382
SPG,21,143.4570
SPG,22,144.0724
SPG,23,149.7689
SPG,24,149.4054
SPG,25,145.4073
SPG,26,146.9821
SPG,27,149.4734
SPG,28,146.9382
SPG,29,147.2302
SPG,30,151.9577
SPG,31,151.9224
SPG,32,152.9392
SPG,33,153.2293
SPG,34,157.2162
SPG,35,148.4090
SPG,36,147.1962
SPG,37,146.5747
SPG,38,147.1425
SPG,39,145.1060
SPG,40,149.3081
SPG,41,149.8780
SPG,42,147.9250
SPG,43,146.2232
SPG,44,146.3678
SPG,45,146.4381
SPG,46,146.7756
SPG,47,144.9461
SPG,48,144.4381
SPG,49,142.8733
SPG,50,141.0196
SPG,51,142.5070
SPG,52,141.5412
SPG,53,142.6781
SPG,54,144.3034
SPG,55,146.9716
SPG,56,145.9060
SPG,57,145.9833
SPG,58,149.1998
SPG,59,145.7043
SPG,60,144.5824
SPG,61,142.1953
SPG,62,142.0055
SPG,63,145.6507
SPG,64,145.2323
SPG,65,144.7626
SPG,66,142.6869
SPG,67,145.8227
SPG,68,148.6755
SPG,69,148.1597
SPG,70,148.2935
SPG,71,147.8678
SPG,72,148.6081
SPG,73,144.9383
SPG,74,145.5557
SPG,75,140.6890
SPG,76,141.9451
SPG,77,140.6671
SPG,78,144.8527
SPG,79,145.4994
SPG,80,145.6711
SPG,81,146.9435
SPG,82,147.8247
SPG,83,145.4576
SPG,84,147.9251
SPG,85,152.2149
SPG,86,149.9989
SPG,87,151.9630
SPG,88,153.8355
SPG,89,152.6962
SPG,90,154.9438
SPG,91,152.0255
SPG,92,157.8211
SPG,93,151.6231
SPG,94,152.2384
SPG,95,152.0859
SPG,96,152.7177
SPG,97,150.9006
SPG,98,149.9458
SPG,99,149.0776
SPG,100,151.4265
SPG,101,150.8605
SPG,102,146.9147
SPG,103,151.5094
SPG,104,152.5139
SPG,105,153.5977
SPG,106,161.7831
SPG,107,157.1426
SPG,108,155.0839
SPG,109,152.5243
SPG,110,147.2401
SPG,111,145.8175
SPG,112,150.9022
SPG,113,151.2756
SPG,114,151.2596
SPG,115,155.6645
SPG,116,153.9446
SPG,117,156.5958
SPG,118,155.0160
SPG,119,157.2563
SPG,120,157.3693
SPG,121,158.2082
SPG,122,159.1131
SPG,123,154.2471
SPG,124,151.4559
SPG,125,151.7313
SPG,126,150.3764
SPG,127,148.8770
SPG,128,149.2523
SPG,129,147.4393
SPG,130,144.1072
SPG,131,145.4262
SPG,132,145.3306
SPG,133,145.5641
SPG,134,143.6170
SPG,135,145.2097
SPG,136,145.0647
SPG,137,145.0011
SPG,138,141.7398
SPG,139,144.2133
SPG,140,143.8776
SPG,141,141.8583
SPG,142,140.6096
SPG,143,136.1788
SPG,144,137.4044
SPG,145,141.1874
SPG,146,140.0316
SPG,147,136.6146
SPG,148,133.1402
SPG,149,132.4114
SPG,150,133.5563
SPG,151,139.3742
SPG,152,138.7878
SPG,153,134.7438
SPG,154,140.6215
SPG,155,138.1143
SPG,156,140.7207
SPG,157,139.6504
SPG,158,138.1672
SPG,159,137.4668
SPG,160,138.8829
SPG,161,135.3543
SPG,162,135.8677
SPG,163,134.7798
SPG,164,132.7369
SPG,165,131.9693
SPG,166,133.8749
SPG,167,136.7280
SPG,168,136.1159
SPG,169,133.9605
SPG,170,134.6539
SPG,171,133.7298
SPG,172,133.6965
SPG,173,132.5387
SPG,174,129.8482
SPG,175,130.5495
SPG,176,130.4013
SPG,177,129.2699
SPG,178,130.5573
SPG,179,131.2005
SPG,180,130.8447
SPG,181,131.3574
SPG,182,130.3616
SPG,183,130.4028
SPG,184,132.2244
SPG,185,136.5659
SPG,186,135.8155
SPG,187,132.4987
SPG,188,132.2575
SPG,189,132.6994
SPG,190,129.4707
SPG,191,135.3361
SPG,192,137.4767
SPG,193,137.2777
SPG,194,136.6000
SPG,195,138.6663
SPG,196,139.2805
SPG,197,141.8348
SPG,198,142.6211
SPG,199,141.9426
SPG,200,141.1447
SPG,201,141.9609
SPG,202,140.3642
SPG,203,140.4542
SPG,204,140.0664
SPG,205,140.3229
SPG,206,137.9229
SPG,207,139.0189
SPG,208,138.8989
SPG,209,138.6216
SPG,210,142.3554
SPG,211,139.1320
SPG,212,136.6727
SPG,213,134.0554
SPG,214,133.2030
SPG,215,137.4177
SPG,216,137.0271
SPG,217,143.7721
SPG,218,139.4848
SPG,219,143.2346
SPG,220,143.4407
SPG,221,145.2187
SPG,222,147.6310
SPG,223,146.0860
SPG,224,142.9833
SPG,225,145.0731
SPG,226,143.8096
SPG,227,144.1768
SPG,228,146.0146
SPG,229,145.4687
SPG,230,146.4199
SPG,231,146.0105
SPG,232,146.1332
SPG,233,148.8005
SPG,234,149.8122
SPG,235,147.9339
SPG,236,145.9110
SPG,237,148.7997
SPG,238,147.7772
SPG,239,150.1241
SPG,240,150.0206
SPG,241,151.1784
SPG,242,151.6271
SPG,243,150.6859
SPG,244,151.1329
SPG,245,149.2799
SPG,246,151.2191
SPG,247,147.6351
SPG,248,145.8480
SPG,249,146.9994
SPG,250,152.7273
SPG,251,157.0320
SPG,252,154.8582
SPG,253,153.7150
SPG,254,155.7915
SPG,255,157.5263
SPG,256,157.9400
SPG,257,158.5006
SPG,258,153.1536
SPG,259,156.4156
SPG,260,152.5809
SPG,261,157.6406
SPG,262,154.2192
SPG,263,153.7880
SPG,264,155.3901
SPG,265,154.6250
SPG,266,152.3327
SPG,267,153.0530
SPG,268,154.0758
SPG,269,157.4597
SPG,270,156.7032
SPG,271,158.7865
SPG,272,156.6188
SPG,273,155.1434
SPG,274,157.0340
SPG,275,153.7822
SPG,276,157.1483
SPG,277,159.2360
SPG,278,160.4807
SPG,279,165.6545
SPG,280,159.9930
SPG,281,162.6887
SPG,282,158.8042
SPG,283,160.1317
SPG,284,164.5972
SPG,285,163.1952
SPG,286,165.4884
SPG,287,165.2778
SPG,288,169.0776
SPG,289,166.1167
SPG,290,167.3620
SPG,291,170.0810
SPG,292,175.7375
SPG,293,180.4742
SPG,294,178.5196
SPG,295,181.1707
SPG,296,183.6768
SPG,297,181.6144
SPG,298,184.4196
SPG,299,182.1795
SPG,300,186.1783
SPG,301,189.9171
SPG,302,186.8461
SPG,303,186.2611
SPG,304,186.4866
SPG,305,190.7532
SPG,306,189.8661
SPG,307,192.1175
SPG,308,191.0267
SPG,309,190.0209
SPG,310,190.5771
SPG,311,189.6624
SPG,312,189.8576
SPG,313,189.5698
SPG,314,184.3232
SPG,315,184.5206
SPG,316,181.8289
SPG,317,175.6628
SPG,318,181.1575
SPG,319,182.6223
SPG,320,182.0110
SPG,321,183.3205
SPG,322,183.4510
SPG,323,178.2702
SPG,324,179.7898
SPG,325,176.2911
SPG,326,177.5092
SPG,327,174.7368
SPG,328,174.1721
SPG,329,173.3177
SPG,330,171.8383
SPG,331,175.2568
SPG,332,179.0518
SPG,333,176.8681
SPG,334,175.6499
SPG,335,168.7476
SPG,336,171.0732
SPG,337,171.4393
SPG,338,169.0623
SPG,339,164.5421
SPG,340,165.8980
SPG,341,171.4022
SPG,342,174.1129
SPG,343,173.4152
SPG,344,172.2036
SPG,345,175.4219
SPG,346,177.5883
SPG,347,179.4375
SPG,348,176.1186
SPG,349,177.7940
SPG,350,179.8225
SPG,351,179.5926
SPG,352,181.2002
SPG,353,184.4904
SPG,354,181.8846
SPG,355,182.4739
SPG,356,176.3151
SPG,357,175.2801
SPG,358,175.8513
SPG,359,177.8202
SPG,360,178.3061
SPG,361,179.5145
SPG,362,181.3415
SPG,363,182.6805
SPG,364,178.2274
SPG,365,178.8451
SPG,366,179.8198
SPG,367,177.0803
SPG,368,179.2393
SPG,369,177.8380
SPG,370,180.3595
SPG,371,173.2547
SPG,372,174.3485
SPG,373,173.8556
SPG,374,172.8419
SPG,375,170.0255
SPG,376,164.6649
SPG,377,170.1018
SPG,378,174.8987
SPG,379,171.6993
SPG,380,170.1804
SPG,381,167.5415
SPG,382,169.5762
SPG,383,170.9484
SPG,384,170.3985
SPG,385,167.2182
SPG,386,166.4722
SPG,387,166.4556
SPG,388,167.5728
SPG,389,164.1161
SPG,390,164.0342
SPG,391,168.2004
SPG,392,165.5423
SPG,393,166.2501
SPG,394,161.3433
SPG,395,162.3473
SPG,396,160.3268
SPG,397,158.5284
SPG,398,157.8586
SPG,399,158.2888
SPG,400,158.3597
SPG,401,156.5173
SPG,402,155.8706
SPG,403,152.8857
SPG,404,154.6166
SPG,405,152.8711
SPG,406,157.5763
SPG,407,154.9149
SPG,408,153.8888
SPG,409,156.9591
SPG,410,155.6392
SPG,411,160.0692
SPG,412,160.3452
SPG,413,160.3113
SPG,414,155.3331
SPG,415,154.5949
SPG,416,155.4327
SPG,417,153.6960
SPG,418,155.8386
SPG,419,153.7591
SPG,420,150.6119
SPG,421,145.3561
SPG,422,150.9892
SPG,423,149.1017
SPG,424,152.3971
SPG,425,150.1573
SPG,426,144.6523
SPG,427,142.5737
SPG,428,140.3801
SPG,429,142.6819
SPG,430,142.1645
SPG,431,139.1111
SPG,432,148.2335
SPG,433,149.9776
SPG,434,148.6423
SPG,435,148.2097
SPG,436,145.5538
SPG,437,144.0747
SPG,438,147.3948
SPG,439,144.8180
SPG,440,148.9172
SPG,441,147.7820
SPG,442,153.5909
SPG,443,154.6262
SPG,444,157.0987
SPG,445,161.1938
SPG,446,160.2051
SPG,447,158.4429
SPG,448,158.2767
SPG,449,155.3500
SPG,450,152.8873
SPG,451,152.8355
SPG,452,149.3448
SPG,453,147.3543
SPG,454,147.0533
SPG,455,145.6489
SPG,456,145.7281
SPG,457,149.8496
SPG,458,147.7734
SPG,459,147.2612
SPG,460,149.0761
SPG,461,150.3740
SPG,462,146.0675
SPG,463,148.0652
SPG,464,143.7630
SPG,465,143.4719
SPG,466,146.3903
SPG,467,147.9061
SPG,468,148.7336
SPG,469,151.1703
SPG,470,147.9495
SPG,471,149.4766
SPG,472,148.3858
SPG,473,149.7647
SPG,474,148.8724
SPG,475,148.8753
SPG,476,147.4386
SPG,477,145.7784
SPG,478,143.1995
SPG,479,142.8550
SPG,480,138.4117
SPG,481,142.0817
SPG,482,141.7321
SPG,483,145.1845
SPG,484,147.4125
SPG,485,147.3479
SPG,486,148.4299
SPG,487,146.1057
SPG,488,147.9911
SPG,489,149.9234
SPG,490,150.4721
SPG,491,153.1334
SPG,492,158.8253
SPG,493,160.2078
SPG,494,162.8320
SPG,495,163.0561
SPG,496,159.3405
SPG,497,157.9572
SPG,498,154.7165
SPG,499,154.4521
SPG,500,154.7172
SPG,501,153.9605
SPG,502,156.5010
SPG,503,156.2197
SPG,504,159.7755
LIN,0,430.0000
LIN,1,425.7261
LIN,2,433.9856
LIN,3,442.8294
LIN,4,432.0946
LIN,5,436.0819
LIN,6,427.0334
LIN,7,427.1573
LIN,8,429.1731
LIN,9,419.4598
LIN,10,418.0868
LIN,11,423.9674
LIN,12,425.1721
LIN,13,431.5675
LIN,14,430.5880
LIN,15,436.9267
LIN,16,439.7703
LIN,17,436.9207
LIN,18,426.5311
LIN,19,423.5457
LIN,20,415.5156
LIN,21,409.8216
LIN,22,408.1906
LIN,23,418.3732
LIN,24,419.9316
LIN,25,415.2726
LIN,26,418.2864
LIN,27,423.3036
LIN,28,425.5203
LIN,29,429.0881
LIN,30,430.9411
LIN,31,433.7602
LIN,32,433.5656
LIN,33,421.9836
LIN,34,426.8137
LIN,35,423.1726
LIN,36,417.8646
LIN,37,414.9026
LIN,38,419.3481
LIN,39,407.9935
LIN,40,409.1361
LIN,41,417.7311
LIN,42,409.1414
LIN,43,402.3946
LIN,44,402.0655
LIN,45,401.1055
LIN,46,394.8563
LIN,47,392.3678
LIN,48,395.8516
LIN,49,398.0821
LIN,50,399.1574
LIN,51,402.1881
LIN,52,399.0102
LIN,53,402.7042
LIN,54,401.0628
LIN,55,408.6477
LIN,56,401.0105
LIN,57,398.2923
LIN,58,399.4174
LIN,59,392.0976
LIN,60,398.2540
LIN,61,391.0768
LIN,62,388.6581
LIN,63,396.2703
LIN,64,390.4284
LIN,65,394.6027
LIN,66,396.9550
LIN,67,397.5657
LIN,68,401.9453
LIN,69,394.2112
LIN,70,397.0619
LIN,71,402.6810
LIN,72,396.8765
LIN,73,389.1238
LIN,74,381.9541
LIN,75,367.6904
LIN,76,366.4783
LIN,77,375.3495
LIN,78,378.4984
LIN,79,377.5488
LIN,80,377.3100
LIN,81,386.1452
LIN,82,387.0221
LIN,83,381.9318
LIN,84,385.8172
LIN,85,391.3133
LIN,86,391.9345
LIN,87,400.3365
LIN,88,402.0759
LIN,89,402.6520
LIN,90,403.4426
LIN,91,396.7399
LIN,92,404.9024
LIN,93,396.6658
LIN,94,399.5094
LIN,95,399.1507
LIN,96,400.6999
LIN,97,401.7798
LIN,98,405.5031
LIN,99,405.6379
LIN,100,407.5816
LIN,101,399.4349
LIN,102,397.8048
LIN,103,398.9561
LIN,104,409.6662
LIN,105,414.1979
LIN,106,422.3128
LIN,107,418.7321
LIN,108,421.7175
LIN,109,406.3352
LIN,110,403.5995
LIN,111,406.8179
LIN,112,408.8955
LIN,113,416.9272
LIN,114,417.8978
LIN,115,423.0749
LIN,116,416.8044
LIN,117,422.9861
LIN,118,415.8556
LIN,119,424.4851
LIN,120,424.9524
LIN,121,420.6082
LIN,122,436.5457
LIN,123,431.6755
LIN,124,429.8407
LIN,125,433.7571
LIN,126,438.6965
LIN,127,430.9698
LIN,128,434.5360
LIN,129,436.2309
LIN,130,437.3121
LIN,131,433.0869
LIN,132,441.5969
LIN,133,445.4040
LIN,134,446.4604
LIN,135,454.5657
LIN,136,455.3173
LIN,137,456.5658
LIN,138,451.9888
LIN,139,455.1837
LIN,140,459.3191
LIN,141,452.8089
LIN,142,437.3812
LIN,143,438.9563
LIN,144,427.5973
LIN,145,423.6636
LIN,146,423.1513
LIN,147,415.0796
LIN,148,414.4580
LIN,149,411.3696
LIN,150,413.9986
LIN,151,410.9641
LIN,152,409.8477
LIN,153,409.6249
LIN,154,413.6222
LIN,155,408.4641
LIN,156,411.3695
LIN,157,409.1405
LIN,158,397.7156
LIN,159,396.7994
LIN,160,396.2147
LIN,161,391.1804
LIN,162,382.7355
LIN,163,377.7131
LIN,164,381.8193
LIN,165,380.0156
LIN,166,382.7459
LIN,167,382.7861
LIN,168,376.3801
LIN,169,371.2575
LIN,170,371.7951
LIN,171,370.7669
LIN,172,378.7242
LIN,173,375.1384
LIN,174,376.6630
LIN,175,375.3238
LIN,176,382.9543
LIN,177,388.4201
LIN,178,387.6132
LIN,179,402.3174
LIN,180,397.6121
LIN,181,401.5332
LIN,182,408.9048
LIN,183,405.3213
LIN,184,400.6744
LIN,185,408.6142
LIN,186,413.7967
LIN,187,410.1256
LIN,188,394.4103
LIN,189,399.0785
LIN,190,397.1825
LIN,191,403.0021
LIN,192,404.3571
LIN,193,413.7072
LIN,194,418.9054
LIN,195,414.6777
LIN,196,413.0411
LIN,197,415.6373
LIN,198,423.8487
LIN,199,434.0258
LIN,200,438.3682
LIN,201,437.5761
LIN,202,434.1556
LIN,203,427.9176
LIN,204,428.4830
LIN,205,430.0054
LIN,206,424.8926
LIN,207,428.6684
LIN,208,434.6866
LIN,209,428.7936
LIN,210,419.2742
LIN,211,416.2095
LIN,212,421.4074
LIN,213,417.6922
LIN,214,412.6331
LIN,215,418.5079
LIN,216,423.3913
LIN,217,426.1477
LIN,218,419.7334
LIN,219,420.1948
LIN,220,416.9873
LIN,221,419.2542
LIN,222,418.9595
LIN,223,421.4558
LIN,224,418.4615
LIN,225,422.3985
LIN,226,434.4999
LIN,227,432.1777
LIN,228,427.3969
LIN,229,431.2774
LIN,230,421.5532
LIN,231,421.8673
LIN,232,421.5924
LIN,233,418.8378
LIN,234,420.5809
LIN,235,422.3797
LIN,236,419.1728
LIN,237,425.1174
LIN,238,420.0213
LIN,239,421.9426
LIN,240,420.1992
LIN,241,428.2372
LIN,242,422.6253
LIN,243,431.5373
LIN,244,424.6245
LIN,245,425.2794
LIN,246,429.8252
LIN,247,424.6628
LIN,248,429.5600
LIN,249,431.7380
LIN,250,428.9933
LIN,251,433.7132
LIN,252,427.5016
LIN,253,430.0120
LIN,254,434.1306
LIN,255,430.5346
LIN,256,434.6056
LIN,257,432.8704
LIN,258,425.3535
LIN,259,431.5068
LIN,260,427.4852
LIN,261,427.7371
LIN,262,422.1712
LIN,263,422.7190
LIN,264,428.0667
LIN,265,433.7437
LIN,266,429.5322
LIN,267,434.4860
LIN,268,434.4208
LIN,269,449.3793
LIN,270,451.6653
LIN,271,455.8895
LIN,272,457.7912
LIN,273,456.8209
LIN,274,466.8180
LIN,275,469.5276
LIN,276,479.6702
LIN,277,487.5933
LIN,278,482.6005
LIN,279,482.8858
LIN,280,480.6090
LIN,281,480.3324
LIN,282,484.5204
LIN,283,478.1675
LIN,284,472.1541
LIN,285,477.9313
LIN,286,474.3450
LIN,287,478.4462
LIN,288,474.0009
LIN,289,469.6556
LIN,290,461.9472
LIN,291,458.6137
LIN,292,464.2085
LIN,293,465.9325
LIN,294,469.2998
LIN,295,464.2609
LIN,296,460.1562
LIN,297,464.4106
LIN,298,466.9307
LIN,299,479.8826
LIN,300,481.3927
LIN,301,483.3593
LIN,302,485.4694
LIN,303,486.1557
LIN,304,479.5423
LIN,305,491.2105
LIN,306,487.8592
LIN,307,495.3451
LIN,308,494.6638
LIN,309,490.7340
LIN,310,493.1618
LIN,311,489.4813
LIN,312,498.9432
LIN,313,505.8671
LIN,314,502.2295
LIN,315,497.4617
LIN,316,507.9953
LIN,317,509.2677
LIN,318,516.7670
LIN,319,509.9267
LIN,320,509.4487
LIN,321,504.1001
LIN,322,507.6617
LIN,323,503.6938
LIN,324,506.8458
LIN,325,492.6220
LIN,326,489.0315
LIN,327,477.2303
LIN,328,479.4706
LIN,329,484.4942
LIN,330,484.0272
LIN,331,489.5178
LIN,332,489.5057
LIN,333,490.7383
LIN,334,488.6582
LIN,335,481.7322
LIN,336,467.4301
LIN,337,465.2047
LIN,338,453.4494
LIN,339,450.6949
LIN,340,437.8956
LIN,341,445.6227
LIN,342,437.6698
LIN,343,433.2107
LIN,344,433.8990
LIN,345,430.9968
LIN,346,441.0526
LIN,347,433.6663
LIN,348,426.4870
LIN,349,420.8611
LIN,350,423.7506
LIN,351,426.9045
LIN,352,432.4358
LIN,353,432.8139
LIN,354,431.6786
LIN,355,429.0061
LIN,356,429.0083
LIN,357,427.2545
LIN,358,427.0051
LIN,359,429.4371
LIN,360,432.3327
LIN,361,429.2717
LIN,362,430.6135
LIN,363,427.3717
LIN,364,439.9175
LIN,365,440.5413
LIN,366,440.8937
LIN,367,435.4705
LIN,368,435.1537
LIN,369,431.3108
LIN,370,434.4565
LIN,371,433.8905
LIN,372,427.4748
LIN,373,428.2103
LIN,374,433.9355
LIN,375,437.2822
LIN,376,437.2997
LIN,377,437.4656
LIN,378,442.0622
LIN,379,439.5416
LIN,380,437.3011
LIN,381,444.7920
LIN,382,446.6341
LIN,383,452.6742
LIN,384,459.0023
LIN,385,457.7625
LIN,386,459.9363
LIN,387,460.4270
LIN,388,463.3940
LIN,389,463.3624
LIN,390,471.0273
LIN,391,483.2855
LIN,392,480.9265
LIN,393,485.6098
LIN,394,486.4525
LIN,395,481.2711
LIN,396,484.2053
LIN,397,478.6855
LIN,398,480.8540
LIN,399,471.5015
LIN,400,482.0099
LIN,401,482.6297
LIN,402,481.6574
LIN,403,470.6485
LIN,404,461.2584
LIN,405,456.1792
LIN,406,460.6763
LIN,407,460.0883
LIN,408,464.0896
LIN,409,465.8202
LIN,410,469.4942
LIN,411,472.4113
LIN,412,477.0498
LIN,413,484.8466
LIN,414,476.7081
LIN,415,475.2980
LIN,416,477.4932
LIN,417,476.0977
LIN,418,471.5321
LIN,419,474.7313
LIN,420,474.7907
LIN,421,474.9320
LIN,422,476.4500
LIN,423,484.0356
LIN,424,483.8536
LIN,425,484.9379
LIN,426,489.6408
LIN,427,493.7184
LIN,428,485.3185
LIN,429,484.9660
LIN,430,491.7905
LIN,431,481.8945
LIN,432,484.2454
LIN,433,489.7572
LIN,434,481.0980
LIN,435,485.7271
LIN,436,485.9102
LIN,437,486.7837
LIN,438,485.9249
LIN,439,484.7057
LIN,440,491.5081
LIN,441,488.2356
LIN,442,482.7179
LIN,443,493.7855
LIN,444,497.7323
LIN,445,503.1605
LIN,446,506.2156
LIN,447,510.8023
LIN,448,506.5130
LIN,449,501.3288
LIN,450,492.4240
LIN,451,495.9123
LIN,452,497.3643
LIN,453,500.4596
LIN,454,490.0730
LIN,455,500.4622
LIN,456,498.3491
LIN,457,503.3919
LIN,458,507.7971
LIN,459,503.0336
LIN,460,506.3147
LIN,461,517.2546
LIN,462,515.2094
LIN,463,518.8527
LIN,464,519.7639
LIN,465,518.8526
LIN,466,515.4291
LIN,467,515.7322
LIN,468,513.5377
LIN,469,512.5116
LIN,470,523.5427
LIN,471,521.3165
LIN,472,515.4756
LIN,473,517.7737
LIN,474,519.1272
LIN,475,517.5770
LIN,476,509.7559
LIN,477,506.9496
LIN,478,507.8425
LIN,479,503.5667
LIN,480,493.7468
LIN,481,506.4335
LIN,482,515.6274
LIN,483,516.2434
LIN,484,508.7249
LIN,485,514.9411
LIN,486,523.2824
LIN,487,519.2557
LIN,488,532.6154
LIN,489,534.2666
LIN,490,546.9063
LIN,491,563.4401
LIN,492,572.1475
LIN,493,577.6326
LIN,494,583.7854
LIN,495,592.5195
LIN,496,578.9259
LIN,497,570.1361
LIN,498,567.5783
LIN,499,555.3842
LIN,500,549.8125
LIN,501,550.7521
LIN,502,546.9216
LIN,503,541.5046
LIN,504,549.5099
SHW,0,340.0000
SHW,1,341.6834
SHW,2,348.1070
SHW,3,355.7577
SHW,4,354.7874
SHW,5,360.3276
SHW,6,351.7617
SHW,7,355.0050
SHW,8,355.1361
SHW,9,343.4925
SHW,10,341.0664
SHW,11,343.2049
SHW,12,343.2496
SHW,13,342.8437
SHW,14,337.8860
SHW,15,343.7929
SHW,16,345.2877
SHW,17,340.4228
SHW,18,338.3016
SHW,19,339.5084
SHW,20,331.2991
SHW,21,327.4630
SHW,22,332.9845
SHW,23,347.6319
SHW,24,349.4815
SHW,25,349.0309
SHW,26,359.3489
SHW,27,363.2385
SHW,28,359.5263
SHW,29,366.1711
SHW,30,358.5956
SHW,31,351.4528
SHW,32,355.1970
SHW,33,345.2969
SHW,34,343.6353
SHW,35,344.3660
SHW,36,339.0108
SHW,37,342.6869
SHW,38,346.2223
SHW,39,339.9684
SHW,40,340.7197
SHW,41,343.5223
SHW,42,337.4853
SHW,43,332.5766
SHW,44,331.1299
SHW,45,321.5072
SHW,46,316.7685
SHW,47,309.7746
SHW,48,314.6545
SHW,49,315.2291
SHW,50,316.6974
SHW,51,319.5192
SHW,52,319.4361
SHW,53,319.2980
SHW,54,323.3429
SHW,55,327.8396
SHW,56,325.7876
SHW,57,326.6405
SHW,58,321.5718
SHW,59,317.1897
SHW,60,318.1828
SHW,61,314.7272
SHW,62,308.8702
SHW,63,316.4445
SHW,64,316.2810
SHW,65,315.9658
SHW,66,309.1094
SHW,67,311.4659
SHW,68,306.3606
SHW,69,301.4345
SHW,70,299.7213
SHW,71,305.9183
SHW,72,299.1620
SHW,73,290.7404
SHW,74,292.0082
SHW,75,285.2774
SHW,76,290.7065
SHW,77,294.4782
SHW,78,290.7827
SHW,79,287.6991
SHW,80,281.1678
SHW,81,282.3171
SHW,82,284.0192
SHW,83,281.4947
SHW,84,275.3870
SHW,85,275.0483
SHW,86,274.6169
SHW,87,278.9924
SHW,88,281.3432
SHW,89,280.1107
SHW,90,279.2404
SHW,91,273.8599
SHW,92,284.0845
SHW,93,282.6863
SHW,94,282.0314
SHW,95,286.5919
SHW,96,281.4550
SHW,97,278.9248
SHW,98,280.4047
SHW,99,274.7500
SHW,100,278.1204
SHW,101,277.6255
SHW,102,268.8672
SHW,103,269.7851
SHW,104,276.7477
SHW,105,277.3956
SHW,106,287.9169
SHW,107,283.5138
SHW,108,282.1094
SHW,109,273.0745
SHW,110,275.0679
SHW,111,272.3462
SHW,112,279.2361
SHW,113,283.6460
SHW,114,284.3016
SHW,115,290.3092
SHW,116,289.1171
SHW,117,290.5371
SHW,118,290.4408
SHW,119,289.9355
SHW,120,288.6101
SHW,121,286.2211
SHW,122,289.8781
SHW,123,289.0272
SHW,124,291.6076
SHW,125,291.8698
SHW,126,295.5390
SHW,127,295.0773
SHW,128,297.3380
SHW,129,292.1956
SHW,130,281.9432
SHW,131,276.4498
SHW,132,277.5533
SHW,133,276.2845
SHW,134,279.6511
SHW,135,282.0738
SHW,136,282.2689
SHW,137,286.7921
SHW,138,283.8933
SHW,139,285.8176
SHW,140,283.5265
SHW,141,276.3270
SHW,142,268.4286
SHW,143,270.5586
SHW,144,262.9525
SHW,145,257.7864
SHW,146,257.5681
SHW,147,251.5717
SHW,148,253.1526
SHW,149,248.9717
SHW,150,251.8588
SHW,151,251.2519
SHW,152,252.1036
SHW,153,253.5610
SHW,154,255.5680
SHW,155,252.1315
SHW,156,257.2589
SHW,157,250.8977
SHW,158,247.8034
SHW,159,249.4627
SHW,160,246.1667
SHW,161,245.5294
SHW,162,242.2975
SHW,163,238.5913
SHW,164,234.7912
SHW,165,234.2487
SHW,166,235.1691
SHW,167,239.8626
SHW,168,239.0865
SHW,169,235.4546
SHW,170,238.0132
SHW,171,238.7941
SHW,172,240.7363
SHW,173,236.4935
SHW,174,238.2638
SHW,175,239.1879
SHW,176,240.7601
SHW,177,238.4408
SHW,178,236.2497
SHW,179,242.5889
SHW,180,239.4316
SHW,181,239.7616
SHW,182,243.5903
SHW,183,240.8995
SHW,184,237.6166
SHW,185,238.7830
SHW,186,238.3945
SHW,187,233.6564
SHW,188,229.4194
SHW,189,229.8162
SHW,190,229.3129
SHW,191,231.8291
SHW,192,235.1803
SHW,193,239.0334
SHW,194,238.4459
SHW,195,234.7848
SHW,196,234.0481
SHW,197,235.6222
SHW,198,238.3761
SHW,199,240.3762
SHW,200,241.9797
SHW,201,248.3689
SHW,202,242.5046
SHW,203,244.0362
SHW,204,245.1040
SHW,205,248.5373
SHW,206,241.3492
SHW,207,245.1069
SHW,208,243.7090
SHW,209,240.3367
SHW,210,234.7717
SHW,211,233.7443
SHW,212,233.2343
SHW,213,234.2524
SHW,214,233.8192
SHW,215,240.6195
SHW,216,244.9814
SHW,217,244.4401
SHW,218,245.6551
SHW,219,243.2823
SHW,220,240.8969
SHW,221,237.1372
SHW,222,232.5769
SHW,223,234.9313
SHW,224,233.3042
SHW,225,237.6162
SHW,226,243.8572
SHW,227,237.8833
SHW,228,235.2423
SHW,229,239.0739
SHW,230,239.1573
SHW,231,242.4397
SHW,232,247.4061
SHW,233,244.7418
SHW,234,245.5908
SHW,235,242.0253
SHW,236,245.3956
SHW,237,246.3087
SHW,238,248.7894
SHW,239,245.0840
SHW,240,245.5919
SHW,241,246.0629
SHW,242,248.6487
SHW,243,253.4023
SHW,244,251.9135
SHW,245,247.2845
SHW,246,254.6335
SHW,247,255.2123
SHW,248,260.9302
SHW,249,259.8523
SHW,250,263.7408
SHW,251,263.6997
SHW,252,263.0056
SHW,253,270.5893
SHW,254,274.6505
SHW,255,276.6477
SHW,256,275.3931
SHW,257,267.6262
SHW,258,264.2284
SHW,259,263.7697
SHW,260,256.7692
SHW,261,259.9816
SHW,262,261.7024
SHW,263,253.5402
SHW,264,255.1573
SHW,265,256.3177
SHW,266,251.5824
SHW,267,254.9633
SHW,268,254.1224
SHW,269,255.2412
SHW,270,255.2838
SHW,271,262.7572
SHW,272,261.3039
SHW,273,260.0131
SHW,274,261.2804
SHW,275,264.0057
SHW,276,267.2046
SHW,277,272.1788
SHW,278,266.8725
SHW,279,269.3005
SHW,280,266.4687
SHW,281,270.8227
SHW,282,271.2578
SHW,283,265.7563
SHW,284,257.4088
SHW,285,257.3763
SHW,286,260.2751
SHW,287,256.0003
SHW,288,257.5527
SHW,289,260.8214
SHW,290,255.1878
SHW,291,259.8317
SHW,292,258.9321
SHW,293,253.2787
SHW,294,257.0667
SHW,295,249.9557
SHW,296,249.5293
SHW,297,251.0852
SHW,298,253.2269
SHW,299,253.9763
SHW,300,253.5814
SHW,301,256.0325
SHW,302,253.4985
SHW,303,259.3010
SHW,304,260.4361
SHW,305,261.7883
SHW,306,260.3198
SHW,307,258.8386
SHW,308,256.1553
SHW,309,252.3253
SHW,310,254.6299
SHW,311,252.5537
SHW,312,258.1923
SHW,313,254.5055
SHW,314,255.0988
SHW,315,260.6344
SHW,316,259.4785
SHW,317,259.3126
SHW,318,255.5203
SHW,319,261.3869
SHW,320,259.3321
SHW,321,263.5435
SHW,322,261.6698
SHW,323,262.3148
SHW,324,256.8682
SHW,325,256.2991
SHW,326,255.7905
SHW,327,250.7635
SHW,328,248.9089
SHW,329,250.1010
SHW,330,245.7011
SHW,331,248.4775
SHW,332,247.5966
SHW,333,246.7302
SHW,334,246.1206
SHW,335,246.4884
SHW,336,236.2425
SHW,337,237.5344
SHW,338,234.0077
SHW,339,237.4707
SHW,340,240.7836
SHW,341,247.3405
SHW,342,246.8463
SHW,343,247.2083
SHW,344,250.8231
SHW,345,253.3740
SHW,346,257.9406
SHW,347,260.0653
SHW,348,252.5806
SHW,349,249.3023
SHW,350,248.5810
SHW,351,247.6845
SHW,352,249.2945
SHW,353,253.1381
SHW,354,254.2332
SHW,355,251.1013
SHW,356,251.3239
SHW,357,251.3310
SHW,358,254.4480
SHW,359,258.1223
SHW,360,255.8869
SHW,361,253.3344
SHW,362,253.9926
SHW,363,251.7978
SHW,364,255.0494
SHW,365,253.8862
SHW,366,257.9676
SHW,367,253.0603
SHW,368,249.7000
SHW,369,247.7377
SHW,370,249.4126
SHW,371,246.1685
SHW,372,246.2607
SHW,373,244.5943
SHW,374,250.9402
SHW,375,251.3621
SHW,376,249.5361
SHW,377,249.8168
SHW,378,255.0208
SHW,379,250.9805
SHW,380,249.6368
SHW,381,255.1816
SHW,382,257.6396
SHW,383,266.3572
SHW,384,269.4349
SHW,385,265.2889
SHW,386,262.1886
SHW,387,260.2543
SHW,388,261.5599
SHW,389,254.5109
SHW,390,257.1479
SHW,391,260.2816
SHW,392,265.9521
SHW,393,268.2957
SHW,394,265.4784
SHW,395,265.8962
SHW,396,263.8788
SHW,397,260.9276
SHW,398,263.5670
SHW,399,258.4804
SHW,400,258.3952
SHW,401,261.5282
SHW,402,260.9563
SHW,403,254.4092
SHW,404,250.8042
SHW,405,248.0302
SHW,406,249.3614
SHW,407,240.7232
SHW,408,237.1413
SHW,409,240.1108
SHW,410,234.8755
SHW,411,235.1002
SHW,412,243.5419
SHW,413,251.0878
SHW,414,249.5390
SHW,415,247.3313
SHW,416,251.7254
SHW,417,247.5766
SHW,418,248.6368
SHW,419,244.5989
SHW,420,245.6279
SHW,421,242.8402
SHW,422,234.1653
SHW,423,240.2037
SHW,424,238.0582
SHW,425,240.2286
SHW,426,242.3598
SHW,427,234.9272
SHW,428,230.5585
SHW,429,229.7386
SHW,430,232.3479
SHW,431,232.5926
SHW,432,236.9212
SHW,433,235.1720
SHW,434,227.7937
SHW,435,232.8018
SHW,436,237.6735
SHW,437,236.3091
SHW,438,243.2210
SHW,439,243.8583
SHW,440,245.4245
SHW,441,243.7311
SHW,442,250.6057
SHW,443,255.4147
SHW,444,256.9832
SHW,445,263.4335
SHW,446,257.5211
SHW,447,264.1008
SHW,448,263.5704
SHW,449,259.3975
SHW,450,258.6645
SHW,451,262.7426
SHW,452,265.4670
SHW,453,268.9397
SHW,454,269.1391
SHW,455,272.1412
SHW,456,273.7827
SHW,457,269.3980
SHW,458,269.7695
SHW,459,272.4730
SHW,460,279.7095
SHW,461,278.6873
SHW,462,275.4097
SHW,463,272.8485
SHW,464,268.0856
SHW,465,272.4127
SHW,466,276.4470
SHW,467,278.2319
SHW,468,276.2875
SHW,469,273.2666
SHW,470,277.5090
SHW,471,272.4590
SHW,472,276.1686
SHW,473,276.5688
SHW,474,277.1326
SHW,475,281.2635
SHW,476,287.2943
SHW,477,288.5004
SHW,478,279.6039
SHW,479,284.2276
SHW,480,276.6840
SHW,481,276.6783
SHW,482,282.3793
SHW,483,287.7807
SHW,484,287.7165
SHW,485,288.5382
SHW,486,291.7099
SHW,487,290.1449
SHW,488,292.2613
SHW,489,294.6567
SHW,490,295.2716
SHW,491,302.9259
SHW,492,304.6283
SHW,493,306.6275
SHW,494,311.5549
SHW,495,307.9193
SHW,496,299.1359
SHW,497,301.1046
SHW,498,299.0984
SHW,499,294.8291
SHW,500,290.0545
SHW,501,293.4966
SHW,502,288.9553
SHW,503,290.1886
SHW,504,293.9518
APD,0,260.0000
APD,1,258.6761
APD,2,259.2817
APD,3,264.2080
APD,4,262.5206
APD,5,262.2366
APD,6,254.7663
APD,7,254.2002
APD,8,253.0255
APD,9,245.6806
APD,10,244.6291
APD,11,249.3730
APD,12,249.9810
APD,13,248.5309
APD,14,251.6250
APD,15,253.6648
APD,16,254.5662
APD,17,258.0276
APD,18,259.8201
APD,19,266.2587
APD,20,263.3615
APD,21,259.6776
APD,22,268.0459
APD,23,274.1461
APD,24,282.2136
APD,25,279.4946
APD,26,284.0299
APD,27,287.7765
APD,28,287.2538
APD,29,295.7877
APD,30,288.3593
APD,31,291.7890
APD,32,295.8487
APD,33,292.9509
APD,34,297.9226
APD,35,296.8307
APD,36,298.4138
APD,37,300.2694
APD,38,299.1903
APD,39,289.4911
APD,40,293.9729
APD,41,298.1219
APD,42,298.0243
APD,43,292.3177
APD,44,291.8240
APD,45,289.6926
APD,46,286.4246
APD,47,288.4779
APD,48,287.5477
APD,49,283.0187
APD,50,285.1877
APD,51,286.6076
APD,52,287.8951
APD,53,296.6191
APD,54,294.4423
APD,55,302.9970
APD,56,295.5698
APD,57,294.3863
APD,58,293.4840
APD,59,288.4413
APD,60,290.7103
APD,61,286.4314
APD,62,282.6896
APD,63,281.6263
APD,64,285.9133
APD,65,283.8741
APD,66,279.2860
APD,67,282.9797
APD,68,283.5010
APD,69,279.7067
APD,70,280.3552
APD,71,288.5489
APD,72,284.0246
APD,73,274.7554
APD,74,275.3126
APD,75,267.6981
APD,76,269.2267
APD,77,274.0674
APD,78,279.5287
APD,79,270.7481
APD,80,269.3749
APD,81,272.0242
APD,82,276.9088
APD,83,270.7178
APD,84,266.5691
APD,85,269.5607
APD,86,269.2121
APD,87,270.0429
APD,88,273.4555
APD,89,270.8291
APD,90,271.2159
APD,91,269.5743
APD,92,277.4470
APD,93,277.6555
APD,94,279.1330
APD,95,283.3882
APD,96,290.2071
APD,97,283.2465
APD,98,277.5329
APD,99,276.9742
APD,100,284.4440
APD,101,287.4971
APD,102,280.2906
APD,103,279.2224
APD,104,288.1372
APD,105,296.0181
APD,106,305.2864
APD,107,307.9792
APD,108,305.5309
APD,109,298.3736
APD,110,297.5001
APD,111,292.5601
APD,112,293.0643
APD,113,299.3046
APD,114,296.2711
APD,115,300.9710
APD,116,302.7982
APD,117,306.7364
APD,118,306.7703
APD,119,315.0087
APD,120,314.9916
APD,121,317.0051
APD,122,324.4933
APD,123,319.1829
APD,124,314.6260
APD,125,310.4547
APD,126,309.3303
APD,127,306.4623
APD,128,317.8531
APD,129,317.5979
APD,130,312.9507
APD,131,310.3419
APD,132,310.4749
APD,133,307.8644
APD,134,312.6517
APD,135,318.0397
APD,136,321.7083
APD,137,324.7629
APD,138,318.7381
APD,139,320.8437
APD,140,315.1410
APD,141,309.1606
APD,142,299.2734
APD,143,298.2469
APD,144,291.6281
APD,145,294.5215
APD,146,293.5213
APD,147,285.5674
APD,148,282.7344
APD,149,277.8094
APD,150,279.6271
APD,151,278.9286
APD,152,285.9619
APD,153,289.6398
APD,154,295.8606
APD,155,290.6570
APD,156,299.0255
APD,157,293.6789
APD,158,281.9626
APD,159,283.6474
APD,160,281.8499
APD,161,272.7259
APD,162,267.2533
APD,163,264.5824
APD,164,262.7519
APD,165,256.1875
APD,166,254.9583
APD,167,258.3961
APD,168,254.1470
APD,169,251.2631
APD,170,254.1963
APD,171,255.9815
APD,172,259.0955
APD,173,256.0201
APD,174,255.3107
APD,175,252.5034
APD,176,253.7524
APD,177,251.4277
APD,178,255.5979
APD,179,259.5532
APD,180,256.0817
APD,181,255.5020
APD,182,251.4890
APD,183,247.0316
APD,184,251.9331
APD,185,255.2901
APD,186,256.1651
APD,187,255.4502
APD,188,245.1108
APD,189,247.6947
APD,190,246.5660
APD,191,249.2484
APD,192,250.2936
APD,193,253.4939
APD,194,253.8507
APD,195,252.6436
APD,196,252.6259
APD,197,253.7138
APD,198,260.1165
APD,199,263.6509
APD,200,266.5343
APD,201,268.5875
APD,202,261.6863
APD,203,255.1909
APD,204,255.4605
APD,205,252.5601
APD,206,249.4960
APD,207,251.1706
APD,208,257.1765
APD,209,256.1339
APD,210,255.1816
APD,211,254.6986
APD,212,263.0967
APD,213,261.6317
APD,214,261.0881
APD,215,259.9781
APD,216,265.1207
APD,217,265.3635
APD,218,263.7381
APD,219,265.8945
APD,220,267.8566
APD,221,262.9855
APD,222,268.5899
APD,223,263.4403
APD,224,259.7761
APD,225,259.7163
APD,226,268.8199
APD,227,271.9684
APD,228,267.3466
APD,229,272.6338
APD,230,271.9449
APD,231,270.5004
APD,232,271.1298
APD,233,271.3439
APD,234,267.8631
APD,235,263.8613
APD,236,265.0443
APD,237,267.2659
APD,238,267.5010
APD,239,269.8469
APD,240,269.2300
APD,241,271.6186
APD,242,278.2849
APD,243,286.0895
APD,244,279.9218
APD,245,271.8727
APD,246,272.5017
APD,247,268.8233
APD,248,274.1733
APD,249,278.0542
APD,250,285.6250
APD,251,287.2182
APD,252,280.3297
APD,253,282.0145
APD,254,280.4801
APD,255,282.3081
APD,256,283.3250
APD,257,277.8711
APD,258,279.8852
APD,259,285.7939
APD,260,284.2992
APD,261,290.9018
APD,262,290.4058
APD,263,283.9368
APD,264,281.5962
APD,265,283.1051
APD,266,279.5022
APD,267,281.7632
APD,268,276.5392
APD,269,276.6934
APD,270,275.7909
APD,271,286.9245
APD,272,282.4465
APD,273,280.6290
APD,274,282.8336
APD,275,285.2862
APD,276,294.4423
APD,277,298.4208
APD,278,291.2837
APD,279,293.9778
APD,280,291.4610
APD,281,290.3451
APD,282,283.7862
APD,283,282.5878
APD,284,282.9012
APD,285,285.1973
APD,286,292.4942
APD,287,293.1765
APD,288,295.7910
APD,289,296.7063
APD,290,292.5737
APD,291,293.3451
APD,292,299.8666
APD,293,308.6066
APD,294,314.5186
APD,295,310.6216
APD,296,317.7915
APD,297,320.1579
APD,298,324.0509
APD,299,328.4633
APD,300,331.9245
APD,301,337.2535
APD,302,338.9606
APD,303,339.1281
APD,304,337.3038
APD,305,340.2709
APD,306,339.3377
APD,307,329.4524
APD,308,324.2410
APD,309,323.8550
APD,310,324.5857
APD,311,319.9751
APD,312,326.7479
APD,313,327.0686
APD,314,329.1112
APD,315,330.6990
APD,316,329.0726
APD,317,322.2056
APD,318,323.2873
APD,319,321.2202
APD,320,325.6488
APD,321,329.2784
APD,322,329.0314
APD,323,327.2032
APD,324,317.3941
APD,325,309.1969
APD,326,311.8890
APD,327,309.0080
APD,328,307.8856
APD,329,313.7476
APD,330,307.6970
APD,331,311.3564
APD,332,306.8170
APD,333,299.6918
APD,334,300.9426
APD,335,300.8140
APD,336,296.8806
APD,337,302.5381
APD,338,292.6254
APD,339,294.9767
APD,340,288.6789
APD,341,290.6724
APD,342,290.4152
APD,343,289.9391
APD,344,289.6275
APD,345,296.8588
APD,346,301.9953
APD,347,306.8601
APD,348,296.6537
APD,349,291.3072
APD,350,293.1464
APD,351,296.3226
APD,352,299.2044
APD,353,305.0242
APD,354,305.0403
APD,355,315.1373
APD,356,313.7043
APD,357,311.7941
APD,358,311.6126
APD,359,314.3805
APD,360,312.8178
APD,361,312.1813
APD,362,312.5091
APD,363,310.7732
APD,364,310.6291
APD,365,314.2017
APD,366,316.9687
APD,367,304.9737
APD,368,309.2690
APD,369,306.6074
APD,370,300.5189
APD,371,297.8071
APD,372,299.2985
APD,373,303.8812
APD,374,307.6796
APD,375,308.6370
APD,376,306.9510
APD,377,305.5649
APD,378,312.4716
APD,379,307.0359
APD,380,302.0018
APD,381,301.5309
APD,382,310.6484
APD,383,312.8507
APD,384,317.7320
APD,385,315.8311
APD,386,314.9949
APD,387,311.2360
APD,388,314.6569
APD,389,304.9820
APD,390,306.6328
APD,391,311.8816
APD,392,310.9328
APD,393,319.2481
APD,394,325.3804
APD,395,323.2660
APD,396,328.4347
APD,397,326.4025
APD,398,324.3193
APD,399,322.5634
APD,400,323.6105
APD,401,324.6613
APD,402,321.5381
APD,403,315.8014
APD,404,305.3405
APD,405,303.6802
APD,406,309.0518
APD,407,309.6968
APD,408,308.2588
APD,409,310.1463
APD,410,307.0740
APD,411,301.6898
APD,412,306.4014
APD,413,315.3269
APD,414,313.4818
APD,415,312.7582
APD,416,315.9324
APD,417,311.0638
APD,418,311.1343
APD,419,309.0485
APD,420,313.8014
APD,421,309.4162
APD,422,308.0796
APD,423,312.9004
APD,424,313.7604
APD,425,314.5312
APD,426,311.4163
APD,427,309.5019
APD,428,302.1089
APD,429,295.8499
APD,430,300.2019
APD,431,300.9782
APD,432,310.4523
APD,433,311.3877
APD,434,306.6778
APD,435,309.0326
APD,436,307.9039
APD,437,306.5718
APD,438,307.6859
APD,439,304.9706
APD,440,311.0624
APD,441,313.0675
APD,442,315.0772
APD,443,319.0846
APD,444,311.8558
APD,445,320.7392
APD,446,313.4774
APD,447,319.2099
APD,448,317.7734
APD,449,322.2466
APD,450,318.5527
APD,451,321.4949
APD,452,327.8859
APD,453,331.7959
APD,454,326.3467
APD,455,331.1357
APD,456,335.0529
APD,457,337.2963
APD,458,341.8743
APD,459,338.8481
APD,460,344.7859
APD,461,350.1474
APD,462,349.9635
APD,463,347.3656
APD,464,337.7965
APD,465,339.3550
APD,466,340.8066
APD,467,346.9416
APD,468,345.6776
APD,469,342.6198
APD,470,353.3322
APD,471,348.9906
APD,472,351.7527
APD,473,352.1127
APD,474,352.2896
APD,475,350.9428
APD,476,345.9795
APD,477,351.6366
APD,478,348.3420
APD,479,352.1472
APD,480,345.1184
APD,481,348.2634
APD,482,348.7641
APD,483,346.2297
APD,484,345.5315
APD,485,350.2769
APD,486,356.4078
APD,487,356.2295
APD,488,358.6009
APD,489,358.2493
APD,490,359.9526
APD,491,368.3459
APD,492,375.3286
APD,493,374.2335
APD,494,383.8528
APD,495,380.9707
APD,496,369.4315
APD,497,369.2988
APD,498,365.3823
APD,499,361.1641
APD,500,364.2820
APD,501,368.3177
APD,502,356.3722
APD,503,353.3454
APD,504,351.0182
FCX,0,45.0000
FCX,1,45.2556
FCX,2,44.7743
FCX,3,45.7392
FCX,4,44.9444
FCX,5,46.1792
FCX,6,47.0038
FCX,7,44.3904
FCX,8,45.2690
FCX,9,43.0900
FCX,10,42.8103
FCX,11,44.7982
FCX,12,43.8018
FCX,13,42.5960
FCX,14,42.6475
FCX,15,41.5878
FCX,16,42.2959
FCX,17,43.0275
FCX,18,41.6622
FCX,19,41.5216
FCX,20,38.5146
FCX,21,38.5445
FCX,22,38.4580
FCX,23,39.0729
FCX,24,39.2050
FCX,25,37.9074
FCX,26,39.4570
FCX,27,39.1962
FCX,28,39.3675
FCX,29,41.5779
FCX,30,39.9051
FCX,31,38.7257
FCX,32,40.6809
FCX,33,39.8050
FCX,34,39.0953
FCX,35,37.1822
FCX,36,35.4253
FCX,37,35.8028
FCX,38,35.7991
FCX,39,35.1664
FCX,40,36.4895
FCX,41,37.0533
FCX,42,35.2101
FCX,43,33.5997
FCX,44,32.7160
FCX,45,31.6826
FCX,46,31.7384
FCX,47,31.4051
FCX,48,31.7914
FCX,49,31.0124
FCX,50,30.5066
FCX,51,30.1504
FCX,52,29.2722
FCX,53,29.0496
FCX,54,28.6240
FCX,55,29.9649
FCX,56,29.3391
FCX,57,28.9109
FCX,58,29.0131
FCX,59,27.5769
FCX,60,28.1343
FCX,61,27.6386
FCX,62,27.0821
FCX,63,27.1983
FCX,64,26.9623
FCX,65,27.3941
FCX,66,26.3432
FCX,67,26.9430
FCX,68,27.4180
FCX,69,26.4157
FCX,70,26.5540
FCX,71,27.3969
FCX,72,26.9110
FCX,73,25.5114
FCX,74,25.1920
FCX,75,23.3332
FCX,76,23.6082
FCX,77,23.6646
FCX,78,23.3244
FCX,79,22.9163
FCX,80,22.2841
FCX,81,23.1318
FCX,82,22.2963
FCX,83,22.1736
FCX,84,21.5082
FCX,85,22.3866
FCX,86,22.0064
FCX,87,22.6384
FCX,88,22.8968
FCX,89,23.0849
FCX,90,23.7813
FCX,91,23.3442
FCX,92,23.8986
FCX,93,22.9333
FCX,94,22.2482
FCX,95,22.6480
FCX,96,22.8807
FCX,97,22.1960
FCX,98,22.3259
FCX,99,22.0025
FCX,100,21.6642
FCX,101,20.9274
FCX,102,20.2893
FCX,103,20.5603
FCX,104,21.4169
FCX,105,22.1881
FCX,106,22.6611
FCX,107,23.2630
FCX,108,24.0664
FCX,109,22.6900
FCX,110,22.8780
FCX,111,22.9237
FCX,112,23.7720
FCX,113,24.8752
FCX,114,24.1199
FCX,115,25.1521
FCX,116,25.4880
FCX,117,26.5062
FCX,118,25.7521
FCX,119,27.2252
FCX,120,26.8662
FCX,121,26.2413
FCX,122,26.7688
FCX,123,25.6833
FCX,124,26.0756
FCX,125,25.2754
FCX,126,25.8941
FCX,127,25.6963
FCX,128,26.9861
FCX,129,26.8407
FCX,130,25.5820
FCX,131,25.7038
FCX,132,26.2619
FCX,133,25.6903
FCX,134,24.9946
FCX,135,24.5345
FCX,136,24.7318
FCX,137,25.1163
FCX,138,24.9581
FCX,139,25.1807
FCX,140,25.4494
FCX,141,24.4022
FCX,142,24.0601
FCX,143,23.8034
FCX,144,23.3550
FCX,145,22.9163
FCX,146,23.2243
FCX,147,22.5764
FCX,148,22.7450
FCX,149,21.7632
FCX,150,21.6702
FCX,151,21.8075
FCX,152,21.7283
FCX,153,21.9448
FCX,154,22.2361
FCX,155,21.0692
FCX,156,23.0004
FCX,157,22.6036
FCX,158,21.6934
FCX,159,21.1182
FCX,160,21.7693
FCX,161,21.0219
FCX,162,20.1111
FCX,163,19.2849
FCX,164,18.2334
FCX,165,18.1572
FCX,166,18.2357
FCX,167,18.8567
FCX,168,18.7138
FCX,169,18.0951
FCX,170,18.5580
FCX,171,18.4971
FCX,172,17.6694
FCX,173,17.1230
FCX,174,17.6840
FCX,175,17.9851
FCX,176,18.1035
FCX,177,18.3540
FCX,178,18.8389
FCX,179,20.5660
FCX,180,19.4389
FCX,181,19.1143
FCX,182,19.7545
FCX,183,19.2663
FCX,184,18.4473
FCX,185,18.6005
FCX,186,19.2840
FCX,187,18.4617
FCX,188,17.2953
FCX,189,17.3906
FCX,190,16.6847
FCX,191,17.3466
FCX,192,17.9992
FCX,193,19.0387
FCX,194,19.5096
FCX,195,19.5259
FCX,196,19.1226
FCX,197,19.0761
FCX,198,18.9872
FCX,199,19.4009
FCX,200,20.5654
FCX,201,21.0618
FCX,202,20.3220
FCX,203,19.5635
FCX,204,19.7249
FCX,205,19.7262
FCX,206,19.3159
FCX,207,19.2592
FCX,208,19.3131
FCX,209,19.5157
FCX,210,18.7395
FCX,211,18.8020
FCX,212,19.4973
FCX,213,19.1728
FCX,214,18.8286
FCX,215,19.0303
FCX,216,19.4399
FCX,217,19.1705
FCX,218,18.6280
FCX,219,18.5363
FCX,220,18.4093
FCX,221,19.0531
FCX,222,18.4243
FCX,223,17.9444
FCX,224,17.9220
FCX,225,18.1754
FCX,226,19.1038
FCX,227,19.0234
FCX,228,18.5775
FCX,229,20.1697
FCX,230,19.9123
FCX,231,19.9798
FCX,232,20.3251
FCX,233,20.0581
FCX,234,19.9308
FCX,235,20.1067
FCX,236,21.4451
FCX,237,22.1136
FCX,238,22.4923
FCX,239,22.9948
FCX,240,21.9395
FCX,241,21.9374
FCX,242,22.3729
FCX,243,23.0011
FCX,244,23.0156
FCX,245,22.4056
FCX,246,24.0077
FCX,247,23.0723
FCX,248,23.4301
FCX,249,24.1674
FCX,250,25.3086
FCX,251,25.9398
FCX,252,24.9752
FCX,253,26.3390
FCX,254,26.1713
FCX,255,27.3586
FCX,256,28.4228
FCX,257,27.6134
FCX,258,26.6640
FCX,259,27.4543
FCX,260,26.7312
FCX,261,27.1441
FCX,262,26.1649
FCX,263,24.6839
FCX,264,24.9600
FCX,265,25.2899
FCX,266,25.5956
FCX,267,24.8239
FCX,268,24.8886
FCX,269,26.0536
FCX,270,25.3669
FCX,271,25.7347
FCX,272,25.2437
FCX,273,25.2079
FCX,274,24.9859
FCX,275,25.6390
FCX,276,26.2875
FCX,277,26.8470
FCX,278,25.7977
FCX,279,25.9381
FCX,280,25.7054
FCX,281,26.3435
FCX,282,25.8103
FCX,283,25.0433
FCX,284,24.2459
FCX,285,23.5659
FCX,286,24.2911
FCX,287,23.7342
FCX,288,24.4996
FCX,289,23.6772
FCX,290,23.9008
FCX,291,24.1498
FCX,292,25.2791
FCX,293,25.1507
FCX,294,26.1319
FCX,295,25.9298
FCX,296,25.7345
FCX,297,26.0192
FCX,298,27.0406
FCX,299,27.8325
FCX,300,27.9444
FCX,301,28.5395
FCX,302,28.4435
FCX,303,28.6238
FCX,304,28.3418
FCX,305,29.3727
FCX,306,29.5876
FCX,307,29.7005
FCX,308,29.0943
FCX,309,27.4160
FCX,310,27.0091
FCX,311,26.7239
FCX,312,28.0595
FCX,313,27.6615
FCX,314,28.0055
FCX,315,29.0377
FCX,316,28.9313
FCX,317,27.8801
FCX,318,28.3938
FCX,319,28.6019
FCX,320,28.2876
FCX,321,28.9721
FCX,322,29.7112
FCX,323,29.4201
FCX,324,28.4944
FCX,325,26.6294
FCX,326,26.1888
FCX,327,25.0569
FCX,328,24.8537
FCX,329,24.9671
FCX,330,24.5819
FCX,331,25.4263
FCX,332,26.0150
FCX,333,25.3323
FCX,334,25.4824
FCX,335,25.6039
FCX,336,24.8515
FCX,337,24.4907
FCX,338,23.5929
FCX,339,24.2118
FCX,340,24.5090
FCX,341,25.0490
FCX,342,25.8476
FCX,343,25.2792
FCX,344,25.1701
FCX,345,25.5730
FCX,346,26.1503
FCX,347,25.5677
FCX,348,24.3407
FCX,349,24.7916
FCX,350,24.8942
FCX,351,26.0437
FCX,352,26.2694
FCX,353,25.2721
FCX,354,24.9920
FCX,355,25.3702
FCX,356,25.6517
FCX,357,25.9820
FCX,358,25.9063
FCX,359,25.6411
FCX,360,27.0251
FCX,361,26.2588
FCX,362,26.0204
FCX,363,26.2287
FCX,364,25.9968
FCX,365,25.4989
FCX,366,26.0869
FCX,367,24.7806
FCX,368,24.6329
FCX,369,24.5883
FCX,370,24.4360
FCX,371,24.2538
FCX,372,23.2305
FCX,373,23.4255
FCX,374,24.1034
FCX,375,23.5941
FCX,376,23.4984
FCX,377,22.8056
FCX,378,23.5045
FCX,379,22.4486
FCX,380,22.5283
FCX,381,22.7795
FCX,382,22.5805
FCX,383,23.2081
FCX,384,24.6837
FCX,385,23.9751
FCX,386,22.9732
FCX,387,23.5279
FCX,388,23.1515
FCX,389,22.2331
FCX,390,21.8374
FCX,391,22.2733
FCX,392,22.6919
FCX,393,23.0104
FCX,394,23.7048
FCX,395,23.1567
FCX,396,22.9852
FCX,397,23.2899
FCX,398,23.3635
FCX,399,23.0228
FCX,400,24.0320
FCX,401,24.0540
FCX,402,23.9673
FCX,403,22.9179
FCX,404,22.6371
FCX,405,21.9629
FCX,406,22.3078
FCX,407,21.0963
FCX,408,21.4645
FCX,409,21.6178
FCX,410,20.1832
FCX,411,20.2812
FCX,412,21.1488
FCX,413,21.5581
FCX,414,20.5220
FCX,415,20.4217
FCX,416,20.5129
FCX,417,19.9030
FCX,418,19.4312
FCX,419,19.1085
FCX,420,19.2606
FCX,421,18.3374
FCX,422,17.6796
FCX,423,17.8893
FCX,424,18.4707
FCX,425,18.0757
FCX,426,18.7145
FCX,427,19.1531
FCX,428,18.3944
FCX,429,18.3708
FCX,430,18.3288
FCX,431,18.1147
FCX,432,19.2315
FCX,433,18.6578
FCX,434,18.1401
FCX,435,18.1872
FCX,436,18.6237
FCX,437,18.6847
FCX,438,19.2614
FCX,439,18.7032
FCX,440,18.4723
FCX,441,18.3417
FCX,442,18.2117
FCX,443,18.6972
FCX,444,18.3091
FCX,445,19.3406
FCX,446,19.0744
FCX,447,19.7118
FCX,448,19.5305
FCX,449,20.0034
FCX,450,19.1583
FCX,451,19.6435
FCX,452,19.4037
FCX,453,18.7592
FCX,454,18.2205
FCX,455,18.2029
FCX,456,18.1929
FCX,457,17.4141
FCX,458,17.7071
FCX,459,17.1438
FCX,460,17.3458
FCX,461,17.5012
FCX,462,17.4896
FCX,463,17.3700
FCX,464,16.7600
FCX,465,16.3293
FCX,466,16.4569
FCX,467,16.5330
FCX,468,16.7570
FCX,469,16.7711
FCX,470,16.8506
FCX,471,16.6877
FCX,472,16.8046
FCX,473,16.7517
FCX,474,16.9589
FCX,475,17.2276
FCX,476,16.6509
FCX,477,16.5774
FCX,478,16.4503
FCX,479,16.5751
FCX,480,15.5863
FCX,481,15.7568
FCX,482,16.4292
FCX,483,16.6510
FCX,484,17.2732
FCX,485,17.4717
FCX,486,18.0569
FCX,487,18.2370
FCX,488,18.7855
FCX,489,18.6565
FCX,490,18.9430
FCX,491,19.2893
FCX,492,19.6528
FCX,493,19.6539
FCX,494,20.3849
FCX,495,19.9377
FCX,496,18.8416
FCX,497,18.8600
FCX,498,19.1882
FCX,499,18.6609
FCX,500,18.2544
FCX,501,18.5965
FCX,502,18.1690
FCX,503,18.3798
FCX,504,18.1179
